file_path,file_type,category,description,source_status,canonical_status,duplicate_status,superseded_status,evidence_relevance,research_relevance,product_relevance,prototype_relevance,redistribution_status,notes
final docs(1),,OTHER,File located at final docs(1),VALIDATED,SUPPORTING,POTENTIAL_HISTORICAL_DUPLICATE,SUPERSEDED_BY_CANONICAL,MEDIUM,LOW,HIGH,LOW,PUBLIC_OPEN_SOURCE,Audited during master repository consolidation
IDEATION_STATUS.md,.md,OTHER,File located at IDEATION_STATUS.md,VALIDATED,SUPPORTING,POTENTIAL_HISTORICAL_DUPLICATE,SUPERSEDED_BY_CANONICAL,MEDIUM,LOW,LOW,LOW,PUBLIC_OPEN_SOURCE,Audited during master repository consolidation
PRIMARINE_EVIDENCE.zip,.zip,LEGACY_EVIDENCE,File located at PRIMARINE_EVIDENCE.zip,HISTORICAL_FREEZE,HISTORICAL,POTENTIAL_HISTORICAL_DUPLICATE,SUPERSEDED_BY_CANONICAL,MEDIUM,LOW,LOW,LOW,INTERNAL_BACKUP,Audited during master repository consolidation
PRIMARINE_FINAL_SIH 2026 PS-26006.zip,.zip,LEGACY_EVIDENCE,File located at PRIMARINE_FINAL_SIH 2026 PS-26006.zip,HISTORICAL_FREEZE,HISTORICAL,POTENTIAL_HISTORICAL_DUPLICATE,SUPERSEDED_BY_CANONICAL,MEDIUM,LOW,LOW,LOW,INTERNAL_BACKUP,Audited during master repository consolidation
PRIMARINE_FINAL_SIH2026.zip,.zip,LEGACY_EVIDENCE,File located at PRIMARINE_FINAL_SIH2026.zip,HISTORICAL_FREEZE,HISTORICAL,POTENTIAL_HISTORICAL_DUPLICATE,SUPERSEDED_BY_CANONICAL,MEDIUM,LOW,LOW,LOW,INTERNAL_BACKUP,Audited during master repository consolidation
PRIMARINE_FULL_ARCHITECTURE.md,.md,OTHER,File located at PRIMARINE_FULL_ARCHITECTURE.md,VALIDATED,SUPPORTING,POTENTIAL_HISTORICAL_DUPLICATE,SUPERSEDED_BY_CANONICAL,MEDIUM,LOW,LOW,LOW,PUBLIC_OPEN_SOURCE,Audited during master repository consolidation
PRIMARINE_FULL_TECHNICAL_ARCHITECTURE.png,.png,OTHER,File located at PRIMARINE_FULL_TECHNICAL_ARCHITECTURE.png,VALIDATED,SUPPORTING,POTENTIAL_HISTORICAL_DUPLICATE,SUPERSEDED_BY_CANONICAL,MEDIUM,LOW,LOW,LOW,PUBLIC_OPEN_SOURCE,Audited during master repository consolidation
PRIMARINE_FULL_TECHNICAL_ARCHITECTURE.svg,.svg,OTHER,File located at PRIMARINE_FULL_TECHNICAL_ARCHITECTURE.svg,VALIDATED,SUPPORTING,POTENTIAL_HISTORICAL_DUPLICATE,SUPERSEDED_BY_CANONICAL,MEDIUM,LOW,LOW,LOW,PUBLIC_OPEN_SOURCE,Audited during master repository consolidation
PRIMARINE_IDEATION_EVIDENCE_SIH2026.zip,.zip,LEGACY_EVIDENCE,File located at PRIMARINE_IDEATION_EVIDENCE_SIH2026.zip,HISTORICAL_FREEZE,HISTORICAL,POTENTIAL_HISTORICAL_DUPLICATE,SUPERSEDED_BY_CANONICAL,MEDIUM,LOW,LOW,LOW,INTERNAL_BACKUP,Audited during master repository consolidation
package-lock.json,.json,OTHER,File located at package-lock.json,VALIDATED,SUPPORTING,POTENTIAL_HISTORICAL_DUPLICATE,SUPERSEDED_BY_CANONICAL,MEDIUM,LOW,LOW,LOW,PUBLIC_OPEN_SOURCE,Audited during master repository consolidation
package.json,.json,OTHER,File located at package.json,VALIDATED,SUPPORTING,POTENTIAL_HISTORICAL_DUPLICATE,SUPERSEDED_BY_CANONICAL,MEDIUM,LOW,LOW,LOW,PUBLIC_OPEN_SOURCE,Audited during master repository consolidation
PROJECT_STATUS.md,.md,OTHER,File located at PROJECT_STATUS.md,VALIDATED,SUPPORTING,POTENTIAL_HISTORICAL_DUPLICATE,SUPERSEDED_BY_CANONICAL,MEDIUM,LOW,LOW,LOW,PUBLIC_OPEN_SOURCE,Audited during master repository consolidation
SIH(4).md,.md,OTHER,File located at SIH(4).md,VALIDATED,SUPPORTING,POTENTIAL_HISTORICAL_DUPLICATE,SUPERSEDED_BY_CANONICAL,MEDIUM,LOW,LOW,LOW,PUBLIC_OPEN_SOURCE,Audited during master repository consolidation
SIH_PS26006_Comprehensive_Technical_Concept(2).md,.md,OTHER,File located at SIH_PS26006_Comprehensive_Technical_Concept(2).md,VALIDATED,SUPPORTING,POTENTIAL_HISTORICAL_DUPLICATE,SUPERSEDED_BY_CANONICAL,MEDIUM,LOW,LOW,LOW,PUBLIC_OPEN_SOURCE,Audited during master repository consolidation
architecture\README.md,.md,OTHER,File located at architecture\README.md,VALIDATED,SUPPORTING,POTENTIAL_HISTORICAL_DUPLICATE,SUPERSEDED_BY_CANONICAL,MEDIUM,LOW,HIGH,LOW,PUBLIC_OPEN_SOURCE,Audited during master repository consolidation
architecture\output\PRIMARINE_FULL_TECHNICAL_ARCHITECTURE.png,.png,OTHER,File located at architecture\output\PRIMARINE_FULL_TECHNICAL_ARCHITECTURE.png,VALIDATED,SUPPORTING,POTENTIAL_HISTORICAL_DUPLICATE,SUPERSEDED_BY_CANONICAL,MEDIUM,LOW,HIGH,LOW,PUBLIC_OPEN_SOURCE,Audited during master repository consolidation
architecture\output\PRIMARINE_FULL_TECHNICAL_ARCHITECTURE.svg,.svg,OTHER,File located at architecture\output\PRIMARINE_FULL_TECHNICAL_ARCHITECTURE.svg,VALIDATED,SUPPORTING,POTENTIAL_HISTORICAL_DUPLICATE,SUPERSEDED_BY_CANONICAL,MEDIUM,LOW,HIGH,LOW,PUBLIC_OPEN_SOURCE,Audited during master repository consolidation
architecture\src\architecture.css,.css,OTHER,File located at architecture\src\architecture.css,VALIDATED,SUPPORTING,POTENTIAL_HISTORICAL_DUPLICATE,SUPERSEDED_BY_CANONICAL,MEDIUM,LOW,HIGH,LOW,PUBLIC_OPEN_SOURCE,Audited during master repository consolidation
architecture\src\architectureData.ts,.ts,OTHER,File located at architecture\src\architectureData.ts,VALIDATED,SUPPORTING,POTENTIAL_HISTORICAL_DUPLICATE,SUPERSEDED_BY_CANONICAL,MEDIUM,LOW,HIGH,LOW,PUBLIC_OPEN_SOURCE,Audited during master repository consolidation
architecture\src\exportArchitecture.ts,.ts,OTHER,File located at architecture\src\exportArchitecture.ts,VALIDATED,SUPPORTING,POTENTIAL_HISTORICAL_DUPLICATE,SUPERSEDED_BY_CANONICAL,MEDIUM,LOW,HIGH,LOW,PUBLIC_OPEN_SOURCE,Audited during master repository consolidation
architecture\src\export_svg.js,.js,OTHER,File located at architecture\src\export_svg.js,VALIDATED,SUPPORTING,POTENTIAL_HISTORICAL_DUPLICATE,SUPERSEDED_BY_CANONICAL,MEDIUM,LOW,HIGH,LOW,PUBLIC_OPEN_SOURCE,Audited during master repository consolidation
architecture\src\generateSVG.ts,.ts,OTHER,File located at architecture\src\generateSVG.ts,VALIDATED,SUPPORTING,POTENTIAL_HISTORICAL_DUPLICATE,SUPERSEDED_BY_CANONICAL,MEDIUM,LOW,HIGH,LOW,PUBLIC_OPEN_SOURCE,Audited during master repository consolidation
architecture\src\PRIMARINEArchitecture.tsx,.tsx,OTHER,File located at architecture\src\PRIMARINEArchitecture.tsx,VALIDATED,SUPPORTING,POTENTIAL_HISTORICAL_DUPLICATE,SUPERSEDED_BY_CANONICAL,MEDIUM,LOW,HIGH,LOW,PUBLIC_OPEN_SOURCE,Audited during master repository consolidation
architecture\src\render_png.js,.js,OTHER,File located at architecture\src\render_png.js,VALIDATED,SUPPORTING,POTENTIAL_HISTORICAL_DUPLICATE,SUPERSEDED_BY_CANONICAL,MEDIUM,LOW,HIGH,LOW,PUBLIC_OPEN_SOURCE,Audited during master repository consolidation
data\processed\freight_features_dataset.csv,.csv,OTHER,File located at data\processed\freight_features_dataset.csv,VALIDATED,SUPPORTING,POTENTIAL_HISTORICAL_DUPLICATE,SUPERSEDED_BY_CANONICAL,HIGH,LOW,LOW,LOW,PUBLIC_OPEN_SOURCE,Audited during master repository consolidation
data\raw\bunker_brent_BZ_F.csv,.csv,OTHER,File located at data\raw\bunker_brent_BZ_F.csv,VALIDATED,SUPPORTING,POTENTIAL_HISTORICAL_DUPLICATE,SUPERSEDED_BY_CANONICAL,HIGH,LOW,LOW,LOW,PUBLIC_OPEN_SOURCE,Audited during master repository consolidation
data\raw\consolidated_raw_freight_data.csv,.csv,OTHER,File located at data\raw\consolidated_raw_freight_data.csv,VALIDATED,SUPPORTING,POTENTIAL_HISTORICAL_DUPLICATE,SUPERSEDED_BY_CANONICAL,HIGH,LOW,LOW,LOW,PUBLIC_OPEN_SOURCE,Audited during master repository consolidation
data\raw\macro_dxy_DX_Y.NYB.csv,.csv,OTHER,File located at data\raw\macro_dxy_DX_Y.NYB.csv,VALIDATED,SUPPORTING,POTENTIAL_HISTORICAL_DUPLICATE,SUPERSEDED_BY_CANONICAL,HIGH,LOW,LOW,LOW,PUBLIC_OPEN_SOURCE,Audited during master repository consolidation
data\raw\macro_usdinr_INR_X.csv,.csv,OTHER,File located at data\raw\macro_usdinr_INR_X.csv,VALIDATED,SUPPORTING,POTENTIAL_HISTORICAL_DUPLICATE,SUPERSEDED_BY_CANONICAL,HIGH,LOW,LOW,LOW,PUBLIC_OPEN_SOURCE,Audited during master repository consolidation
data\raw\miner_bhp_BHP.csv,.csv,OTHER,File located at data\raw\miner_bhp_BHP.csv,VALIDATED,SUPPORTING,POTENTIAL_HISTORICAL_DUPLICATE,SUPERSEDED_BY_CANONICAL,HIGH,LOW,LOW,LOW,PUBLIC_OPEN_SOURCE,Audited during master repository consolidation
data\raw\miner_vale_VALE.csv,.csv,OTHER,File located at data\raw\miner_vale_VALE.csv,VALIDATED,SUPPORTING,POTENTIAL_HISTORICAL_DUPLICATE,SUPERSEDED_BY_CANONICAL,HIGH,LOW,LOW,LOW,PUBLIC_OPEN_SOURCE,Audited during master repository consolidation
data\raw\target_bdry_BDRY.csv,.csv,OTHER,File located at data\raw\target_bdry_BDRY.csv,VALIDATED,SUPPORTING,POTENTIAL_HISTORICAL_DUPLICATE,SUPERSEDED_BY_CANONICAL,HIGH,LOW,LOW,LOW,PUBLIC_OPEN_SOURCE,Audited during master repository consolidation
docs\PRIMARINE_PRODUCT_BLUEPRINT\01_ORIGINAL_PRIMARINE_VISION.md,.md,OTHER,File located at docs\PRIMARINE_PRODUCT_BLUEPRINT\01_ORIGINAL_PRIMARINE_VISION.md,VALIDATED,SUPPORTING,POTENTIAL_HISTORICAL_DUPLICATE,SUPERSEDED_BY_CANONICAL,MEDIUM,LOW,HIGH,LOW,PUBLIC_OPEN_SOURCE,Audited during master repository consolidation
docs\PRIMARINE_PRODUCT_BLUEPRINT\02_WHAT_WE_ACTUALLY_COMPLETED.md,.md,OTHER,File located at docs\PRIMARINE_PRODUCT_BLUEPRINT\02_WHAT_WE_ACTUALLY_COMPLETED.md,VALIDATED,SUPPORTING,POTENTIAL_HISTORICAL_DUPLICATE,SUPERSEDED_BY_CANONICAL,MEDIUM,LOW,HIGH,LOW,PUBLIC_OPEN_SOURCE,Audited during master repository consolidation
docs\PRIMARINE_PRODUCT_BLUEPRINT\03_WHAT_IS_NOT_IMPLEMENTED.md,.md,OTHER,File located at docs\PRIMARINE_PRODUCT_BLUEPRINT\03_WHAT_IS_NOT_IMPLEMENTED.md,VALIDATED,SUPPORTING,POTENTIAL_HISTORICAL_DUPLICATE,SUPERSEDED_BY_CANONICAL,MEDIUM,LOW,HIGH,LOW,PUBLIC_OPEN_SOURCE,Audited during master repository consolidation
docs\PRIMARINE_PRODUCT_BLUEPRINT\04_DATA_AND_API_REQUIREMENTS.md,.md,OTHER,File located at docs\PRIMARINE_PRODUCT_BLUEPRINT\04_DATA_AND_API_REQUIREMENTS.md,VALIDATED,SUPPORTING,POTENTIAL_HISTORICAL_DUPLICATE,SUPERSEDED_BY_CANONICAL,MEDIUM,LOW,HIGH,LOW,PUBLIC_OPEN_SOURCE,Audited during master repository consolidation
docs\PRIMARINE_PRODUCT_BLUEPRINT\05_RESEARCH_TO_PRODUCT_MAPPING.md,.md,OTHER,File located at docs\PRIMARINE_PRODUCT_BLUEPRINT\05_RESEARCH_TO_PRODUCT_MAPPING.md,VALIDATED,SUPPORTING,POTENTIAL_HISTORICAL_DUPLICATE,SUPERSEDED_BY_CANONICAL,MEDIUM,LOW,HIGH,LOW,PUBLIC_OPEN_SOURCE,Audited during master repository consolidation
docs\PRIMARINE_PRODUCT_BLUEPRINT\06_COMPLETE_SYSTEM_ARCHITECTURE.md,.md,OTHER,File located at docs\PRIMARINE_PRODUCT_BLUEPRINT\06_COMPLETE_SYSTEM_ARCHITECTURE.md,VALIDATED,SUPPORTING,POTENTIAL_HISTORICAL_DUPLICATE,SUPERSEDED_BY_CANONICAL,MEDIUM,LOW,HIGH,LOW,PUBLIC_OPEN_SOURCE,Audited during master repository consolidation
docs\PRIMARINE_PRODUCT_BLUEPRINT\07_USER_WORKFLOW.md,.md,OTHER,File located at docs\PRIMARINE_PRODUCT_BLUEPRINT\07_USER_WORKFLOW.md,VALIDATED,SUPPORTING,POTENTIAL_HISTORICAL_DUPLICATE,SUPERSEDED_BY_CANONICAL,MEDIUM,LOW,HIGH,LOW,PUBLIC_OPEN_SOURCE,Audited during master repository consolidation
docs\PRIMARINE_PRODUCT_BLUEPRINT\08_MINIMUM_PROTOTYPE_SPEC.md,.md,OTHER,File located at docs\PRIMARINE_PRODUCT_BLUEPRINT\08_MINIMUM_PROTOTYPE_SPEC.md,VALIDATED,SUPPORTING,POTENTIAL_HISTORICAL_DUPLICATE,SUPERSEDED_BY_CANONICAL,MEDIUM,LOW,HIGH,LOW,PUBLIC_OPEN_SOURCE,Audited during master repository consolidation
docs\PRIMARINE_PRODUCT_BLUEPRINT\09_PROTOTYPE_ARCHITECTURE.md,.md,OTHER,File located at docs\PRIMARINE_PRODUCT_BLUEPRINT\09_PROTOTYPE_ARCHITECTURE.md,VALIDATED,SUPPORTING,POTENTIAL_HISTORICAL_DUPLICATE,SUPERSEDED_BY_CANONICAL,MEDIUM,LOW,HIGH,LOW,PUBLIC_OPEN_SOURCE,Audited during master repository consolidation
docs\PRIMARINE_PRODUCT_BLUEPRINT\10_FUTURE_API_INTEGRATION_ROADMAP.md,.md,OTHER,File located at docs\PRIMARINE_PRODUCT_BLUEPRINT\10_FUTURE_API_INTEGRATION_ROADMAP.md,VALIDATED,SUPPORTING,POTENTIAL_HISTORICAL_DUPLICATE,SUPERSEDED_BY_CANONICAL,MEDIUM,LOW,HIGH,LOW,PUBLIC_OPEN_SOURCE,Audited during master repository consolidation
docs\PRIMARINE_PRODUCT_BLUEPRINT\11_IMPLEMENTATION_ROADMAP.md,.md,OTHER,File located at docs\PRIMARINE_PRODUCT_BLUEPRINT\11_IMPLEMENTATION_ROADMAP.md,VALIDATED,SUPPORTING,POTENTIAL_HISTORICAL_DUPLICATE,SUPERSEDED_BY_CANONICAL,MEDIUM,LOW,HIGH,LOW,PUBLIC_OPEN_SOURCE,Audited during master repository consolidation
docs\PRIMARINE_PRODUCT_BLUEPRINT\12_MASTER_STATUS_MATRIX.md,.md,OTHER,File located at docs\PRIMARINE_PRODUCT_BLUEPRINT\12_MASTER_STATUS_MATRIX.md,VALIDATED,SUPPORTING,POTENTIAL_HISTORICAL_DUPLICATE,SUPERSEDED_BY_CANONICAL,MEDIUM,LOW,HIGH,LOW,PUBLIC_OPEN_SOURCE,Audited during master repository consolidation
docs\PRIMARINE_PRODUCT_BLUEPRINT\13_DEMO_SCRIPT.md,.md,OTHER,File located at docs\PRIMARINE_PRODUCT_BLUEPRINT\13_DEMO_SCRIPT.md,VALIDATED,SUPPORTING,POTENTIAL_HISTORICAL_DUPLICATE,SUPERSEDED_BY_CANONICAL,MEDIUM,LOW,HIGH,LOW,PUBLIC_OPEN_SOURCE,Audited during master repository consolidation
docs\PRIMARINE_PRODUCT_BLUEPRINT\14_CURRENT_PROJECT_STATUS.md,.md,OTHER,File located at docs\PRIMARINE_PRODUCT_BLUEPRINT\14_CURRENT_PROJECT_STATUS.md,VALIDATED,SUPPORTING,POTENTIAL_HISTORICAL_DUPLICATE,SUPERSEDED_BY_CANONICAL,MEDIUM,LOW,HIGH,LOW,PUBLIC_OPEN_SOURCE,Audited during master repository consolidation
docs\PRIMARINE_PRODUCT_BLUEPRINT\15_PRIMARINE_TRUTH_MAP.md,.md,OTHER,File located at docs\PRIMARINE_PRODUCT_BLUEPRINT\15_PRIMARINE_TRUTH_MAP.md,VALIDATED,SUPPORTING,POTENTIAL_HISTORICAL_DUPLICATE,SUPERSEDED_BY_CANONICAL,MEDIUM,LOW,HIGH,LOW,PUBLIC_OPEN_SOURCE,Audited during master repository consolidation
docs\PRIMARINE_PRODUCT_BLUEPRINT\PRIMARINE_PRODUCT_PPT_OUTLINE.md,.md,OTHER,File located at docs\PRIMARINE_PRODUCT_BLUEPRINT\PRIMARINE_PRODUCT_PPT_OUTLINE.md,VALIDATED,SUPPORTING,POTENTIAL_HISTORICAL_DUPLICATE,SUPERSEDED_BY_CANONICAL,MEDIUM,LOW,HIGH,LOW,PUBLIC_OPEN_SOURCE,Audited during master repository consolidation
PRIMARINE_EVIDENCE\claims.md,.md,LEGACY_EVIDENCE,File located at PRIMARINE_EVIDENCE\claims.md,HISTORICAL_FREEZE,HISTORICAL,POTENTIAL_HISTORICAL_DUPLICATE,SUPERSEDED_BY_CANONICAL,MEDIUM,LOW,LOW,LOW,PUBLIC_OPEN_SOURCE,Audited during master repository consolidation
PRIMARINE_EVIDENCE\data_sources.md,.md,LEGACY_EVIDENCE,File located at PRIMARINE_EVIDENCE\data_sources.md,HISTORICAL_FREEZE,HISTORICAL,POTENTIAL_HISTORICAL_DUPLICATE,SUPERSEDED_BY_CANONICAL,HIGH,LOW,LOW,LOW,PUBLIC_OPEN_SOURCE,Audited during master repository consolidation
PRIMARINE_EVIDENCE\experiment_summary.md,.md,LEGACY_EVIDENCE,File located at PRIMARINE_EVIDENCE\experiment_summary.md,HISTORICAL_FREEZE,HISTORICAL,POTENTIAL_HISTORICAL_DUPLICATE,SUPERSEDED_BY_CANONICAL,MEDIUM,LOW,LOW,LOW,PUBLIC_OPEN_SOURCE,Audited during master repository consolidation
PRIMARINE_EVIDENCE\limitations.md,.md,LEGACY_EVIDENCE,File located at PRIMARINE_EVIDENCE\limitations.md,HISTORICAL_FREEZE,HISTORICAL,POTENTIAL_HISTORICAL_DUPLICATE,SUPERSEDED_BY_CANONICAL,MEDIUM,LOW,LOW,LOW,PUBLIC_OPEN_SOURCE,Audited during master repository consolidation
PRIMARINE_EVIDENCE\metrics_summary.csv,.csv,LEGACY_EVIDENCE,File located at PRIMARINE_EVIDENCE\metrics_summary.csv,HISTORICAL_FREEZE,HISTORICAL,POTENTIAL_HISTORICAL_DUPLICATE,SUPERSEDED_BY_CANONICAL,MEDIUM,LOW,LOW,LOW,PUBLIC_OPEN_SOURCE,Audited during master repository consolidation
PRIMARINE_EVIDENCE\figures\feature_importance.png,.png,LEGACY_EVIDENCE,File located at PRIMARINE_EVIDENCE\figures\feature_importance.png,HISTORICAL_FREEZE,HISTORICAL,POTENTIAL_HISTORICAL_DUPLICATE,SUPERSEDED_BY_CANONICAL,MEDIUM,LOW,LOW,LOW,PUBLIC_OPEN_SOURCE,Audited during master repository consolidation
PRIMARINE_EVIDENCE\figures\PRIMARINE_forecast_evidence.png,.png,LEGACY_EVIDENCE,File located at PRIMARINE_EVIDENCE\figures\PRIMARINE_forecast_evidence.png,HISTORICAL_FREEZE,HISTORICAL,POTENTIAL_HISTORICAL_DUPLICATE,SUPERSEDED_BY_CANONICAL,MEDIUM,LOW,LOW,LOW,PUBLIC_OPEN_SOURCE,Audited during master repository consolidation
PRIMARINE_EVIDENCE\figures\model_backtest_comparison.png,.png,LEGACY_EVIDENCE,File located at PRIMARINE_EVIDENCE\figures\model_backtest_comparison.png,HISTORICAL_FREEZE,HISTORICAL,POTENTIAL_HISTORICAL_DUPLICATE,SUPERSEDED_BY_CANONICAL,MEDIUM,LOW,LOW,LOW,PUBLIC_OPEN_SOURCE,Audited during master repository consolidation
PRIMARINE_FINAL\PROJECT_STATUS.md,.md,LEGACY_EVIDENCE,File located at PRIMARINE_FINAL\PROJECT_STATUS.md,HISTORICAL_FREEZE,HISTORICAL,POTENTIAL_HISTORICAL_DUPLICATE,SUPERSEDED_BY_CANONICAL,MEDIUM,LOW,LOW,LOW,PUBLIC_OPEN_SOURCE,Audited during master repository consolidation
PRIMARINE_FINAL\data\processed\freight_features_dataset.csv,.csv,LEGACY_EVIDENCE,File located at PRIMARINE_FINAL\data\processed\freight_features_dataset.csv,HISTORICAL_FREEZE,HISTORICAL,POTENTIAL_HISTORICAL_DUPLICATE,SUPERSEDED_BY_CANONICAL,HIGH,LOW,LOW,LOW,PUBLIC_OPEN_SOURCE,Audited during master repository consolidation
PRIMARINE_FINAL\data\raw\bunker_brent_BZ_F.csv,.csv,LEGACY_EVIDENCE,File located at PRIMARINE_FINAL\data\raw\bunker_brent_BZ_F.csv,HISTORICAL_FREEZE,HISTORICAL,POTENTIAL_HISTORICAL_DUPLICATE,SUPERSEDED_BY_CANONICAL,HIGH,LOW,LOW,LOW,PUBLIC_OPEN_SOURCE,Audited during master repository consolidation
PRIMARINE_FINAL\data\raw\consolidated_raw_freight_data.csv,.csv,LEGACY_EVIDENCE,File located at PRIMARINE_FINAL\data\raw\consolidated_raw_freight_data.csv,HISTORICAL_FREEZE,HISTORICAL,POTENTIAL_HISTORICAL_DUPLICATE,SUPERSEDED_BY_CANONICAL,HIGH,LOW,LOW,LOW,PUBLIC_OPEN_SOURCE,Audited during master repository consolidation
PRIMARINE_FINAL\data\raw\macro_dxy_DX_Y.NYB.csv,.csv,LEGACY_EVIDENCE,File located at PRIMARINE_FINAL\data\raw\macro_dxy_DX_Y.NYB.csv,HISTORICAL_FREEZE,HISTORICAL,POTENTIAL_HISTORICAL_DUPLICATE,SUPERSEDED_BY_CANONICAL,HIGH,LOW,LOW,LOW,PUBLIC_OPEN_SOURCE,Audited during master repository consolidation
PRIMARINE_FINAL\data\raw\macro_usdinr_INR_X.csv,.csv,LEGACY_EVIDENCE,File located at PRIMARINE_FINAL\data\raw\macro_usdinr_INR_X.csv,HISTORICAL_FREEZE,HISTORICAL,POTENTIAL_HISTORICAL_DUPLICATE,SUPERSEDED_BY_CANONICAL,HIGH,LOW,LOW,LOW,PUBLIC_OPEN_SOURCE,Audited during master repository consolidation
PRIMARINE_FINAL\data\raw\miner_bhp_BHP.csv,.csv,LEGACY_EVIDENCE,File located at PRIMARINE_FINAL\data\raw\miner_bhp_BHP.csv,HISTORICAL_FREEZE,HISTORICAL,POTENTIAL_HISTORICAL_DUPLICATE,SUPERSEDED_BY_CANONICAL,HIGH,LOW,LOW,LOW,PUBLIC_OPEN_SOURCE,Audited during master repository consolidation
PRIMARINE_FINAL\data\raw\miner_vale_VALE.csv,.csv,LEGACY_EVIDENCE,File located at PRIMARINE_FINAL\data\raw\miner_vale_VALE.csv,HISTORICAL_FREEZE,HISTORICAL,POTENTIAL_HISTORICAL_DUPLICATE,SUPERSEDED_BY_CANONICAL,HIGH,LOW,LOW,LOW,PUBLIC_OPEN_SOURCE,Audited during master repository consolidation
PRIMARINE_FINAL\data\raw\target_bdry_BDRY.csv,.csv,LEGACY_EVIDENCE,File located at PRIMARINE_FINAL\data\raw\target_bdry_BDRY.csv,HISTORICAL_FREEZE,HISTORICAL,POTENTIAL_HISTORICAL_DUPLICATE,SUPERSEDED_BY_CANONICAL,HIGH,LOW,LOW,LOW,PUBLIC_OPEN_SOURCE,Audited during master repository consolidation
PRIMARINE_FINAL\figures\ideation_evidence\01_PRIMARINE_system_architecture.png,.png,LEGACY_EVIDENCE,File located at PRIMARINE_FINAL\figures\ideation_evidence\01_PRIMARINE_system_architecture.png,HISTORICAL_FREEZE,HISTORICAL,POTENTIAL_HISTORICAL_DUPLICATE,SUPERSEDED_BY_CANONICAL,MEDIUM,LOW,HIGH,LOW,PUBLIC_OPEN_SOURCE,Audited during master repository consolidation
PRIMARINE_FINAL\figures\ideation_evidence\02_point_forecast_reality.png,.png,LEGACY_EVIDENCE,File located at PRIMARINE_FINAL\figures\ideation_evidence\02_point_forecast_reality.png,HISTORICAL_FREEZE,HISTORICAL,POTENTIAL_HISTORICAL_DUPLICATE,SUPERSEDED_BY_CANONICAL,MEDIUM,LOW,LOW,LOW,PUBLIC_OPEN_SOURCE,Audited during master repository consolidation
PRIMARINE_FINAL\figures\ideation_evidence\03_turning_point_f1.png,.png,LEGACY_EVIDENCE,File located at PRIMARINE_FINAL\figures\ideation_evidence\03_turning_point_f1.png,HISTORICAL_FREEZE,HISTORICAL,POTENTIAL_HISTORICAL_DUPLICATE,SUPERSEDED_BY_CANONICAL,MEDIUM,LOW,LOW,LOW,PUBLIC_OPEN_SOURCE,Audited during master repository consolidation
PRIMARINE_FINAL\figures\ideation_evidence\04_directional_accuracy.png,.png,LEGACY_EVIDENCE,File located at PRIMARINE_FINAL\figures\ideation_evidence\04_directional_accuracy.png,HISTORICAL_FREEZE,HISTORICAL,POTENTIAL_HISTORICAL_DUPLICATE,SUPERSEDED_BY_CANONICAL,MEDIUM,LOW,LOW,LOW,PUBLIC_OPEN_SOURCE,Audited during master repository consolidation
PRIMARINE_FINAL\figures\ideation_evidence\05_cqr_uncertainty.png,.png,LEGACY_EVIDENCE,File located at PRIMARINE_FINAL\figures\ideation_evidence\05_cqr_uncertainty.png,HISTORICAL_FREEZE,HISTORICAL,POTENTIAL_HISTORICAL_DUPLICATE,SUPERSEDED_BY_CANONICAL,MEDIUM,LOW,LOW,LOW,PUBLIC_OPEN_SOURCE,Audited during master repository consolidation
PRIMARINE_FINAL\figures\ideation_evidence\06_maritime_graph.png,.png,LEGACY_EVIDENCE,File located at PRIMARINE_FINAL\figures\ideation_evidence\06_maritime_graph.png,HISTORICAL_FREEZE,HISTORICAL,POTENTIAL_HISTORICAL_DUPLICATE,SUPERSEDED_BY_CANONICAL,MEDIUM,LOW,LOW,LOW,PUBLIC_OPEN_SOURCE,Audited during master repository consolidation
PRIMARINE_FINAL\figures\ideation_evidence\07_stgnn_hop_propagation.png,.png,LEGACY_EVIDENCE,File located at PRIMARINE_FINAL\figures\ideation_evidence\07_stgnn_hop_propagation.png,HISTORICAL_FREEZE,HISTORICAL,POTENTIAL_HISTORICAL_DUPLICATE,SUPERSEDED_BY_CANONICAL,MEDIUM,LOW,LOW,LOW,PUBLIC_OPEN_SOURCE,Audited during master repository consolidation
PRIMARINE_FINAL\figures\ideation_evidence\08_stgnn_counterfactual.png,.png,LEGACY_EVIDENCE,File located at PRIMARINE_FINAL\figures\ideation_evidence\08_stgnn_counterfactual.png,HISTORICAL_FREEZE,HISTORICAL,POTENTIAL_HISTORICAL_DUPLICATE,SUPERSEDED_BY_CANONICAL,MEDIUM,LOW,LOW,LOW,PUBLIC_OPEN_SOURCE,Audited during master repository consolidation
PRIMARINE_FINAL\figures\ideation_evidence\09_connected_vs_isolated.png,.png,LEGACY_EVIDENCE,File located at PRIMARINE_FINAL\figures\ideation_evidence\09_connected_vs_isolated.png,HISTORICAL_FREEZE,HISTORICAL,POTENTIAL_HISTORICAL_DUPLICATE,SUPERSEDED_BY_CANONICAL,MEDIUM,LOW,LOW,LOW,PUBLIC_OPEN_SOURCE,Audited during master repository consolidation
PRIMARINE_FINAL\figures\ideation_evidence\10_evidence_boundary.png,.png,LEGACY_EVIDENCE,File located at PRIMARINE_FINAL\figures\ideation_evidence\10_evidence_boundary.png,HISTORICAL_FREEZE,HISTORICAL,POTENTIAL_HISTORICAL_DUPLICATE,SUPERSEDED_BY_CANONICAL,MEDIUM,LOW,LOW,LOW,PUBLIC_OPEN_SOURCE,Audited during master repository consolidation
PRIMARINE_FINAL\figures\ideation_evidence\11_decision_intelligence.png,.png,LEGACY_EVIDENCE,File located at PRIMARINE_FINAL\figures\ideation_evidence\11_decision_intelligence.png,HISTORICAL_FREEZE,HISTORICAL,POTENTIAL_HISTORICAL_DUPLICATE,SUPERSEDED_BY_CANONICAL,MEDIUM,LOW,LOW,LOW,PUBLIC_OPEN_SOURCE,Audited during master repository consolidation
PRIMARINE_FINAL\figures\ideation_evidence\FIGURE_INDEX.md,.md,LEGACY_EVIDENCE,File located at PRIMARINE_FINAL\figures\ideation_evidence\FIGURE_INDEX.md,HISTORICAL_FREEZE,HISTORICAL,POTENTIAL_HISTORICAL_DUPLICATE,SUPERSEDED_BY_CANONICAL,MEDIUM,LOW,LOW,LOW,PUBLIC_OPEN_SOURCE,Audited during master repository consolidation
PRIMARINE_FINAL\PRIMARINE_EVIDENCE\claims.md,.md,LEGACY_EVIDENCE,File located at PRIMARINE_FINAL\PRIMARINE_EVIDENCE\claims.md,HISTORICAL_FREEZE,HISTORICAL,POTENTIAL_HISTORICAL_DUPLICATE,SUPERSEDED_BY_CANONICAL,MEDIUM,LOW,LOW,LOW,PUBLIC_OPEN_SOURCE,Audited during master repository consolidation
PRIMARINE_FINAL\PRIMARINE_EVIDENCE\data_sources.md,.md,LEGACY_EVIDENCE,File located at PRIMARINE_FINAL\PRIMARINE_EVIDENCE\data_sources.md,HISTORICAL_FREEZE,HISTORICAL,POTENTIAL_HISTORICAL_DUPLICATE,SUPERSEDED_BY_CANONICAL,HIGH,LOW,LOW,LOW,PUBLIC_OPEN_SOURCE,Audited during master repository consolidation
PRIMARINE_FINAL\PRIMARINE_EVIDENCE\experiment_summary.md,.md,LEGACY_EVIDENCE,File located at PRIMARINE_FINAL\PRIMARINE_EVIDENCE\experiment_summary.md,HISTORICAL_FREEZE,HISTORICAL,POTENTIAL_HISTORICAL_DUPLICATE,SUPERSEDED_BY_CANONICAL,MEDIUM,LOW,LOW,LOW,PUBLIC_OPEN_SOURCE,Audited during master repository consolidation
PRIMARINE_FINAL\PRIMARINE_EVIDENCE\limitations.md,.md,LEGACY_EVIDENCE,File located at PRIMARINE_FINAL\PRIMARINE_EVIDENCE\limitations.md,HISTORICAL_FREEZE,HISTORICAL,POTENTIAL_HISTORICAL_DUPLICATE,SUPERSEDED_BY_CANONICAL,MEDIUM,LOW,LOW,LOW,PUBLIC_OPEN_SOURCE,Audited during master repository consolidation
PRIMARINE_FINAL\PRIMARINE_EVIDENCE\metrics_summary.csv,.csv,LEGACY_EVIDENCE,File located at PRIMARINE_FINAL\PRIMARINE_EVIDENCE\metrics_summary.csv,HISTORICAL_FREEZE,HISTORICAL,POTENTIAL_HISTORICAL_DUPLICATE,SUPERSEDED_BY_CANONICAL,MEDIUM,LOW,LOW,LOW,PUBLIC_OPEN_SOURCE,Audited during master repository consolidation
PRIMARINE_FINAL\PRIMARINE_EVIDENCE\figures\feature_importance.png,.png,LEGACY_EVIDENCE,File located at PRIMARINE_FINAL\PRIMARINE_EVIDENCE\figures\feature_importance.png,HISTORICAL_FREEZE,HISTORICAL,POTENTIAL_HISTORICAL_DUPLICATE,SUPERSEDED_BY_CANONICAL,MEDIUM,LOW,LOW,LOW,PUBLIC_OPEN_SOURCE,Audited during master repository consolidation
PRIMARINE_FINAL\PRIMARINE_EVIDENCE\figures\PRIMARINE_forecast_evidence.png,.png,LEGACY_EVIDENCE,File located at PRIMARINE_FINAL\PRIMARINE_EVIDENCE\figures\PRIMARINE_forecast_evidence.png,HISTORICAL_FREEZE,HISTORICAL,POTENTIAL_HISTORICAL_DUPLICATE,SUPERSEDED_BY_CANONICAL,MEDIUM,LOW,LOW,LOW,PUBLIC_OPEN_SOURCE,Audited during master repository consolidation
PRIMARINE_FINAL\PRIMARINE_EVIDENCE\figures\model_backtest_comparison.png,.png,LEGACY_EVIDENCE,File located at PRIMARINE_FINAL\PRIMARINE_EVIDENCE\figures\model_backtest_comparison.png,HISTORICAL_FREEZE,HISTORICAL,POTENTIAL_HISTORICAL_DUPLICATE,SUPERSEDED_BY_CANONICAL,MEDIUM,LOW,LOW,LOW,PUBLIC_OPEN_SOURCE,Audited during master repository consolidation
PRIMARINE_FINAL\PRIMARINE_RESEARCH_STRENGTHENED\01_CURRENT_POC_AUDIT.md,.md,LEGACY_EVIDENCE,File located at PRIMARINE_FINAL\PRIMARINE_RESEARCH_STRENGTHENED\01_CURRENT_POC_AUDIT.md,HISTORICAL_FREEZE,HISTORICAL,POTENTIAL_HISTORICAL_DUPLICATE,SUPERSEDED_BY_CANONICAL,MEDIUM,LOW,LOW,LOW,PUBLIC_OPEN_SOURCE,Audited during master repository consolidation
PRIMARINE_FINAL\PRIMARINE_RESEARCH_STRENGTHENED\02_LITERATURE_REVIEW.md,.md,LEGACY_EVIDENCE,File located at PRIMARINE_FINAL\PRIMARINE_RESEARCH_STRENGTHENED\02_LITERATURE_REVIEW.md,HISTORICAL_FREEZE,HISTORICAL,POTENTIAL_HISTORICAL_DUPLICATE,SUPERSEDED_BY_CANONICAL,MEDIUM,LOW,LOW,LOW,PUBLIC_OPEN_SOURCE,Audited during master repository consolidation
PRIMARINE_FINAL\PRIMARINE_RESEARCH_STRENGTHENED\03_RESEARCH_GAP.md,.md,LEGACY_EVIDENCE,File located at PRIMARINE_FINAL\PRIMARINE_RESEARCH_STRENGTHENED\03_RESEARCH_GAP.md,HISTORICAL_FREEZE,HISTORICAL,POTENTIAL_HISTORICAL_DUPLICATE,SUPERSEDED_BY_CANONICAL,MEDIUM,LOW,LOW,LOW,PUBLIC_OPEN_SOURCE,Audited during master repository consolidation
PRIMARINE_FINAL\PRIMARINE_RESEARCH_STRENGTHENED\06_FINAL_RESEARCH_CONTRIBUTION.md,.md,LEGACY_EVIDENCE,File located at PRIMARINE_FINAL\PRIMARINE_RESEARCH_STRENGTHENED\06_FINAL_RESEARCH_CONTRIBUTION.md,HISTORICAL_FREEZE,HISTORICAL,POTENTIAL_HISTORICAL_DUPLICATE,SUPERSEDED_BY_CANONICAL,MEDIUM,LOW,LOW,LOW,PUBLIC_OPEN_SOURCE,Audited during master repository consolidation
PRIMARINE_FINAL\research\CURRENT_POC_AUDIT.md,.md,LEGACY_EVIDENCE,File located at PRIMARINE_FINAL\research\CURRENT_POC_AUDIT.md,HISTORICAL_FREEZE,HISTORICAL,POTENTIAL_HISTORICAL_DUPLICATE,SUPERSEDED_BY_CANONICAL,HIGH,HIGH,LOW,LOW,PUBLIC_OPEN_SOURCE,Audited during master repository consolidation
PRIMARINE_FINAL\research\DATA_SOURCES.md,.md,LEGACY_EVIDENCE,File located at PRIMARINE_FINAL\research\DATA_SOURCES.md,HISTORICAL_FREEZE,HISTORICAL,POTENTIAL_HISTORICAL_DUPLICATE,SUPERSEDED_BY_CANONICAL,HIGH,HIGH,LOW,LOW,PUBLIC_OPEN_SOURCE,Audited during master repository consolidation
PRIMARINE_FINAL\research\FINAL_FREEZE_CHECK.md,.md,LEGACY_EVIDENCE,File located at PRIMARINE_FINAL\research\FINAL_FREEZE_CHECK.md,HISTORICAL_FREEZE,HISTORICAL,POTENTIAL_HISTORICAL_DUPLICATE,SUPERSEDED_BY_CANONICAL,HIGH,HIGH,LOW,LOW,PUBLIC_OPEN_SOURCE,Audited during master repository consolidation
PRIMARINE_FINAL\research\FINAL_PRIMARINE_README.md,.md,LEGACY_EVIDENCE,File located at PRIMARINE_FINAL\research\FINAL_PRIMARINE_README.md,HISTORICAL_FREEZE,HISTORICAL,POTENTIAL_HISTORICAL_DUPLICATE,SUPERSEDED_BY_CANONICAL,HIGH,HIGH,LOW,LOW,PUBLIC_OPEN_SOURCE,Audited during master repository consolidation
PRIMARINE_FINAL\research\FINAL_RESEARCH_CONTRIBUTION.md,.md,LEGACY_EVIDENCE,File located at PRIMARINE_FINAL\research\FINAL_RESEARCH_CONTRIBUTION.md,HISTORICAL_FREEZE,HISTORICAL,POTENTIAL_HISTORICAL_DUPLICATE,SUPERSEDED_BY_CANONICAL,HIGH,HIGH,LOW,LOW,PUBLIC_OPEN_SOURCE,Audited during master repository consolidation
PRIMARINE_FINAL\research\LITERATURE_REVIEW.md,.md,LEGACY_EVIDENCE,File located at PRIMARINE_FINAL\research\LITERATURE_REVIEW.md,HISTORICAL_FREEZE,HISTORICAL,POTENTIAL_HISTORICAL_DUPLICATE,SUPERSEDED_BY_CANONICAL,HIGH,HIGH,LOW,LOW,PUBLIC_OPEN_SOURCE,Audited during master repository consolidation
PRIMARINE_FINAL\research\RESEARCH_GAP.md,.md,LEGACY_EVIDENCE,File located at PRIMARINE_FINAL\research\RESEARCH_GAP.md,HISTORICAL_FREEZE,HISTORICAL,POTENTIAL_HISTORICAL_DUPLICATE,SUPERSEDED_BY_CANONICAL,HIGH,HIGH,LOW,LOW,PUBLIC_OPEN_SOURCE,Audited during master repository consolidation
PRIMARINE_FINAL\research\results.zip,.zip,LEGACY_EVIDENCE,File located at PRIMARINE_FINAL\research\results.zip,HISTORICAL_FREEZE,HISTORICAL,POTENTIAL_HISTORICAL_DUPLICATE,SUPERSEDED_BY_CANONICAL,HIGH,HIGH,LOW,LOW,INTERNAL_BACKUP,Audited during master repository consolidation
PRIMARINE_FINAL\research\STGNN_PRIMARINE_INTEGRATION.md,.md,LEGACY_EVIDENCE,File located at PRIMARINE_FINAL\research\STGNN_PRIMARINE_INTEGRATION.md,HISTORICAL_FREEZE,HISTORICAL,POTENTIAL_HISTORICAL_DUPLICATE,SUPERSEDED_BY_CANONICAL,HIGH,HIGH,LOW,LOW,PUBLIC_OPEN_SOURCE,Audited during master repository consolidation
PRIMARINE_FINAL\research\STGNN_PROOF_OF_CONCEPT.md,.md,LEGACY_EVIDENCE,File located at PRIMARINE_FINAL\research\STGNN_PROOF_OF_CONCEPT.md,HISTORICAL_FREEZE,HISTORICAL,POTENTIAL_HISTORICAL_DUPLICATE,SUPERSEDED_BY_CANONICAL,HIGH,HIGH,LOW,LOW,PUBLIC_OPEN_SOURCE,Audited during master repository consolidation
PRIMARINE_FINAL\research\STGNN_RESEARCH_DESIGN.md,.md,LEGACY_EVIDENCE,File located at PRIMARINE_FINAL\research\STGNN_RESEARCH_DESIGN.md,HISTORICAL_FREEZE,HISTORICAL,POTENTIAL_HISTORICAL_DUPLICATE,SUPERSEDED_BY_CANONICAL,HIGH,HIGH,LOW,LOW,PUBLIC_OPEN_SOURCE,Audited during master repository consolidation
PRIMARINE_FINAL\research\VALIDATION_AUDIT.md,.md,LEGACY_EVIDENCE,File located at PRIMARINE_FINAL\research\VALIDATION_AUDIT.md,HISTORICAL_FREEZE,HISTORICAL,POTENTIAL_HISTORICAL_DUPLICATE,SUPERSEDED_BY_CANONICAL,HIGH,HIGH,LOW,LOW,PUBLIC_OPEN_SOURCE,Audited during master repository consolidation
PRIMARINE_FINAL\results\data_quality_report.md,.md,LEGACY_EVIDENCE,File located at PRIMARINE_FINAL\results\data_quality_report.md,HISTORICAL_FREEZE,HISTORICAL,POTENTIAL_HISTORICAL_DUPLICATE,SUPERSEDED_BY_CANONICAL,HIGH,LOW,LOW,LOW,PUBLIC_OPEN_SOURCE,Audited during master repository consolidation
PRIMARINE_FINAL\results\forecast_scorecard.md,.md,LEGACY_EVIDENCE,File located at PRIMARINE_FINAL\results\forecast_scorecard.md,HISTORICAL_FREEZE,HISTORICAL,POTENTIAL_HISTORICAL_DUPLICATE,SUPERSEDED_BY_CANONICAL,MEDIUM,LOW,LOW,LOW,PUBLIC_OPEN_SOURCE,Audited during master repository consolidation
PRIMARINE_FINAL\results\PRIMARINE_FORECASTING_EXPERIMENT.md,.md,LEGACY_EVIDENCE,File located at PRIMARINE_FINAL\results\PRIMARINE_FORECASTING_EXPERIMENT.md,HISTORICAL_FREEZE,HISTORICAL,POTENTIAL_HISTORICAL_DUPLICATE,SUPERSEDED_BY_CANONICAL,MEDIUM,LOW,LOW,LOW,PUBLIC_OPEN_SOURCE,Audited during master repository consolidation
PRIMARINE_FINAL\results\market_entry_backtest_results.csv,.csv,LEGACY_EVIDENCE,File located at PRIMARINE_FINAL\results\market_entry_backtest_results.csv,HISTORICAL_FREEZE,HISTORICAL,POTENTIAL_HISTORICAL_DUPLICATE,SUPERSEDED_BY_CANONICAL,MEDIUM,LOW,LOW,LOW,PUBLIC_OPEN_SOURCE,Audited during master repository consolidation
PRIMARINE_FINAL\results\metrics.json,.json,LEGACY_EVIDENCE,File located at PRIMARINE_FINAL\results\metrics.json,HISTORICAL_FREEZE,HISTORICAL,POTENTIAL_HISTORICAL_DUPLICATE,SUPERSEDED_BY_CANONICAL,MEDIUM,LOW,LOW,LOW,PUBLIC_OPEN_SOURCE,Audited during master repository consolidation
PRIMARINE_FINAL\results\model_comparison.csv,.csv,LEGACY_EVIDENCE,File located at PRIMARINE_FINAL\results\model_comparison.csv,HISTORICAL_FREEZE,HISTORICAL,POTENTIAL_HISTORICAL_DUPLICATE,SUPERSEDED_BY_CANONICAL,MEDIUM,LOW,LOW,LOW,PUBLIC_OPEN_SOURCE,Audited during master repository consolidation
PRIMARINE_FINAL\results\figures\backtest_forecast.png,.png,LEGACY_EVIDENCE,File located at PRIMARINE_FINAL\results\figures\backtest_forecast.png,HISTORICAL_FREEZE,HISTORICAL,POTENTIAL_HISTORICAL_DUPLICATE,SUPERSEDED_BY_CANONICAL,MEDIUM,LOW,LOW,LOW,PUBLIC_OPEN_SOURCE,Audited during master repository consolidation
PRIMARINE_FINAL\results\figures\feature_importance.png,.png,LEGACY_EVIDENCE,File located at PRIMARINE_FINAL\results\figures\feature_importance.png,HISTORICAL_FREEZE,HISTORICAL,POTENTIAL_HISTORICAL_DUPLICATE,SUPERSEDED_BY_CANONICAL,MEDIUM,LOW,LOW,LOW,PUBLIC_OPEN_SOURCE,Audited during master repository consolidation
PRIMARINE_FINAL\results\figures\PRIMARINE_forecast_evidence.png,.png,LEGACY_EVIDENCE,File located at PRIMARINE_FINAL\results\figures\PRIMARINE_forecast_evidence.png,HISTORICAL_FREEZE,HISTORICAL,POTENTIAL_HISTORICAL_DUPLICATE,SUPERSEDED_BY_CANONICAL,MEDIUM,LOW,LOW,LOW,PUBLIC_OPEN_SOURCE,Audited during master repository consolidation
PRIMARINE_FINAL\results\figures\model_backtest_comparison.png,.png,LEGACY_EVIDENCE,File located at PRIMARINE_FINAL\results\figures\model_backtest_comparison.png,HISTORICAL_FREEZE,HISTORICAL,POTENTIAL_HISTORICAL_DUPLICATE,SUPERSEDED_BY_CANONICAL,MEDIUM,LOW,LOW,LOW,PUBLIC_OPEN_SOURCE,Audited during master repository consolidation
PRIMARINE_FINAL\results\research\ablation_metrics.csv,.csv,LEGACY_EVIDENCE,File located at PRIMARINE_FINAL\results\research\ablation_metrics.csv,HISTORICAL_FREEZE,HISTORICAL,POTENTIAL_HISTORICAL_DUPLICATE,SUPERSEDED_BY_CANONICAL,HIGH,HIGH,LOW,LOW,PUBLIC_OPEN_SOURCE,Audited during master repository consolidation
PRIMARINE_FINAL\results\research\coverage_vs_width.csv,.csv,LEGACY_EVIDENCE,File located at PRIMARINE_FINAL\results\research\coverage_vs_width.csv,HISTORICAL_FREEZE,HISTORICAL,POTENTIAL_HISTORICAL_DUPLICATE,SUPERSEDED_BY_CANONICAL,HIGH,HIGH,LOW,LOW,PUBLIC_OPEN_SOURCE,Audited during master repository consolidation
PRIMARINE_FINAL\results\research\cqr_regime_validation.csv,.csv,LEGACY_EVIDENCE,File located at PRIMARINE_FINAL\results\research\cqr_regime_validation.csv,HISTORICAL_FREEZE,HISTORICAL,POTENTIAL_HISTORICAL_DUPLICATE,SUPERSEDED_BY_CANONICAL,HIGH,HIGH,LOW,LOW,PUBLIC_OPEN_SOURCE,Audited during master repository consolidation
PRIMARINE_FINAL\results\research\decision_metrics.csv,.csv,LEGACY_EVIDENCE,File located at PRIMARINE_FINAL\results\research\decision_metrics.csv,HISTORICAL_FREEZE,HISTORICAL,POTENTIAL_HISTORICAL_DUPLICATE,SUPERSEDED_BY_CANONICAL,HIGH,HIGH,LOW,LOW,PUBLIC_OPEN_SOURCE,Audited during master repository consolidation
PRIMARINE_FINAL\results\research\decision_strategy_analysis.md,.md,LEGACY_EVIDENCE,File located at PRIMARINE_FINAL\results\research\decision_strategy_analysis.md,HISTORICAL_FREEZE,HISTORICAL,POTENTIAL_HISTORICAL_DUPLICATE,SUPERSEDED_BY_CANONICAL,HIGH,HIGH,LOW,LOW,PUBLIC_OPEN_SOURCE,Audited during master repository consolidation
PRIMARINE_FINAL\results\research\decision_strategy_comparison.csv,.csv,LEGACY_EVIDENCE,File located at PRIMARINE_FINAL\results\research\decision_strategy_comparison.csv,HISTORICAL_FREEZE,HISTORICAL,POTENTIAL_HISTORICAL_DUPLICATE,SUPERSEDED_BY_CANONICAL,HIGH,HIGH,LOW,LOW,PUBLIC_OPEN_SOURCE,Audited during master repository consolidation
PRIMARINE_FINAL\results\research\directional_accuracy_audit.md,.md,LEGACY_EVIDENCE,File located at PRIMARINE_FINAL\results\research\directional_accuracy_audit.md,HISTORICAL_FREEZE,HISTORICAL,POTENTIAL_HISTORICAL_DUPLICATE,SUPERSEDED_BY_CANONICAL,HIGH,HIGH,LOW,LOW,PUBLIC_OPEN_SOURCE,Audited during master repository consolidation
PRIMARINE_FINAL\results\research\directional_significance.md,.md,LEGACY_EVIDENCE,File located at PRIMARINE_FINAL\results\research\directional_significance.md,HISTORICAL_FREEZE,HISTORICAL,POTENTIAL_HISTORICAL_DUPLICATE,SUPERSEDED_BY_CANONICAL,HIGH,HIGH,LOW,LOW,PUBLIC_OPEN_SOURCE,Audited during master repository consolidation
PRIMARINE_FINAL\results\research\final_research_scorecard.csv,.csv,LEGACY_EVIDENCE,File located at PRIMARINE_FINAL\results\research\final_research_scorecard.csv,HISTORICAL_FREEZE,HISTORICAL,POTENTIAL_HISTORICAL_DUPLICATE,SUPERSEDED_BY_CANONICAL,HIGH,HIGH,LOW,LOW,PUBLIC_OPEN_SOURCE,Audited during master repository consolidation
PRIMARINE_FINAL\results\research\FUTURE_GNN_EXTENSION.md,.md,LEGACY_EVIDENCE,File located at PRIMARINE_FINAL\results\research\FUTURE_GNN_EXTENSION.md,HISTORICAL_FREEZE,HISTORICAL,POTENTIAL_HISTORICAL_DUPLICATE,SUPERSEDED_BY_CANONICAL,HIGH,HIGH,LOW,LOW,PUBLIC_OPEN_SOURCE,Audited during master repository consolidation
PRIMARINE_FINAL\results\research\mpi_analysis.md,.md,LEGACY_EVIDENCE,File located at PRIMARINE_FINAL\results\research\mpi_analysis.md,HISTORICAL_FREEZE,HISTORICAL,POTENTIAL_HISTORICAL_DUPLICATE,SUPERSEDED_BY_CANONICAL,HIGH,HIGH,LOW,LOW,PUBLIC_OPEN_SOURCE,Audited during master repository consolidation
PRIMARINE_FINAL\results\research\mpi_incremental_value.csv,.csv,LEGACY_EVIDENCE,File located at PRIMARINE_FINAL\results\research\mpi_incremental_value.csv,HISTORICAL_FREEZE,HISTORICAL,POTENTIAL_HISTORICAL_DUPLICATE,SUPERSEDED_BY_CANONICAL,HIGH,HIGH,LOW,LOW,PUBLIC_OPEN_SOURCE,Audited during master repository consolidation
PRIMARINE_FINAL\results\research\PPT_RESEARCH_CLAIMS.md,.md,LEGACY_EVIDENCE,File located at PRIMARINE_FINAL\results\research\PPT_RESEARCH_CLAIMS.md,HISTORICAL_FREEZE,HISTORICAL,POTENTIAL_HISTORICAL_DUPLICATE,SUPERSEDED_BY_CANONICAL,HIGH,HIGH,LOW,LOW,PUBLIC_OPEN_SOURCE,Audited during master repository consolidation
PRIMARINE_FINAL\results\research\regime_metrics.csv,.csv,LEGACY_EVIDENCE,File located at PRIMARINE_FINAL\results\research\regime_metrics.csv,HISTORICAL_FREEZE,HISTORICAL,POTENTIAL_HISTORICAL_DUPLICATE,SUPERSEDED_BY_CANONICAL,HIGH,HIGH,LOW,LOW,PUBLIC_OPEN_SOURCE,Audited during master repository consolidation
PRIMARINE_FINAL\results\research\significance_tests.csv,.csv,LEGACY_EVIDENCE,File located at PRIMARINE_FINAL\results\research\significance_tests.csv,HISTORICAL_FREEZE,HISTORICAL,POTENTIAL_HISTORICAL_DUPLICATE,SUPERSEDED_BY_CANONICAL,HIGH,HIGH,LOW,LOW,PUBLIC_OPEN_SOURCE,Audited during master repository consolidation
PRIMARINE_FINAL\results\research\STGNN_LIMITATIONS.md,.md,LEGACY_EVIDENCE,File located at PRIMARINE_FINAL\results\research\STGNN_LIMITATIONS.md,HISTORICAL_FREEZE,HISTORICAL,POTENTIAL_HISTORICAL_DUPLICATE,SUPERSEDED_BY_CANONICAL,HIGH,HIGH,LOW,LOW,PUBLIC_OPEN_SOURCE,Audited during master repository consolidation
PRIMARINE_FINAL\results\research\STGNN_PPT_CLAIMS.md,.md,LEGACY_EVIDENCE,File located at PRIMARINE_FINAL\results\research\STGNN_PPT_CLAIMS.md,HISTORICAL_FREEZE,HISTORICAL,POTENTIAL_HISTORICAL_DUPLICATE,SUPERSEDED_BY_CANONICAL,HIGH,HIGH,LOW,LOW,PUBLIC_OPEN_SOURCE,Audited during master repository consolidation
PRIMARINE_FINAL\results\research\stgnn_propagation_scenario.png,.png,LEGACY_EVIDENCE,File located at PRIMARINE_FINAL\results\research\stgnn_propagation_scenario.png,HISTORICAL_FREEZE,HISTORICAL,POTENTIAL_HISTORICAL_DUPLICATE,SUPERSEDED_BY_CANONICAL,HIGH,HIGH,LOW,LOW,PUBLIC_OPEN_SOURCE,Audited during master repository consolidation
PRIMARINE_FINAL\results\research\STGNN_RESULTS.md,.md,LEGACY_EVIDENCE,File located at PRIMARINE_FINAL\results\research\STGNN_RESULTS.md,HISTORICAL_FREEZE,HISTORICAL,POTENTIAL_HISTORICAL_DUPLICATE,SUPERSEDED_BY_CANONICAL,HIGH,HIGH,LOW,LOW,PUBLIC_OPEN_SOURCE,Audited during master repository consolidation
PRIMARINE_FINAL\results\research\stgnn_scenario_results.csv,.csv,LEGACY_EVIDENCE,File located at PRIMARINE_FINAL\results\research\stgnn_scenario_results.csv,HISTORICAL_FREEZE,HISTORICAL,POTENTIAL_HISTORICAL_DUPLICATE,SUPERSEDED_BY_CANONICAL,HIGH,HIGH,LOW,LOW,PUBLIC_OPEN_SOURCE,Audited during master repository consolidation
PRIMARINE_FINAL\results\research\stgnn_spatial_attenuation.csv,.csv,LEGACY_EVIDENCE,File located at PRIMARINE_FINAL\results\research\stgnn_spatial_attenuation.csv,HISTORICAL_FREEZE,HISTORICAL,POTENTIAL_HISTORICAL_DUPLICATE,SUPERSEDED_BY_CANONICAL,HIGH,HIGH,LOW,LOW,PUBLIC_OPEN_SOURCE,Audited during master repository consolidation
PRIMARINE_FINAL\results\research\turning_point_analysis.md,.md,LEGACY_EVIDENCE,File located at PRIMARINE_FINAL\results\research\turning_point_analysis.md,HISTORICAL_FREEZE,HISTORICAL,POTENTIAL_HISTORICAL_DUPLICATE,SUPERSEDED_BY_CANONICAL,HIGH,HIGH,LOW,LOW,PUBLIC_OPEN_SOURCE,Audited during master repository consolidation
PRIMARINE_FINAL\results\research\turning_point_metrics.csv,.csv,LEGACY_EVIDENCE,File located at PRIMARINE_FINAL\results\research\turning_point_metrics.csv,HISTORICAL_FREEZE,HISTORICAL,POTENTIAL_HISTORICAL_DUPLICATE,SUPERSEDED_BY_CANONICAL,HIGH,HIGH,LOW,LOW,PUBLIC_OPEN_SOURCE,Audited during master repository consolidation
PRIMARINE_FINAL\results\research\uncertainty_validation.md,.md,LEGACY_EVIDENCE,File located at PRIMARINE_FINAL\results\research\uncertainty_validation.md,HISTORICAL_FREEZE,HISTORICAL,POTENTIAL_HISTORICAL_DUPLICATE,SUPERSEDED_BY_CANONICAL,HIGH,HIGH,LOW,LOW,PUBLIC_OPEN_SOURCE,Audited during master repository consolidation
PRIMARINE_FINAL\scripts\01_data_ingestion.py,.py,LEGACY_EVIDENCE,File located at PRIMARINE_FINAL\scripts\01_data_ingestion.py,HISTORICAL_FREEZE,HISTORICAL,POTENTIAL_HISTORICAL_DUPLICATE,SUPERSEDED_BY_CANONICAL,HIGH,LOW,LOW,LOW,PUBLIC_OPEN_SOURCE,Audited during master repository consolidation
PRIMARINE_FINAL\scripts\02_feature_engineering.py,.py,LEGACY_EVIDENCE,File located at PRIMARINE_FINAL\scripts\02_feature_engineering.py,HISTORICAL_FREEZE,HISTORICAL,POTENTIAL_HISTORICAL_DUPLICATE,SUPERSEDED_BY_CANONICAL,MEDIUM,LOW,LOW,LOW,PUBLIC_OPEN_SOURCE,Audited during master repository consolidation
PRIMARINE_FINAL\scripts\03_generate_data_quality_report.py,.py,LEGACY_EVIDENCE,File located at PRIMARINE_FINAL\scripts\03_generate_data_quality_report.py,HISTORICAL_FREEZE,HISTORICAL,POTENTIAL_HISTORICAL_DUPLICATE,SUPERSEDED_BY_CANONICAL,HIGH,LOW,LOW,LOW,PUBLIC_OPEN_SOURCE,Audited during master repository consolidation
PRIMARINE_FINAL\scripts\04_run_models_and_backtest.py,.py,LEGACY_EVIDENCE,File located at PRIMARINE_FINAL\scripts\04_run_models_and_backtest.py,HISTORICAL_FREEZE,HISTORICAL,POTENTIAL_HISTORICAL_DUPLICATE,SUPERSEDED_BY_CANONICAL,MEDIUM,LOW,LOW,LOW,PUBLIC_OPEN_SOURCE,Audited during master repository consolidation
PRIMARINE_FINAL\scripts\05_fix_chart_layout.py,.py,LEGACY_EVIDENCE,File located at PRIMARINE_FINAL\scripts\05_fix_chart_layout.py,HISTORICAL_FREEZE,HISTORICAL,POTENTIAL_HISTORICAL_DUPLICATE,SUPERSEDED_BY_CANONICAL,MEDIUM,LOW,LOW,LOW,PUBLIC_OPEN_SOURCE,Audited during master repository consolidation
PRIMARINE_FINAL\scripts\06_copy_evidence.py,.py,LEGACY_EVIDENCE,File located at PRIMARINE_FINAL\scripts\06_copy_evidence.py,HISTORICAL_FREEZE,HISTORICAL,POTENTIAL_HISTORICAL_DUPLICATE,SUPERSEDED_BY_CANONICAL,MEDIUM,LOW,LOW,LOW,PUBLIC_OPEN_SOURCE,Audited during master repository consolidation
PRIMARINE_FINAL\scripts\07_research_strengthening_engine.py,.py,LEGACY_EVIDENCE,File located at PRIMARINE_FINAL\scripts\07_research_strengthening_engine.py,HISTORICAL_FREEZE,HISTORICAL,POTENTIAL_HISTORICAL_DUPLICATE,SUPERSEDED_BY_CANONICAL,HIGH,HIGH,LOW,LOW,PUBLIC_OPEN_SOURCE,Audited during master repository consolidation
PRIMARINE_FINAL\scripts\08_organize_research_package.py,.py,LEGACY_EVIDENCE,File located at PRIMARINE_FINAL\scripts\08_organize_research_package.py,HISTORICAL_FREEZE,HISTORICAL,POTENTIAL_HISTORICAL_DUPLICATE,SUPERSEDED_BY_CANONICAL,HIGH,HIGH,LOW,LOW,PUBLIC_OPEN_SOURCE,Audited during master repository consolidation
PRIMARINE_FINAL\scripts\09_validation_strengthening_engine.py,.py,LEGACY_EVIDENCE,File located at PRIMARINE_FINAL\scripts\09_validation_strengthening_engine.py,HISTORICAL_FREEZE,HISTORICAL,POTENTIAL_HISTORICAL_DUPLICATE,SUPERSEDED_BY_CANONICAL,MEDIUM,LOW,LOW,LOW,PUBLIC_OPEN_SOURCE,Audited during master repository consolidation
PRIMARINE_FINAL\scripts\10_final_shortcoming_fix.py,.py,LEGACY_EVIDENCE,File located at PRIMARINE_FINAL\scripts\10_final_shortcoming_fix.py,HISTORICAL_FREEZE,HISTORICAL,POTENTIAL_HISTORICAL_DUPLICATE,SUPERSEDED_BY_CANONICAL,MEDIUM,LOW,LOW,LOW,PUBLIC_OPEN_SOURCE,Audited during master repository consolidation
PRIMARINE_FINAL\scripts\11_check_language.py,.py,LEGACY_EVIDENCE,File located at PRIMARINE_FINAL\scripts\11_check_language.py,HISTORICAL_FREEZE,HISTORICAL,POTENTIAL_HISTORICAL_DUPLICATE,SUPERSEDED_BY_CANONICAL,MEDIUM,LOW,LOW,LOW,PUBLIC_OPEN_SOURCE,Audited during master repository consolidation
PRIMARINE_FINAL\scripts\12_build_final_zip.py,.py,LEGACY_EVIDENCE,File located at PRIMARINE_FINAL\scripts\12_build_final_zip.py,HISTORICAL_FREEZE,HISTORICAL,POTENTIAL_HISTORICAL_DUPLICATE,SUPERSEDED_BY_CANONICAL,MEDIUM,LOW,LOW,LOW,PUBLIC_OPEN_SOURCE,Audited during master repository consolidation
PRIMARINE_FINAL\scripts\13_run_stgnn_extension.py,.py,LEGACY_EVIDENCE,File located at PRIMARINE_FINAL\scripts\13_run_stgnn_extension.py,HISTORICAL_FREEZE,HISTORICAL,POTENTIAL_HISTORICAL_DUPLICATE,SUPERSEDED_BY_CANONICAL,MEDIUM,LOW,LOW,LOW,PUBLIC_OPEN_SOURCE,Audited during master repository consolidation
PRIMARINE_IDEATION_EVIDENCE\01_EXECUTIVE_SUMMARY.md,.md,LEGACY_EVIDENCE,File located at PRIMARINE_IDEATION_EVIDENCE\01_EXECUTIVE_SUMMARY.md,HISTORICAL_FREEZE,HISTORICAL,POTENTIAL_HISTORICAL_DUPLICATE,SUPERSEDED_BY_CANONICAL,MEDIUM,LOW,LOW,LOW,PUBLIC_OPEN_SOURCE,Audited during master repository consolidation
PRIMARINE_IDEATION_EVIDENCE\02_PROBLEM_AND_SOLUTION.md,.md,LEGACY_EVIDENCE,File located at PRIMARINE_IDEATION_EVIDENCE\02_PROBLEM_AND_SOLUTION.md,HISTORICAL_FREEZE,HISTORICAL,POTENTIAL_HISTORICAL_DUPLICATE,SUPERSEDED_BY_CANONICAL,MEDIUM,LOW,LOW,LOW,PUBLIC_OPEN_SOURCE,Audited during master repository consolidation
PRIMARINE_IDEATION_EVIDENCE\03_SYSTEM_ARCHITECTURE.md,.md,LEGACY_EVIDENCE,File located at PRIMARINE_IDEATION_EVIDENCE\03_SYSTEM_ARCHITECTURE.md,HISTORICAL_FREEZE,HISTORICAL,POTENTIAL_HISTORICAL_DUPLICATE,SUPERSEDED_BY_CANONICAL,MEDIUM,LOW,LOW,LOW,PUBLIC_OPEN_SOURCE,Audited during master repository consolidation
PRIMARINE_IDEATION_EVIDENCE\04_VALIDATED_MARKET_RESULTS.md,.md,LEGACY_EVIDENCE,File located at PRIMARINE_IDEATION_EVIDENCE\04_VALIDATED_MARKET_RESULTS.md,HISTORICAL_FREEZE,HISTORICAL,POTENTIAL_HISTORICAL_DUPLICATE,SUPERSEDED_BY_CANONICAL,MEDIUM,LOW,LOW,LOW,PUBLIC_OPEN_SOURCE,Audited during master repository consolidation
PRIMARINE_IDEATION_EVIDENCE\05_STGNN_PROOF_OF_CONCEPT.md,.md,LEGACY_EVIDENCE,File located at PRIMARINE_IDEATION_EVIDENCE\05_STGNN_PROOF_OF_CONCEPT.md,HISTORICAL_FREEZE,HISTORICAL,POTENTIAL_HISTORICAL_DUPLICATE,SUPERSEDED_BY_CANONICAL,MEDIUM,LOW,LOW,LOW,PUBLIC_OPEN_SOURCE,Audited during master repository consolidation
PRIMARINE_IDEATION_EVIDENCE\06_COUNTERFACTUAL_DEMONSTRATION.md,.md,LEGACY_EVIDENCE,File located at PRIMARINE_IDEATION_EVIDENCE\06_COUNTERFACTUAL_DEMONSTRATION.md,HISTORICAL_FREEZE,HISTORICAL,POTENTIAL_HISTORICAL_DUPLICATE,SUPERSEDED_BY_CANONICAL,MEDIUM,LOW,LOW,LOW,PUBLIC_OPEN_SOURCE,Audited during master repository consolidation
PRIMARINE_IDEATION_EVIDENCE\07_EVIDENCE_MATRIX.md,.md,LEGACY_EVIDENCE,File located at PRIMARINE_IDEATION_EVIDENCE\07_EVIDENCE_MATRIX.md,HISTORICAL_FREEZE,HISTORICAL,POTENTIAL_HISTORICAL_DUPLICATE,SUPERSEDED_BY_CANONICAL,MEDIUM,LOW,LOW,LOW,PUBLIC_OPEN_SOURCE,Audited during master repository consolidation
PRIMARINE_IDEATION_EVIDENCE\08_LIMITATIONS_AND_NEXT_PHASE.md,.md,LEGACY_EVIDENCE,File located at PRIMARINE_IDEATION_EVIDENCE\08_LIMITATIONS_AND_NEXT_PHASE.md,HISTORICAL_FREEZE,HISTORICAL,POTENTIAL_HISTORICAL_DUPLICATE,SUPERSEDED_BY_CANONICAL,MEDIUM,LOW,LOW,LOW,PUBLIC_OPEN_SOURCE,Audited during master repository consolidation
PRIMARINE_IDEATION_EVIDENCE\09_JUDGE_QA.md,.md,LEGACY_EVIDENCE,File located at PRIMARINE_IDEATION_EVIDENCE\09_JUDGE_QA.md,HISTORICAL_FREEZE,HISTORICAL,POTENTIAL_HISTORICAL_DUPLICATE,SUPERSEDED_BY_CANONICAL,MEDIUM,LOW,LOW,LOW,PUBLIC_OPEN_SOURCE,Audited during master repository consolidation
PRIMARINE_IDEATION_EVIDENCE\10_DEMO_SCRIPT.md,.md,LEGACY_EVIDENCE,File located at PRIMARINE_IDEATION_EVIDENCE\10_DEMO_SCRIPT.md,HISTORICAL_FREEZE,HISTORICAL,POTENTIAL_HISTORICAL_DUPLICATE,SUPERSEDED_BY_CANONICAL,MEDIUM,LOW,LOW,LOW,PUBLIC_OPEN_SOURCE,Audited during master repository consolidation
PRIMARINE_IDEATION_EVIDENCE\figures\01_PRIMARINE_system_architecture.png,.png,LEGACY_EVIDENCE,File located at PRIMARINE_IDEATION_EVIDENCE\figures\01_PRIMARINE_system_architecture.png,HISTORICAL_FREEZE,HISTORICAL,POTENTIAL_HISTORICAL_DUPLICATE,SUPERSEDED_BY_CANONICAL,MEDIUM,LOW,HIGH,LOW,PUBLIC_OPEN_SOURCE,Audited during master repository consolidation
PRIMARINE_IDEATION_EVIDENCE\figures\02_point_forecast_reality.png,.png,LEGACY_EVIDENCE,File located at PRIMARINE_IDEATION_EVIDENCE\figures\02_point_forecast_reality.png,HISTORICAL_FREEZE,HISTORICAL,POTENTIAL_HISTORICAL_DUPLICATE,SUPERSEDED_BY_CANONICAL,MEDIUM,LOW,LOW,LOW,PUBLIC_OPEN_SOURCE,Audited during master repository consolidation
PRIMARINE_IDEATION_EVIDENCE\figures\03_turning_point_f1.png,.png,LEGACY_EVIDENCE,File located at PRIMARINE_IDEATION_EVIDENCE\figures\03_turning_point_f1.png,HISTORICAL_FREEZE,HISTORICAL,POTENTIAL_HISTORICAL_DUPLICATE,SUPERSEDED_BY_CANONICAL,MEDIUM,LOW,LOW,LOW,PUBLIC_OPEN_SOURCE,Audited during master repository consolidation
PRIMARINE_IDEATION_EVIDENCE\figures\04_directional_accuracy.png,.png,LEGACY_EVIDENCE,File located at PRIMARINE_IDEATION_EVIDENCE\figures\04_directional_accuracy.png,HISTORICAL_FREEZE,HISTORICAL,POTENTIAL_HISTORICAL_DUPLICATE,SUPERSEDED_BY_CANONICAL,MEDIUM,LOW,LOW,LOW,PUBLIC_OPEN_SOURCE,Audited during master repository consolidation
PRIMARINE_IDEATION_EVIDENCE\figures\05_cqr_uncertainty.png,.png,LEGACY_EVIDENCE,File located at PRIMARINE_IDEATION_EVIDENCE\figures\05_cqr_uncertainty.png,HISTORICAL_FREEZE,HISTORICAL,POTENTIAL_HISTORICAL_DUPLICATE,SUPERSEDED_BY_CANONICAL,MEDIUM,LOW,LOW,LOW,PUBLIC_OPEN_SOURCE,Audited during master repository consolidation
PRIMARINE_IDEATION_EVIDENCE\figures\06_maritime_graph.png,.png,LEGACY_EVIDENCE,File located at PRIMARINE_IDEATION_EVIDENCE\figures\06_maritime_graph.png,HISTORICAL_FREEZE,HISTORICAL,POTENTIAL_HISTORICAL_DUPLICATE,SUPERSEDED_BY_CANONICAL,MEDIUM,LOW,LOW,LOW,PUBLIC_OPEN_SOURCE,Audited during master repository consolidation
PRIMARINE_IDEATION_EVIDENCE\figures\07_stgnn_hop_propagation.png,.png,LEGACY_EVIDENCE,File located at PRIMARINE_IDEATION_EVIDENCE\figures\07_stgnn_hop_propagation.png,HISTORICAL_FREEZE,HISTORICAL,POTENTIAL_HISTORICAL_DUPLICATE,SUPERSEDED_BY_CANONICAL,MEDIUM,LOW,LOW,LOW,PUBLIC_OPEN_SOURCE,Audited during master repository consolidation
PRIMARINE_IDEATION_EVIDENCE\figures\08_stgnn_counterfactual.png,.png,LEGACY_EVIDENCE,File located at PRIMARINE_IDEATION_EVIDENCE\figures\08_stgnn_counterfactual.png,HISTORICAL_FREEZE,HISTORICAL,POTENTIAL_HISTORICAL_DUPLICATE,SUPERSEDED_BY_CANONICAL,MEDIUM,LOW,LOW,LOW,PUBLIC_OPEN_SOURCE,Audited during master repository consolidation
PRIMARINE_IDEATION_EVIDENCE\figures\09_connected_vs_isolated.png,.png,LEGACY_EVIDENCE,File located at PRIMARINE_IDEATION_EVIDENCE\figures\09_connected_vs_isolated.png,HISTORICAL_FREEZE,HISTORICAL,POTENTIAL_HISTORICAL_DUPLICATE,SUPERSEDED_BY_CANONICAL,MEDIUM,LOW,LOW,LOW,PUBLIC_OPEN_SOURCE,Audited during master repository consolidation
PRIMARINE_IDEATION_EVIDENCE\figures\10_evidence_boundary.png,.png,LEGACY_EVIDENCE,File located at PRIMARINE_IDEATION_EVIDENCE\figures\10_evidence_boundary.png,HISTORICAL_FREEZE,HISTORICAL,POTENTIAL_HISTORICAL_DUPLICATE,SUPERSEDED_BY_CANONICAL,MEDIUM,LOW,LOW,LOW,PUBLIC_OPEN_SOURCE,Audited during master repository consolidation
PRIMARINE_IDEATION_EVIDENCE\figures\11_decision_intelligence.png,.png,LEGACY_EVIDENCE,File located at PRIMARINE_IDEATION_EVIDENCE\figures\11_decision_intelligence.png,HISTORICAL_FREEZE,HISTORICAL,POTENTIAL_HISTORICAL_DUPLICATE,SUPERSEDED_BY_CANONICAL,MEDIUM,LOW,LOW,LOW,PUBLIC_OPEN_SOURCE,Audited during master repository consolidation
PRIMARINE_IDEATION_EVIDENCE\figures\FIGURE_INDEX.md,.md,LEGACY_EVIDENCE,File located at PRIMARINE_IDEATION_EVIDENCE\figures\FIGURE_INDEX.md,HISTORICAL_FREEZE,HISTORICAL,POTENTIAL_HISTORICAL_DUPLICATE,SUPERSEDED_BY_CANONICAL,MEDIUM,LOW,LOW,LOW,PUBLIC_OPEN_SOURCE,Audited during master repository consolidation
PRIMARINE_IDEATION_EVIDENCE\figures\PRIMARINE_FULL_TECHNICAL_ARCHITECTURE.png,.png,LEGACY_EVIDENCE,File located at PRIMARINE_IDEATION_EVIDENCE\figures\PRIMARINE_FULL_TECHNICAL_ARCHITECTURE.png,HISTORICAL_FREEZE,HISTORICAL,POTENTIAL_HISTORICAL_DUPLICATE,SUPERSEDED_BY_CANONICAL,MEDIUM,LOW,LOW,LOW,PUBLIC_OPEN_SOURCE,Audited during master repository consolidation
PRIMARINE_IDEATION_EVIDENCE\figures\PRIMARINE_FULL_TECHNICAL_ARCHITECTURE.svg,.svg,LEGACY_EVIDENCE,File located at PRIMARINE_IDEATION_EVIDENCE\figures\PRIMARINE_FULL_TECHNICAL_ARCHITECTURE.svg,HISTORICAL_FREEZE,HISTORICAL,POTENTIAL_HISTORICAL_DUPLICATE,SUPERSEDED_BY_CANONICAL,MEDIUM,LOW,LOW,LOW,PUBLIC_OPEN_SOURCE,Audited during master repository consolidation
PRIMARINE_IDEATION_EVIDENCE\figures\stgnn_counterfactual_comparison.png,.png,LEGACY_EVIDENCE,File located at PRIMARINE_IDEATION_EVIDENCE\figures\stgnn_counterfactual_comparison.png,HISTORICAL_FREEZE,HISTORICAL,POTENTIAL_HISTORICAL_DUPLICATE,SUPERSEDED_BY_CANONICAL,MEDIUM,LOW,LOW,LOW,PUBLIC_OPEN_SOURCE,Audited during master repository consolidation
PRIMARINE_IDEATION_EVIDENCE\figures\stgnn_propagation_scenario.png,.png,LEGACY_EVIDENCE,File located at PRIMARINE_IDEATION_EVIDENCE\figures\stgnn_propagation_scenario.png,HISTORICAL_FREEZE,HISTORICAL,POTENTIAL_HISTORICAL_DUPLICATE,SUPERSEDED_BY_CANONICAL,MEDIUM,LOW,LOW,LOW,PUBLIC_OPEN_SOURCE,Audited during master repository consolidation
PRIMARINE_IDEATION_EVIDENCE\results\coverage_vs_width.csv,.csv,LEGACY_EVIDENCE,File located at PRIMARINE_IDEATION_EVIDENCE\results\coverage_vs_width.csv,HISTORICAL_FREEZE,HISTORICAL,POTENTIAL_HISTORICAL_DUPLICATE,SUPERSEDED_BY_CANONICAL,MEDIUM,LOW,LOW,LOW,PUBLIC_OPEN_SOURCE,Audited during master repository consolidation
PRIMARINE_IDEATION_EVIDENCE\results\decision_strategy_comparison.csv,.csv,LEGACY_EVIDENCE,File located at PRIMARINE_IDEATION_EVIDENCE\results\decision_strategy_comparison.csv,HISTORICAL_FREEZE,HISTORICAL,POTENTIAL_HISTORICAL_DUPLICATE,SUPERSEDED_BY_CANONICAL,MEDIUM,LOW,LOW,LOW,PUBLIC_OPEN_SOURCE,Audited during master repository consolidation
PRIMARINE_IDEATION_EVIDENCE\results\final_research_scorecard.csv,.csv,LEGACY_EVIDENCE,File located at PRIMARINE_IDEATION_EVIDENCE\results\final_research_scorecard.csv,HISTORICAL_FREEZE,HISTORICAL,POTENTIAL_HISTORICAL_DUPLICATE,SUPERSEDED_BY_CANONICAL,HIGH,HIGH,LOW,LOW,PUBLIC_OPEN_SOURCE,Audited during master repository consolidation
PRIMARINE_IDEATION_EVIDENCE\results\STGNN_RESULTS.json,.json,LEGACY_EVIDENCE,File located at PRIMARINE_IDEATION_EVIDENCE\results\STGNN_RESULTS.json,HISTORICAL_FREEZE,HISTORICAL,POTENTIAL_HISTORICAL_DUPLICATE,SUPERSEDED_BY_CANONICAL,MEDIUM,LOW,LOW,LOW,PUBLIC_OPEN_SOURCE,Audited during master repository consolidation
PRIMARINE_IDEATION_EVIDENCE\results\STGNN_RESULTS.md,.md,LEGACY_EVIDENCE,File located at PRIMARINE_IDEATION_EVIDENCE\results\STGNN_RESULTS.md,HISTORICAL_FREEZE,HISTORICAL,POTENTIAL_HISTORICAL_DUPLICATE,SUPERSEDED_BY_CANONICAL,MEDIUM,LOW,LOW,LOW,PUBLIC_OPEN_SOURCE,Audited during master repository consolidation
PRIMARINE_IDEATION_EVIDENCE\results\stgnn_sanity_checks.csv,.csv,LEGACY_EVIDENCE,File located at PRIMARINE_IDEATION_EVIDENCE\results\stgnn_sanity_checks.csv,HISTORICAL_FREEZE,HISTORICAL,POTENTIAL_HISTORICAL_DUPLICATE,SUPERSEDED_BY_CANONICAL,MEDIUM,LOW,LOW,LOW,PUBLIC_OPEN_SOURCE,Audited during master repository consolidation
PRIMARINE_IDEATION_EVIDENCE\results\stgnn_scenario_results.csv,.csv,LEGACY_EVIDENCE,File located at PRIMARINE_IDEATION_EVIDENCE\results\stgnn_scenario_results.csv,HISTORICAL_FREEZE,HISTORICAL,POTENTIAL_HISTORICAL_DUPLICATE,SUPERSEDED_BY_CANONICAL,MEDIUM,LOW,LOW,LOW,PUBLIC_OPEN_SOURCE,Audited during master repository consolidation
PRIMARINE_IDEATION_EVIDENCE\results\stgnn_spatial_attenuation.csv,.csv,LEGACY_EVIDENCE,File located at PRIMARINE_IDEATION_EVIDENCE\results\stgnn_spatial_attenuation.csv,HISTORICAL_FREEZE,HISTORICAL,POTENTIAL_HISTORICAL_DUPLICATE,SUPERSEDED_BY_CANONICAL,MEDIUM,LOW,LOW,LOW,PUBLIC_OPEN_SOURCE,Audited during master repository consolidation
PRIMARINE_IDEATION_EVIDENCE\results\turning_point_metrics.csv,.csv,LEGACY_EVIDENCE,File located at PRIMARINE_IDEATION_EVIDENCE\results\turning_point_metrics.csv,HISTORICAL_FREEZE,HISTORICAL,POTENTIAL_HISTORICAL_DUPLICATE,SUPERSEDED_BY_CANONICAL,MEDIUM,LOW,LOW,LOW,PUBLIC_OPEN_SOURCE,Audited during master repository consolidation
PRIMARINE_IDEATION_EVIDENCE\scripts\01_data_ingestion.py,.py,LEGACY_EVIDENCE,File located at PRIMARINE_IDEATION_EVIDENCE\scripts\01_data_ingestion.py,HISTORICAL_FREEZE,HISTORICAL,POTENTIAL_HISTORICAL_DUPLICATE,SUPERSEDED_BY_CANONICAL,HIGH,LOW,LOW,LOW,PUBLIC_OPEN_SOURCE,Audited during master repository consolidation
PRIMARINE_IDEATION_EVIDENCE\scripts\02_feature_engineering.py,.py,LEGACY_EVIDENCE,File located at PRIMARINE_IDEATION_EVIDENCE\scripts\02_feature_engineering.py,HISTORICAL_FREEZE,HISTORICAL,POTENTIAL_HISTORICAL_DUPLICATE,SUPERSEDED_BY_CANONICAL,MEDIUM,LOW,LOW,LOW,PUBLIC_OPEN_SOURCE,Audited during master repository consolidation
PRIMARINE_IDEATION_EVIDENCE\scripts\07_research_strengthening_engine.py,.py,LEGACY_EVIDENCE,File located at PRIMARINE_IDEATION_EVIDENCE\scripts\07_research_strengthening_engine.py,HISTORICAL_FREEZE,HISTORICAL,POTENTIAL_HISTORICAL_DUPLICATE,SUPERSEDED_BY_CANONICAL,HIGH,HIGH,LOW,LOW,PUBLIC_OPEN_SOURCE,Audited during master repository consolidation
PRIMARINE_IDEATION_EVIDENCE\scripts\09_validation_strengthening_engine.py,.py,LEGACY_EVIDENCE,File located at PRIMARINE_IDEATION_EVIDENCE\scripts\09_validation_strengthening_engine.py,HISTORICAL_FREEZE,HISTORICAL,POTENTIAL_HISTORICAL_DUPLICATE,SUPERSEDED_BY_CANONICAL,MEDIUM,LOW,LOW,LOW,PUBLIC_OPEN_SOURCE,Audited during master repository consolidation
PRIMARINE_IDEATION_EVIDENCE\scripts\13_run_stgnn_extension.py,.py,LEGACY_EVIDENCE,File located at PRIMARINE_IDEATION_EVIDENCE\scripts\13_run_stgnn_extension.py,HISTORICAL_FREEZE,HISTORICAL,POTENTIAL_HISTORICAL_DUPLICATE,SUPERSEDED_BY_CANONICAL,MEDIUM,LOW,LOW,LOW,PUBLIC_OPEN_SOURCE,Audited during master repository consolidation
PRIMARINE_RESEARCH_STRENGTHENED\01_CURRENT_POC_AUDIT.md,.md,LEGACY_EVIDENCE,File located at PRIMARINE_RESEARCH_STRENGTHENED\01_CURRENT_POC_AUDIT.md,HISTORICAL_FREEZE,HISTORICAL,POTENTIAL_HISTORICAL_DUPLICATE,SUPERSEDED_BY_CANONICAL,MEDIUM,LOW,LOW,LOW,PUBLIC_OPEN_SOURCE,Audited during master repository consolidation
PRIMARINE_RESEARCH_STRENGTHENED\02_LITERATURE_REVIEW.md,.md,LEGACY_EVIDENCE,File located at PRIMARINE_RESEARCH_STRENGTHENED\02_LITERATURE_REVIEW.md,HISTORICAL_FREEZE,HISTORICAL,POTENTIAL_HISTORICAL_DUPLICATE,SUPERSEDED_BY_CANONICAL,MEDIUM,LOW,LOW,LOW,PUBLIC_OPEN_SOURCE,Audited during master repository consolidation
PRIMARINE_RESEARCH_STRENGTHENED\03_RESEARCH_GAP.md,.md,LEGACY_EVIDENCE,File located at PRIMARINE_RESEARCH_STRENGTHENED\03_RESEARCH_GAP.md,HISTORICAL_FREEZE,HISTORICAL,POTENTIAL_HISTORICAL_DUPLICATE,SUPERSEDED_BY_CANONICAL,MEDIUM,LOW,LOW,LOW,PUBLIC_OPEN_SOURCE,Audited during master repository consolidation
PRIMARINE_RESEARCH_STRENGTHENED\06_FINAL_RESEARCH_CONTRIBUTION.md,.md,LEGACY_EVIDENCE,File located at PRIMARINE_RESEARCH_STRENGTHENED\06_FINAL_RESEARCH_CONTRIBUTION.md,HISTORICAL_FREEZE,HISTORICAL,POTENTIAL_HISTORICAL_DUPLICATE,SUPERSEDED_BY_CANONICAL,MEDIUM,LOW,LOW,LOW,PUBLIC_OPEN_SOURCE,Audited during master repository consolidation
prototype\PRIMARINE-demo\index.html,.html,OTHER,File located at prototype\PRIMARINE-demo\index.html,VALIDATED,SUPPORTING,POTENTIAL_HISTORICAL_DUPLICATE,SUPERSEDED_BY_CANONICAL,MEDIUM,LOW,LOW,HIGH,PUBLIC_OPEN_SOURCE,Audited during master repository consolidation
prototype\PRIMARINE-demo\README.md,.md,OTHER,File located at prototype\PRIMARINE-demo\README.md,VALIDATED,SUPPORTING,POTENTIAL_HISTORICAL_DUPLICATE,SUPERSEDED_BY_CANONICAL,MEDIUM,LOW,LOW,HIGH,PUBLIC_OPEN_SOURCE,Audited during master repository consolidation
prototype\PRIMARINE-demo\css\styles.css,.css,OTHER,File located at prototype\PRIMARINE-demo\css\styles.css,VALIDATED,SUPPORTING,POTENTIAL_HISTORICAL_DUPLICATE,SUPERSEDED_BY_CANONICAL,MEDIUM,LOW,LOW,HIGH,PUBLIC_OPEN_SOURCE,Audited during master repository consolidation
prototype\PRIMARINE-demo\js\app.js,.js,OTHER,File located at prototype\PRIMARINE-demo\js\app.js,VALIDATED,SUPPORTING,POTENTIAL_HISTORICAL_DUPLICATE,SUPERSEDED_BY_CANONICAL,MEDIUM,LOW,LOW,HIGH,PUBLIC_OPEN_SOURCE,Audited during master repository consolidation
prototype\PRIMARINE-demo\js\data.js,.js,OTHER,File located at prototype\PRIMARINE-demo\js\data.js,VALIDATED,SUPPORTING,POTENTIAL_HISTORICAL_DUPLICATE,SUPERSEDED_BY_CANONICAL,HIGH,LOW,LOW,HIGH,PUBLIC_OPEN_SOURCE,Audited during master repository consolidation
prototype\PRIMARINE-demo\js\engine.js,.js,OTHER,File located at prototype\PRIMARINE-demo\js\engine.js,VALIDATED,SUPPORTING,POTENTIAL_HISTORICAL_DUPLICATE,SUPERSEDED_BY_CANONICAL,MEDIUM,LOW,LOW,HIGH,PUBLIC_OPEN_SOURCE,Audited during master repository consolidation
research\CURRENT_POC_AUDIT.md,.md,OTHER,File located at research\CURRENT_POC_AUDIT.md,VALIDATED,SUPPORTING,POTENTIAL_HISTORICAL_DUPLICATE,SUPERSEDED_BY_CANONICAL,HIGH,HIGH,LOW,LOW,PUBLIC_OPEN_SOURCE,Audited during master repository consolidation
research\DATA_SOURCES.md,.md,OTHER,File located at research\DATA_SOURCES.md,VALIDATED,SUPPORTING,POTENTIAL_HISTORICAL_DUPLICATE,SUPERSEDED_BY_CANONICAL,HIGH,HIGH,LOW,LOW,PUBLIC_OPEN_SOURCE,Audited during master repository consolidation
research\DECISION_BOUNDARY_CLAIMS_AUDIT.md,.md,OTHER,File located at research\DECISION_BOUNDARY_CLAIMS_AUDIT.md,VALIDATED,SUPPORTING,POTENTIAL_HISTORICAL_DUPLICATE,SUPERSEDED_BY_CANONICAL,HIGH,HIGH,LOW,LOW,PUBLIC_OPEN_SOURCE,Audited during master repository consolidation
research\DECISION_BOUNDARY_RESEARCH.md,.md,OTHER,File located at research\DECISION_BOUNDARY_RESEARCH.md,VALIDATED,SUPPORTING,POTENTIAL_HISTORICAL_DUPLICATE,SUPERSEDED_BY_CANONICAL,HIGH,HIGH,LOW,LOW,PUBLIC_OPEN_SOURCE,Audited during master repository consolidation
research\FINAL_CLAIMS_AUDIT.md,.md,OTHER,File located at research\FINAL_CLAIMS_AUDIT.md,VALIDATED,SUPPORTING,POTENTIAL_HISTORICAL_DUPLICATE,SUPERSEDED_BY_CANONICAL,HIGH,HIGH,LOW,LOW,PUBLIC_OPEN_SOURCE,Audited during master repository consolidation
research\FINAL_FREEZE_CHECK.md,.md,OTHER,File located at research\FINAL_FREEZE_CHECK.md,VALIDATED,SUPPORTING,POTENTIAL_HISTORICAL_DUPLICATE,SUPERSEDED_BY_CANONICAL,HIGH,HIGH,LOW,LOW,PUBLIC_OPEN_SOURCE,Audited during master repository consolidation
research\FINAL_IDEATION_CLAIM_AUDIT.md,.md,OTHER,File located at research\FINAL_IDEATION_CLAIM_AUDIT.md,VALIDATED,SUPPORTING,POTENTIAL_HISTORICAL_DUPLICATE,SUPERSEDED_BY_CANONICAL,HIGH,HIGH,LOW,LOW,PUBLIC_OPEN_SOURCE,Audited during master repository consolidation
research\FINAL_PRIMARINE_README.md,.md,OTHER,File located at research\FINAL_PRIMARINE_README.md,VALIDATED,SUPPORTING,POTENTIAL_HISTORICAL_DUPLICATE,SUPERSEDED_BY_CANONICAL,HIGH,HIGH,LOW,LOW,PUBLIC_OPEN_SOURCE,Audited during master repository consolidation
research\FINAL_RESEARCH_CONTRIBUTION.md,.md,OTHER,File located at research\FINAL_RESEARCH_CONTRIBUTION.md,VALIDATED,SUPPORTING,POTENTIAL_HISTORICAL_DUPLICATE,SUPERSEDED_BY_CANONICAL,HIGH,HIGH,LOW,LOW,PUBLIC_OPEN_SOURCE,Audited during master repository consolidation
research\FRAGILITY_RESEARCH_REPORT.md,.md,OTHER,File located at research\FRAGILITY_RESEARCH_REPORT.md,VALIDATED,SUPPORTING,POTENTIAL_HISTORICAL_DUPLICATE,SUPERSEDED_BY_CANONICAL,HIGH,HIGH,LOW,LOW,PUBLIC_OPEN_SOURCE,Audited during master repository consolidation
research\FRAGILITY_RESEARCH_REPORT_AUDITED.md,.md,OTHER,File located at research\FRAGILITY_RESEARCH_REPORT_AUDITED.md,VALIDATED,SUPPORTING,POTENTIAL_HISTORICAL_DUPLICATE,SUPERSEDED_BY_CANONICAL,HIGH,HIGH,LOW,LOW,PUBLIC_OPEN_SOURCE,Audited during master repository consolidation
research\IDEATION_EVIDENCE_MATRIX.md,.md,OTHER,File located at research\IDEATION_EVIDENCE_MATRIX.md,VALIDATED,SUPPORTING,POTENTIAL_HISTORICAL_DUPLICATE,SUPERSEDED_BY_CANONICAL,HIGH,HIGH,LOW,LOW,PUBLIC_OPEN_SOURCE,Audited during master repository consolidation
research\IDEATION_LIMITATIONS.md,.md,OTHER,File located at research\IDEATION_LIMITATIONS.md,VALIDATED,SUPPORTING,POTENTIAL_HISTORICAL_DUPLICATE,SUPERSEDED_BY_CANONICAL,HIGH,HIGH,LOW,LOW,PUBLIC_OPEN_SOURCE,Audited during master repository consolidation
research\LITERATURE_REVIEW.md,.md,OTHER,File located at research\LITERATURE_REVIEW.md,VALIDATED,SUPPORTING,POTENTIAL_HISTORICAL_DUPLICATE,SUPERSEDED_BY_CANONICAL,HIGH,HIGH,LOW,LOW,PUBLIC_OPEN_SOURCE,Audited during master repository consolidation
research\PRIOR_ART_REVIEW.md,.md,OTHER,File located at research\PRIOR_ART_REVIEW.md,VALIDATED,SUPPORTING,POTENTIAL_HISTORICAL_DUPLICATE,SUPERSEDED_BY_CANONICAL,HIGH,HIGH,LOW,LOW,PUBLIC_OPEN_SOURCE,Audited during master repository consolidation
research\RESEARCH_GAP.md,.md,OTHER,File located at research\RESEARCH_GAP.md,VALIDATED,SUPPORTING,POTENTIAL_HISTORICAL_DUPLICATE,SUPERSEDED_BY_CANONICAL,HIGH,HIGH,LOW,LOW,PUBLIC_OPEN_SOURCE,Audited during master repository consolidation
research\results.zip,.zip,ARCHIVE_ZIP,File located at research\results.zip,FROZEN_BACKUP,ARCHIVE,POTENTIAL_HISTORICAL_DUPLICATE,SUPERSEDED_BY_CANONICAL,HIGH,HIGH,LOW,LOW,INTERNAL_BACKUP,Audited during master repository consolidation
research\RESULTS_REPORT.md,.md,OTHER,File located at research\RESULTS_REPORT.md,VALIDATED,SUPPORTING,POTENTIAL_HISTORICAL_DUPLICATE,SUPERSEDED_BY_CANONICAL,HIGH,HIGH,LOW,LOW,PUBLIC_OPEN_SOURCE,Audited during master repository consolidation
research\STGNN_PRIMARINE_INTEGRATION.md,.md,OTHER,File located at research\STGNN_PRIMARINE_INTEGRATION.md,VALIDATED,SUPPORTING,POTENTIAL_HISTORICAL_DUPLICATE,SUPERSEDED_BY_CANONICAL,HIGH,HIGH,LOW,LOW,PUBLIC_OPEN_SOURCE,Audited during master repository consolidation
research\STGNN_PROOF_OF_CONCEPT.md,.md,OTHER,File located at research\STGNN_PROOF_OF_CONCEPT.md,VALIDATED,SUPPORTING,POTENTIAL_HISTORICAL_DUPLICATE,SUPERSEDED_BY_CANONICAL,HIGH,HIGH,LOW,LOW,PUBLIC_OPEN_SOURCE,Audited during master repository consolidation
research\STGNN_RESEARCH_DESIGN.md,.md,OTHER,File located at research\STGNN_RESEARCH_DESIGN.md,VALIDATED,SUPPORTING,POTENTIAL_HISTORICAL_DUPLICATE,SUPERSEDED_BY_CANONICAL,HIGH,HIGH,LOW,LOW,PUBLIC_OPEN_SOURCE,Audited during master repository consolidation
research\VALIDATION_AUDIT.md,.md,OTHER,File located at research\VALIDATION_AUDIT.md,VALIDATED,SUPPORTING,POTENTIAL_HISTORICAL_DUPLICATE,SUPERSEDED_BY_CANONICAL,HIGH,HIGH,LOW,LOW,PUBLIC_OPEN_SOURCE,Audited during master repository consolidation
research\decision_boundary\bootstrap_statistics.csv,.csv,OTHER,File located at research\decision_boundary\bootstrap_statistics.csv,VALIDATED,SUPPORTING,POTENTIAL_HISTORICAL_DUPLICATE,SUPERSEDED_BY_CANONICAL,HIGH,HIGH,LOW,LOW,PUBLIC_OPEN_SOURCE,Audited during master repository consolidation
research\decision_boundary\boundary_crossing_vs_false_breakout.png,.png,OTHER,File located at research\decision_boundary\boundary_crossing_vs_false_breakout.png,VALIDATED,SUPPORTING,POTENTIAL_HISTORICAL_DUPLICATE,SUPERSEDED_BY_CANONICAL,HIGH,HIGH,LOW,LOW,PUBLIC_OPEN_SOURCE,Audited during master repository consolidation
research\decision_boundary\decision_boundary_analysis.csv,.csv,OTHER,File located at research\decision_boundary\decision_boundary_analysis.csv,VALIDATED,SUPPORTING,POTENTIAL_HISTORICAL_DUPLICATE,SUPERSEDED_BY_CANONICAL,HIGH,HIGH,LOW,LOW,PUBLIC_OPEN_SOURCE,Audited during master repository consolidation
research\decision_boundary\decision_boundary_diagram.png,.png,OTHER,File located at research\decision_boundary\decision_boundary_diagram.png,VALIDATED,SUPPORTING,POTENTIAL_HISTORICAL_DUPLICATE,SUPERSEDED_BY_CANONICAL,HIGH,HIGH,LOW,LOW,PUBLIC_OPEN_SOURCE,Audited during master repository consolidation
research\decision_boundary\margin_analysis.csv,.csv,OTHER,File located at research\decision_boundary\margin_analysis.csv,VALIDATED,SUPPORTING,POTENTIAL_HISTORICAL_DUPLICATE,SUPERSEDED_BY_CANONICAL,HIGH,HIGH,LOW,LOW,PUBLIC_OPEN_SOURCE,Audited during master repository consolidation
research\decision_boundary\margin_vs_regret.png,.png,OTHER,File located at research\decision_boundary\margin_vs_regret.png,VALIDATED,SUPPORTING,POTENTIAL_HISTORICAL_DUPLICATE,SUPERSEDED_BY_CANONICAL,HIGH,HIGH,LOW,LOW,PUBLIC_OPEN_SOURCE,Audited during master repository consolidation
research\decision_boundary\risk_coverage.csv,.csv,OTHER,File located at research\decision_boundary\risk_coverage.csv,VALIDATED,SUPPORTING,POTENTIAL_HISTORICAL_DUPLICATE,SUPERSEDED_BY_CANONICAL,HIGH,HIGH,LOW,LOW,PUBLIC_OPEN_SOURCE,Audited during master repository consolidation
research\decision_boundary\risk_coverage_combined.png,.png,OTHER,File located at research\decision_boundary\risk_coverage_combined.png,VALIDATED,SUPPORTING,POTENTIAL_HISTORICAL_DUPLICATE,SUPERSEDED_BY_CANONICAL,HIGH,HIGH,LOW,LOW,PUBLIC_OPEN_SOURCE,Audited during master repository consolidation
research\decision_boundary\risk_coverage_margin.png,.png,OTHER,File located at research\decision_boundary\risk_coverage_margin.png,VALIDATED,SUPPORTING,POTENTIAL_HISTORICAL_DUPLICATE,SUPERSEDED_BY_CANONICAL,HIGH,HIGH,LOW,LOW,PUBLIC_OPEN_SOURCE,Audited during master repository consolidation
research\decision_boundary\risk_coverage_width.png,.png,OTHER,File located at research\decision_boundary\risk_coverage_width.png,VALIDATED,SUPPORTING,POTENTIAL_HISTORICAL_DUPLICATE,SUPERSEDED_BY_CANONICAL,HIGH,HIGH,LOW,LOW,PUBLIC_OPEN_SOURCE,Audited during master repository consolidation
research\decision_boundary\selective_policy_comparison.csv,.csv,OTHER,File located at research\decision_boundary\selective_policy_comparison.csv,VALIDATED,SUPPORTING,POTENTIAL_HISTORICAL_DUPLICATE,SUPERSEDED_BY_CANONICAL,HIGH,HIGH,LOW,LOW,PUBLIC_OPEN_SOURCE,Audited during master repository consolidation
research\decision_boundary\selective_policy_comparison.png,.png,OTHER,File located at research\decision_boundary\selective_policy_comparison.png,VALIDATED,SUPPORTING,POTENTIAL_HISTORICAL_DUPLICATE,SUPERSEDED_BY_CANONICAL,HIGH,HIGH,LOW,LOW,PUBLIC_OPEN_SOURCE,Audited during master repository consolidation
research\decision_boundary\width_boundary_comparison.csv,.csv,OTHER,File located at research\decision_boundary\width_boundary_comparison.csv,VALIDATED,SUPPORTING,POTENTIAL_HISTORICAL_DUPLICATE,SUPERSEDED_BY_CANONICAL,HIGH,HIGH,LOW,LOW,PUBLIC_OPEN_SOURCE,Audited during master repository consolidation
research\decision_boundary\width_vs_boundary_risk.png,.png,OTHER,File located at research\decision_boundary\width_vs_boundary_risk.png,VALIDATED,SUPPORTING,POTENTIAL_HISTORICAL_DUPLICATE,SUPERSEDED_BY_CANONICAL,HIGH,HIGH,LOW,LOW,PUBLIC_OPEN_SOURCE,Audited during master repository consolidation
research\experiments\01_decision_fragility.py,.py,OTHER,File located at research\experiments\01_decision_fragility.py,VALIDATED,SUPPORTING,POTENTIAL_HISTORICAL_DUPLICATE,SUPERSEDED_BY_CANONICAL,HIGH,HIGH,LOW,LOW,PUBLIC_OPEN_SOURCE,Audited during master repository consolidation
research\experiments\02_uncertainty_propagation.py,.py,OTHER,File located at research\experiments\02_uncertainty_propagation.py,VALIDATED,SUPPORTING,POTENTIAL_HISTORICAL_DUPLICATE,SUPERSEDED_BY_CANONICAL,HIGH,HIGH,LOW,LOW,PUBLIC_OPEN_SOURCE,Audited during master repository consolidation
research\experiments\03_constraint_sensitivity.py,.py,OTHER,File located at research\experiments\03_constraint_sensitivity.py,VALIDATED,SUPPORTING,POTENTIAL_HISTORICAL_DUPLICATE,SUPERSEDED_BY_CANONICAL,HIGH,HIGH,LOW,LOW,PUBLIC_OPEN_SOURCE,Audited during master repository consolidation
research\experiments\04_adaptive_disruption.py,.py,OTHER,File located at research\experiments\04_adaptive_disruption.py,VALIDATED,SUPPORTING,POTENTIAL_HISTORICAL_DUPLICATE,SUPERSEDED_BY_CANONICAL,HIGH,HIGH,LOW,LOW,PUBLIC_OPEN_SOURCE,Audited during master repository consolidation
research\experiments\05_value_of_information.py,.py,OTHER,File located at research\experiments\05_value_of_information.py,VALIDATED,SUPPORTING,POTENTIAL_HISTORICAL_DUPLICATE,SUPERSEDED_BY_CANONICAL,HIGH,HIGH,LOW,LOW,PUBLIC_OPEN_SOURCE,Audited during master repository consolidation
research\experiments\06_ablation.py,.py,OTHER,File located at research\experiments\06_ablation.py,VALIDATED,SUPPORTING,POTENTIAL_HISTORICAL_DUPLICATE,SUPERSEDED_BY_CANONICAL,HIGH,HIGH,LOW,LOW,PUBLIC_OPEN_SOURCE,Audited during master repository consolidation
research\experiments\07_stgnn_decision_comparison.py,.py,OTHER,File located at research\experiments\07_stgnn_decision_comparison.py,VALIDATED,SUPPORTING,POTENTIAL_HISTORICAL_DUPLICATE,SUPERSEDED_BY_CANONICAL,HIGH,HIGH,LOW,LOW,PUBLIC_OPEN_SOURCE,Audited during master repository consolidation
research\experiments\08_fragility_surface.py,.py,OTHER,File located at research\experiments\08_fragility_surface.py,VALIDATED,SUPPORTING,POTENTIAL_HISTORICAL_DUPLICATE,SUPERSEDED_BY_CANONICAL,HIGH,HIGH,LOW,LOW,PUBLIC_OPEN_SOURCE,Audited during master repository consolidation
research\experiments\09_abstention_vs_forced.py,.py,OTHER,File located at research\experiments\09_abstention_vs_forced.py,VALIDATED,SUPPORTING,POTENTIAL_HISTORICAL_DUPLICATE,SUPERSEDED_BY_CANONICAL,HIGH,HIGH,LOW,LOW,PUBLIC_OPEN_SOURCE,Audited during master repository consolidation
research\experiments\10_timing_flip_threshold.py,.py,OTHER,File located at research\experiments\10_timing_flip_threshold.py,VALIDATED,SUPPORTING,POTENTIAL_HISTORICAL_DUPLICATE,SUPERSEDED_BY_CANONICAL,HIGH,HIGH,LOW,LOW,PUBLIC_OPEN_SOURCE,Audited during master repository consolidation
research\experiments\11_constraint_fragility.py,.py,OTHER,File located at research\experiments\11_constraint_fragility.py,VALIDATED,SUPPORTING,POTENTIAL_HISTORICAL_DUPLICATE,SUPERSEDED_BY_CANONICAL,HIGH,HIGH,LOW,LOW,PUBLIC_OPEN_SOURCE,Audited during master repository consolidation
research\experiments\12_negative_control.py,.py,OTHER,File located at research\experiments\12_negative_control.py,VALIDATED,SUPPORTING,POTENTIAL_HISTORICAL_DUPLICATE,SUPERSEDED_BY_CANONICAL,HIGH,HIGH,LOW,LOW,PUBLIC_OPEN_SOURCE,Audited during master repository consolidation
research\experiments\13_decision_boundary.py,.py,OTHER,File located at research\experiments\13_decision_boundary.py,VALIDATED,SUPPORTING,POTENTIAL_HISTORICAL_DUPLICATE,SUPERSEDED_BY_CANONICAL,HIGH,HIGH,LOW,LOW,PUBLIC_OPEN_SOURCE,Audited during master repository consolidation
research\experiments\14_selective_boundary.py,.py,OTHER,File located at research\experiments\14_selective_boundary.py,VALIDATED,SUPPORTING,POTENTIAL_HISTORICAL_DUPLICATE,SUPERSEDED_BY_CANONICAL,HIGH,HIGH,LOW,LOW,PUBLIC_OPEN_SOURCE,Audited during master repository consolidation
research\experiments\15_boundary_statistics.py,.py,OTHER,File located at research\experiments\15_boundary_statistics.py,VALIDATED,SUPPORTING,POTENTIAL_HISTORICAL_DUPLICATE,SUPERSEDED_BY_CANONICAL,HIGH,HIGH,LOW,LOW,PUBLIC_OPEN_SOURCE,Audited during master repository consolidation
research\experiments\generate_hero_figure.py,.py,OTHER,File located at research\experiments\generate_hero_figure.py,VALIDATED,SUPPORTING,POTENTIAL_HISTORICAL_DUPLICATE,SUPERSEDED_BY_CANONICAL,HIGH,HIGH,LOW,LOW,PUBLIC_OPEN_SOURCE,Audited during master repository consolidation
research\experiments\run_all_experiments.py,.py,OTHER,File located at research\experiments\run_all_experiments.py,VALIDATED,SUPPORTING,POTENTIAL_HISTORICAL_DUPLICATE,SUPERSEDED_BY_CANONICAL,HIGH,HIGH,LOW,LOW,PUBLIC_OPEN_SOURCE,Audited during master repository consolidation
research\experiments\run_boundary_research.py,.py,OTHER,File located at research\experiments\run_boundary_research.py,VALIDATED,SUPPORTING,POTENTIAL_HISTORICAL_DUPLICATE,SUPERSEDED_BY_CANONICAL,HIGH,HIGH,LOW,LOW,PUBLIC_OPEN_SOURCE,Audited during master repository consolidation
research\experiments\run_fragility_research.py,.py,OTHER,File located at research\experiments\run_fragility_research.py,VALIDATED,SUPPORTING,POTENTIAL_HISTORICAL_DUPLICATE,SUPERSEDED_BY_CANONICAL,HIGH,HIGH,LOW,LOW,PUBLIC_OPEN_SOURCE,Audited during master repository consolidation
research\experiments\value_of_information_v2_runner.py,.py,OTHER,File located at research\experiments\value_of_information_v2_runner.py,VALIDATED,SUPPORTING,POTENTIAL_HISTORICAL_DUPLICATE,SUPERSEDED_BY_CANONICAL,HIGH,HIGH,LOW,LOW,PUBLIC_OPEN_SOURCE,Audited during master repository consolidation
research\figures\ablation_results.png,.png,OTHER,File located at research\figures\ablation_results.png,VALIDATED,SUPPORTING,POTENTIAL_HISTORICAL_DUPLICATE,SUPERSEDED_BY_CANONICAL,HIGH,HIGH,LOW,LOW,PUBLIC_OPEN_SOURCE,Audited during master repository consolidation
research\figures\constraint_criticality.png,.png,OTHER,File located at research\figures\constraint_criticality.png,VALIDATED,SUPPORTING,POTENTIAL_HISTORICAL_DUPLICATE,SUPERSEDED_BY_CANONICAL,HIGH,HIGH,LOW,LOW,PUBLIC_OPEN_SOURCE,Audited during master repository consolidation
research\figures\decision_flip_rate.png,.png,OTHER,File located at research\figures\decision_flip_rate.png,VALIDATED,SUPPORTING,POTENTIAL_HISTORICAL_DUPLICATE,SUPERSEDED_BY_CANONICAL,HIGH,HIGH,LOW,LOW,PUBLIC_OPEN_SOURCE,Audited during master repository consolidation
research\figures\decision_fragility_distribution.png,.png,OTHER,File located at research\figures\decision_fragility_distribution.png,VALIDATED,SUPPORTING,POTENTIAL_HISTORICAL_DUPLICATE,SUPERSEDED_BY_CANONICAL,HIGH,HIGH,LOW,LOW,PUBLIC_OPEN_SOURCE,Audited during master repository consolidation
research\figures\disruption_recovery.png,.png,OTHER,File located at research\figures\disruption_recovery.png,VALIDATED,SUPPORTING,POTENTIAL_HISTORICAL_DUPLICATE,SUPERSEDED_BY_CANONICAL,HIGH,HIGH,LOW,LOW,PUBLIC_OPEN_SOURCE,Audited during master repository consolidation
research\figures\feasibility_robustness.png,.png,OTHER,File located at research\figures\feasibility_robustness.png,VALIDATED,SUPPORTING,POTENTIAL_HISTORICAL_DUPLICATE,SUPERSEDED_BY_CANONICAL,HIGH,HIGH,LOW,LOW,PUBLIC_OPEN_SOURCE,Audited during master repository consolidation
research\figures\hero_decision_pipeline.png,.png,OTHER,File located at research\figures\hero_decision_pipeline.png,VALIDATED,SUPPORTING,POTENTIAL_HISTORICAL_DUPLICATE,SUPERSEDED_BY_CANONICAL,HIGH,HIGH,LOW,LOW,PUBLIC_OPEN_SOURCE,Audited during master repository consolidation
research\figures\stgnn_decision_comparison.png,.png,OTHER,File located at research\figures\stgnn_decision_comparison.png,VALIDATED,SUPPORTING,POTENTIAL_HISTORICAL_DUPLICATE,SUPERSEDED_BY_CANONICAL,HIGH,HIGH,LOW,LOW,PUBLIC_OPEN_SOURCE,Audited during master repository consolidation
research\figures\value_of_information.png,.png,OTHER,File located at research\figures\value_of_information.png,VALIDATED,SUPPORTING,POTENTIAL_HISTORICAL_DUPLICATE,SUPERSEDED_BY_CANONICAL,HIGH,HIGH,LOW,LOW,PUBLIC_OPEN_SOURCE,Audited during master repository consolidation
research\fragility_surface\abstention_experiment.csv,.csv,OTHER,File located at research\fragility_surface\abstention_experiment.csv,VALIDATED,SUPPORTING,POTENTIAL_HISTORICAL_DUPLICATE,SUPERSEDED_BY_CANONICAL,HIGH,HIGH,LOW,LOW,PUBLIC_OPEN_SOURCE,Audited during master repository consolidation
research\fragility_surface\constraint_sensitivity_v2.csv,.csv,OTHER,File located at research\fragility_surface\constraint_sensitivity_v2.csv,VALIDATED,SUPPORTING,POTENTIAL_HISTORICAL_DUPLICATE,SUPERSEDED_BY_CANONICAL,HIGH,HIGH,LOW,LOW,PUBLIC_OPEN_SOURCE,Audited during master repository consolidation
research\fragility_surface\constraint_tightness_vs_fragility.png,.png,OTHER,File located at research\fragility_surface\constraint_tightness_vs_fragility.png,VALIDATED,SUPPORTING,POTENTIAL_HISTORICAL_DUPLICATE,SUPERSEDED_BY_CANONICAL,HIGH,HIGH,LOW,LOW,PUBLIC_OPEN_SOURCE,Audited during master repository consolidation
research\fragility_surface\cost_vs_abstention.png,.png,OTHER,File located at research\fragility_surface\cost_vs_abstention.png,VALIDATED,SUPPORTING,POTENTIAL_HISTORICAL_DUPLICATE,SUPERSEDED_BY_CANONICAL,HIGH,HIGH,LOW,LOW,PUBLIC_OPEN_SOURCE,Audited during master repository consolidation
research\fragility_surface\decision_fragility_heatmap.png,.png,OTHER,File located at research\fragility_surface\decision_fragility_heatmap.png,VALIDATED,SUPPORTING,POTENTIAL_HISTORICAL_DUPLICATE,SUPERSEDED_BY_CANONICAL,HIGH,HIGH,LOW,LOW,PUBLIC_OPEN_SOURCE,Audited during master repository consolidation
research\fragility_surface\feasibility_vs_uncertainty.png,.png,OTHER,File located at research\fragility_surface\feasibility_vs_uncertainty.png,VALIDATED,SUPPORTING,POTENTIAL_HISTORICAL_DUPLICATE,SUPERSEDED_BY_CANONICAL,HIGH,HIGH,LOW,LOW,PUBLIC_OPEN_SOURCE,Audited during master repository consolidation
research\fragility_surface\fragility_surface.csv,.csv,OTHER,File located at research\fragility_surface\fragility_surface.csv,VALIDATED,SUPPORTING,POTENTIAL_HISTORICAL_DUPLICATE,SUPERSEDED_BY_CANONICAL,HIGH,HIGH,LOW,LOW,PUBLIC_OPEN_SOURCE,Audited during master repository consolidation
research\fragility_surface\negative_control.csv,.csv,OTHER,File located at research\fragility_surface\negative_control.csv,VALIDATED,SUPPORTING,POTENTIAL_HISTORICAL_DUPLICATE,SUPERSEDED_BY_CANONICAL,HIGH,HIGH,LOW,LOW,PUBLIC_OPEN_SOURCE,Audited during master repository consolidation
research\fragility_surface\negative_control.png,.png,OTHER,File located at research\fragility_surface\negative_control.png,VALIDATED,SUPPORTING,POTENTIAL_HISTORICAL_DUPLICATE,SUPERSEDED_BY_CANONICAL,HIGH,HIGH,LOW,LOW,PUBLIC_OPEN_SOURCE,Audited during master repository consolidation
research\fragility_surface\physical_flip_vs_uncertainty.png,.png,OTHER,File located at research\fragility_surface\physical_flip_vs_uncertainty.png,VALIDATED,SUPPORTING,POTENTIAL_HISTORICAL_DUPLICATE,SUPERSEDED_BY_CANONICAL,HIGH,HIGH,LOW,LOW,PUBLIC_OPEN_SOURCE,Audited during master repository consolidation
research\fragility_surface\regret_vs_uncertainty.png,.png,OTHER,File located at research\fragility_surface\regret_vs_uncertainty.png,VALIDATED,SUPPORTING,POTENTIAL_HISTORICAL_DUPLICATE,SUPERSEDED_BY_CANONICAL,HIGH,HIGH,LOW,LOW,PUBLIC_OPEN_SOURCE,Audited during master repository consolidation
research\fragility_surface\threshold_analysis.csv,.csv,OTHER,File located at research\fragility_surface\threshold_analysis.csv,VALIDATED,SUPPORTING,POTENTIAL_HISTORICAL_DUPLICATE,SUPERSEDED_BY_CANONICAL,HIGH,HIGH,LOW,LOW,PUBLIC_OPEN_SOURCE,Audited during master repository consolidation
research\fragility_surface\timing_flip_vs_uncertainty.png,.png,OTHER,File located at research\fragility_surface\timing_flip_vs_uncertainty.png,VALIDATED,SUPPORTING,POTENTIAL_HISTORICAL_DUPLICATE,SUPERSEDED_BY_CANONICAL,HIGH,HIGH,LOW,LOW,PUBLIC_OPEN_SOURCE,Audited during master repository consolidation
research\fragility_surface\value_of_information_v2.csv,.csv,OTHER,File located at research\fragility_surface\value_of_information_v2.csv,VALIDATED,SUPPORTING,POTENTIAL_HISTORICAL_DUPLICATE,SUPERSEDED_BY_CANONICAL,HIGH,HIGH,LOW,LOW,PUBLIC_OPEN_SOURCE,Audited during master repository consolidation
research\PRIMARINE_RESEARCH_PACKAGE\ABSTRACT.md,.md,OTHER,File located at research\PRIMARINE_RESEARCH_PACKAGE\ABSTRACT.md,VALIDATED,SUPPORTING,POTENTIAL_HISTORICAL_DUPLICATE,SUPERSEDED_BY_CANONICAL,HIGH,HIGH,LOW,LOW,PUBLIC_OPEN_SOURCE,Audited during master repository consolidation
research\PRIMARINE_RESEARCH_PACKAGE\FIGURE_INDEX.md,.md,OTHER,File located at research\PRIMARINE_RESEARCH_PACKAGE\FIGURE_INDEX.md,VALIDATED,SUPPORTING,POTENTIAL_HISTORICAL_DUPLICATE,SUPERSEDED_BY_CANONICAL,HIGH,HIGH,LOW,LOW,PUBLIC_OPEN_SOURCE,Audited during master repository consolidation
research\PRIMARINE_RESEARCH_PACKAGE\FINAL_CLAIM_MATRIX.md,.md,OTHER,File located at research\PRIMARINE_RESEARCH_PACKAGE\FINAL_CLAIM_MATRIX.md,VALIDATED,SUPPORTING,POTENTIAL_HISTORICAL_DUPLICATE,SUPERSEDED_BY_CANONICAL,HIGH,HIGH,LOW,LOW,PUBLIC_OPEN_SOURCE,Audited during master repository consolidation
research\PRIMARINE_RESEARCH_PACKAGE\FINAL_RESEARCH_POSITION.md,.md,OTHER,File located at research\PRIMARINE_RESEARCH_PACKAGE\FINAL_RESEARCH_POSITION.md,VALIDATED,SUPPORTING,POTENTIAL_HISTORICAL_DUPLICATE,SUPERSEDED_BY_CANONICAL,HIGH,HIGH,LOW,LOW,PUBLIC_OPEN_SOURCE,Audited during master repository consolidation
research\PRIMARINE_RESEARCH_PACKAGE\hero_decision_pipeline.png,.png,OTHER,File located at research\PRIMARINE_RESEARCH_PACKAGE\hero_decision_pipeline.png,VALIDATED,SUPPORTING,POTENTIAL_HISTORICAL_DUPLICATE,SUPERSEDED_BY_CANONICAL,HIGH,HIGH,LOW,LOW,PUBLIC_OPEN_SOURCE,Audited during master repository consolidation
research\PRIMARINE_RESEARCH_PACKAGE\REPRODUCIBILITY_MANIFEST.md,.md,OTHER,File located at research\PRIMARINE_RESEARCH_PACKAGE\REPRODUCIBILITY_MANIFEST.md,VALIDATED,SUPPORTING,POTENTIAL_HISTORICAL_DUPLICATE,SUPERSEDED_BY_CANONICAL,HIGH,HIGH,LOW,LOW,PUBLIC_OPEN_SOURCE,Audited during master repository consolidation
research\PRIMARINE_RESEARCH_PACKAGE\STRATEGIC_PITCH_AND_PAPER_PLAYBOOK.md,.md,OTHER,File located at research\PRIMARINE_RESEARCH_PACKAGE\STRATEGIC_PITCH_AND_PAPER_PLAYBOOK.md,VALIDATED,SUPPORTING,POTENTIAL_HISTORICAL_DUPLICATE,SUPERSEDED_BY_CANONICAL,HIGH,HIGH,LOW,LOW,PUBLIC_OPEN_SOURCE,Audited during master repository consolidation
research\results\01_decision_fragility.csv,.csv,OTHER,File located at research\results\01_decision_fragility.csv,VALIDATED,SUPPORTING,POTENTIAL_HISTORICAL_DUPLICATE,SUPERSEDED_BY_CANONICAL,HIGH,HIGH,LOW,LOW,PUBLIC_OPEN_SOURCE,Audited during master repository consolidation
research\results\02_uncertainty_propagation.csv,.csv,OTHER,File located at research\results\02_uncertainty_propagation.csv,VALIDATED,SUPPORTING,POTENTIAL_HISTORICAL_DUPLICATE,SUPERSEDED_BY_CANONICAL,HIGH,HIGH,LOW,LOW,PUBLIC_OPEN_SOURCE,Audited during master repository consolidation
research\results\03_constraint_sensitivity.csv,.csv,OTHER,File located at research\results\03_constraint_sensitivity.csv,VALIDATED,SUPPORTING,POTENTIAL_HISTORICAL_DUPLICATE,SUPERSEDED_BY_CANONICAL,HIGH,HIGH,LOW,LOW,PUBLIC_OPEN_SOURCE,Audited during master repository consolidation
research\results\04_adaptive_disruption.csv,.csv,OTHER,File located at research\results\04_adaptive_disruption.csv,VALIDATED,SUPPORTING,POTENTIAL_HISTORICAL_DUPLICATE,SUPERSEDED_BY_CANONICAL,HIGH,HIGH,LOW,LOW,PUBLIC_OPEN_SOURCE,Audited during master repository consolidation
research\results\05_value_of_information.csv,.csv,OTHER,File located at research\results\05_value_of_information.csv,VALIDATED,SUPPORTING,POTENTIAL_HISTORICAL_DUPLICATE,SUPERSEDED_BY_CANONICAL,HIGH,HIGH,LOW,LOW,PUBLIC_OPEN_SOURCE,Audited during master repository consolidation
research\results\06_ablation.csv,.csv,OTHER,File located at research\results\06_ablation.csv,VALIDATED,SUPPORTING,POTENTIAL_HISTORICAL_DUPLICATE,SUPERSEDED_BY_CANONICAL,HIGH,HIGH,LOW,LOW,PUBLIC_OPEN_SOURCE,Audited during master repository consolidation
research\results\07_stgnn_comparison.csv,.csv,OTHER,File located at research\results\07_stgnn_comparison.csv,VALIDATED,SUPPORTING,POTENTIAL_HISTORICAL_DUPLICATE,SUPERSEDED_BY_CANONICAL,HIGH,HIGH,LOW,LOW,PUBLIC_OPEN_SOURCE,Audited during master repository consolidation
research\results\decision_fragility_summary.json,.json,OTHER,File located at research\results\decision_fragility_summary.json,VALIDATED,SUPPORTING,POTENTIAL_HISTORICAL_DUPLICATE,SUPERSEDED_BY_CANONICAL,HIGH,HIGH,LOW,LOW,PUBLIC_OPEN_SOURCE,Audited during master repository consolidation
research\results\experiment_summary.json,.json,OTHER,File located at research\results\experiment_summary.json,VALIDATED,SUPPORTING,POTENTIAL_HISTORICAL_DUPLICATE,SUPERSEDED_BY_CANONICAL,HIGH,HIGH,LOW,LOW,PUBLIC_OPEN_SOURCE,Audited during master repository consolidation
results\data_quality_report.md,.md,OTHER,File located at results\data_quality_report.md,VALIDATED,SUPPORTING,POTENTIAL_HISTORICAL_DUPLICATE,SUPERSEDED_BY_CANONICAL,HIGH,LOW,LOW,LOW,PUBLIC_OPEN_SOURCE,Audited during master repository consolidation
results\forecast_scorecard.md,.md,OTHER,File located at results\forecast_scorecard.md,VALIDATED,SUPPORTING,POTENTIAL_HISTORICAL_DUPLICATE,SUPERSEDED_BY_CANONICAL,MEDIUM,LOW,LOW,LOW,PUBLIC_OPEN_SOURCE,Audited during master repository consolidation
results\PRIMARINE_FORECASTING_EXPERIMENT.md,.md,OTHER,File located at results\PRIMARINE_FORECASTING_EXPERIMENT.md,VALIDATED,SUPPORTING,POTENTIAL_HISTORICAL_DUPLICATE,SUPERSEDED_BY_CANONICAL,MEDIUM,LOW,LOW,LOW,PUBLIC_OPEN_SOURCE,Audited during master repository consolidation
results\market_entry_backtest_results.csv,.csv,OTHER,File located at results\market_entry_backtest_results.csv,VALIDATED,SUPPORTING,POTENTIAL_HISTORICAL_DUPLICATE,SUPERSEDED_BY_CANONICAL,MEDIUM,LOW,LOW,LOW,PUBLIC_OPEN_SOURCE,Audited during master repository consolidation
results\metrics.json,.json,OTHER,File located at results\metrics.json,VALIDATED,SUPPORTING,POTENTIAL_HISTORICAL_DUPLICATE,SUPERSEDED_BY_CANONICAL,MEDIUM,LOW,LOW,LOW,PUBLIC_OPEN_SOURCE,Audited during master repository consolidation
results\model_comparison.csv,.csv,OTHER,File located at results\model_comparison.csv,VALIDATED,SUPPORTING,POTENTIAL_HISTORICAL_DUPLICATE,SUPERSEDED_BY_CANONICAL,MEDIUM,LOW,LOW,LOW,PUBLIC_OPEN_SOURCE,Audited during master repository consolidation
results\figures\backtest_forecast.png,.png,OTHER,File located at results\figures\backtest_forecast.png,VALIDATED,SUPPORTING,POTENTIAL_HISTORICAL_DUPLICATE,SUPERSEDED_BY_CANONICAL,MEDIUM,LOW,LOW,LOW,PUBLIC_OPEN_SOURCE,Audited during master repository consolidation
results\figures\feature_importance.png,.png,OTHER,File located at results\figures\feature_importance.png,VALIDATED,SUPPORTING,POTENTIAL_HISTORICAL_DUPLICATE,SUPERSEDED_BY_CANONICAL,MEDIUM,LOW,LOW,LOW,PUBLIC_OPEN_SOURCE,Audited during master repository consolidation
results\figures\PRIMARINE_forecast_evidence.png,.png,OTHER,File located at results\figures\PRIMARINE_forecast_evidence.png,VALIDATED,SUPPORTING,POTENTIAL_HISTORICAL_DUPLICATE,SUPERSEDED_BY_CANONICAL,MEDIUM,LOW,LOW,LOW,PUBLIC_OPEN_SOURCE,Audited during master repository consolidation
results\figures\model_backtest_comparison.png,.png,OTHER,File located at results\figures\model_backtest_comparison.png,VALIDATED,SUPPORTING,POTENTIAL_HISTORICAL_DUPLICATE,SUPERSEDED_BY_CANONICAL,MEDIUM,LOW,LOW,LOW,PUBLIC_OPEN_SOURCE,Audited during master repository consolidation
results\research\ablation_metrics.csv,.csv,OTHER,File located at results\research\ablation_metrics.csv,VALIDATED,SUPPORTING,POTENTIAL_HISTORICAL_DUPLICATE,SUPERSEDED_BY_CANONICAL,HIGH,HIGH,LOW,LOW,PUBLIC_OPEN_SOURCE,Audited during master repository consolidation
results\research\coverage_vs_width.csv,.csv,OTHER,File located at results\research\coverage_vs_width.csv,VALIDATED,SUPPORTING,POTENTIAL_HISTORICAL_DUPLICATE,SUPERSEDED_BY_CANONICAL,HIGH,HIGH,LOW,LOW,PUBLIC_OPEN_SOURCE,Audited during master repository consolidation
results\research\cqr_regime_validation.csv,.csv,OTHER,File located at results\research\cqr_regime_validation.csv,VALIDATED,SUPPORTING,POTENTIAL_HISTORICAL_DUPLICATE,SUPERSEDED_BY_CANONICAL,HIGH,HIGH,LOW,LOW,PUBLIC_OPEN_SOURCE,Audited during master repository consolidation
results\research\decision_metrics.csv,.csv,OTHER,File located at results\research\decision_metrics.csv,VALIDATED,SUPPORTING,POTENTIAL_HISTORICAL_DUPLICATE,SUPERSEDED_BY_CANONICAL,HIGH,HIGH,LOW,LOW,PUBLIC_OPEN_SOURCE,Audited during master repository consolidation
results\research\decision_strategy_analysis.md,.md,OTHER,File located at results\research\decision_strategy_analysis.md,VALIDATED,SUPPORTING,POTENTIAL_HISTORICAL_DUPLICATE,SUPERSEDED_BY_CANONICAL,HIGH,HIGH,LOW,LOW,PUBLIC_OPEN_SOURCE,Audited during master repository consolidation
results\research\decision_strategy_comparison.csv,.csv,OTHER,File located at results\research\decision_strategy_comparison.csv,VALIDATED,SUPPORTING,POTENTIAL_HISTORICAL_DUPLICATE,SUPERSEDED_BY_CANONICAL,HIGH,HIGH,LOW,LOW,PUBLIC_OPEN_SOURCE,Audited during master repository consolidation
results\research\directional_accuracy_audit.md,.md,OTHER,File located at results\research\directional_accuracy_audit.md,VALIDATED,SUPPORTING,POTENTIAL_HISTORICAL_DUPLICATE,SUPERSEDED_BY_CANONICAL,HIGH,HIGH,LOW,LOW,PUBLIC_OPEN_SOURCE,Audited during master repository consolidation
results\research\directional_significance.md,.md,OTHER,File located at results\research\directional_significance.md,VALIDATED,SUPPORTING,POTENTIAL_HISTORICAL_DUPLICATE,SUPERSEDED_BY_CANONICAL,HIGH,HIGH,LOW,LOW,PUBLIC_OPEN_SOURCE,Audited during master repository consolidation
results\research\final_research_scorecard.csv,.csv,OTHER,File located at results\research\final_research_scorecard.csv,VALIDATED,SUPPORTING,POTENTIAL_HISTORICAL_DUPLICATE,SUPERSEDED_BY_CANONICAL,HIGH,HIGH,LOW,LOW,PUBLIC_OPEN_SOURCE,Audited during master repository consolidation
results\research\FUTURE_GNN_EXTENSION.md,.md,OTHER,File located at results\research\FUTURE_GNN_EXTENSION.md,VALIDATED,SUPPORTING,POTENTIAL_HISTORICAL_DUPLICATE,SUPERSEDED_BY_CANONICAL,HIGH,HIGH,LOW,LOW,PUBLIC_OPEN_SOURCE,Audited during master repository consolidation
results\research\mpi_analysis.md,.md,OTHER,File located at results\research\mpi_analysis.md,VALIDATED,SUPPORTING,POTENTIAL_HISTORICAL_DUPLICATE,SUPERSEDED_BY_CANONICAL,HIGH,HIGH,LOW,LOW,PUBLIC_OPEN_SOURCE,Audited during master repository consolidation
results\research\mpi_incremental_value.csv,.csv,OTHER,File located at results\research\mpi_incremental_value.csv,VALIDATED,SUPPORTING,POTENTIAL_HISTORICAL_DUPLICATE,SUPERSEDED_BY_CANONICAL,HIGH,HIGH,LOW,LOW,PUBLIC_OPEN_SOURCE,Audited during master repository consolidation
results\research\PPT_RESEARCH_CLAIMS.md,.md,OTHER,File located at results\research\PPT_RESEARCH_CLAIMS.md,VALIDATED,SUPPORTING,POTENTIAL_HISTORICAL_DUPLICATE,SUPERSEDED_BY_CANONICAL,HIGH,HIGH,LOW,LOW,PUBLIC_OPEN_SOURCE,Audited during master repository consolidation
results\research\regime_metrics.csv,.csv,OTHER,File located at results\research\regime_metrics.csv,VALIDATED,SUPPORTING,POTENTIAL_HISTORICAL_DUPLICATE,SUPERSEDED_BY_CANONICAL,HIGH,HIGH,LOW,LOW,PUBLIC_OPEN_SOURCE,Audited during master repository consolidation
results\research\significance_tests.csv,.csv,OTHER,File located at results\research\significance_tests.csv,VALIDATED,SUPPORTING,POTENTIAL_HISTORICAL_DUPLICATE,SUPERSEDED_BY_CANONICAL,HIGH,HIGH,LOW,LOW,PUBLIC_OPEN_SOURCE,Audited during master repository consolidation
results\research\stgnn_counterfactual_comparison.png,.png,OTHER,File located at results\research\stgnn_counterfactual_comparison.png,VALIDATED,SUPPORTING,POTENTIAL_HISTORICAL_DUPLICATE,SUPERSEDED_BY_CANONICAL,HIGH,HIGH,LOW,LOW,PUBLIC_OPEN_SOURCE,Audited during master repository consolidation
results\research\STGNN_LIMITATIONS.md,.md,OTHER,File located at results\research\STGNN_LIMITATIONS.md,VALIDATED,SUPPORTING,POTENTIAL_HISTORICAL_DUPLICATE,SUPERSEDED_BY_CANONICAL,HIGH,HIGH,LOW,LOW,PUBLIC_OPEN_SOURCE,Audited during master repository consolidation
results\research\STGNN_PPT_CLAIMS.md,.md,OTHER,File located at results\research\STGNN_PPT_CLAIMS.md,VALIDATED,SUPPORTING,POTENTIAL_HISTORICAL_DUPLICATE,SUPERSEDED_BY_CANONICAL,HIGH,HIGH,LOW,LOW,PUBLIC_OPEN_SOURCE,Audited during master repository consolidation
results\research\stgnn_propagation_scenario.png,.png,OTHER,File located at results\research\stgnn_propagation_scenario.png,VALIDATED,SUPPORTING,POTENTIAL_HISTORICAL_DUPLICATE,SUPERSEDED_BY_CANONICAL,HIGH,HIGH,LOW,LOW,PUBLIC_OPEN_SOURCE,Audited during master repository consolidation
results\research\STGNN_RESULTS.json,.json,OTHER,File located at results\research\STGNN_RESULTS.json,VALIDATED,SUPPORTING,POTENTIAL_HISTORICAL_DUPLICATE,SUPERSEDED_BY_CANONICAL,HIGH,HIGH,LOW,LOW,PUBLIC_OPEN_SOURCE,Audited during master repository consolidation
results\research\STGNN_RESULTS.md,.md,OTHER,File located at results\research\STGNN_RESULTS.md,VALIDATED,SUPPORTING,POTENTIAL_HISTORICAL_DUPLICATE,SUPERSEDED_BY_CANONICAL,HIGH,HIGH,LOW,LOW,PUBLIC_OPEN_SOURCE,Audited during master repository consolidation
results\research\stgnn_sanity_checks.csv,.csv,OTHER,File located at results\research\stgnn_sanity_checks.csv,VALIDATED,SUPPORTING,POTENTIAL_HISTORICAL_DUPLICATE,SUPERSEDED_BY_CANONICAL,HIGH,HIGH,LOW,LOW,PUBLIC_OPEN_SOURCE,Audited during master repository consolidation
results\research\stgnn_scenario_results.csv,.csv,OTHER,File located at results\research\stgnn_scenario_results.csv,VALIDATED,SUPPORTING,POTENTIAL_HISTORICAL_DUPLICATE,SUPERSEDED_BY_CANONICAL,HIGH,HIGH,LOW,LOW,PUBLIC_OPEN_SOURCE,Audited during master repository consolidation
results\research\stgnn_spatial_attenuation.csv,.csv,OTHER,File located at results\research\stgnn_spatial_attenuation.csv,VALIDATED,SUPPORTING,POTENTIAL_HISTORICAL_DUPLICATE,SUPERSEDED_BY_CANONICAL,HIGH,HIGH,LOW,LOW,PUBLIC_OPEN_SOURCE,Audited during master repository consolidation
results\research\turning_point_analysis.md,.md,OTHER,File located at results\research\turning_point_analysis.md,VALIDATED,SUPPORTING,POTENTIAL_HISTORICAL_DUPLICATE,SUPERSEDED_BY_CANONICAL,HIGH,HIGH,LOW,LOW,PUBLIC_OPEN_SOURCE,Audited during master repository consolidation
results\research\turning_point_metrics.csv,.csv,OTHER,File located at results\research\turning_point_metrics.csv,VALIDATED,SUPPORTING,POTENTIAL_HISTORICAL_DUPLICATE,SUPERSEDED_BY_CANONICAL,HIGH,HIGH,LOW,LOW,PUBLIC_OPEN_SOURCE,Audited during master repository consolidation
results\research\uncertainty_validation.md,.md,OTHER,File located at results\research\uncertainty_validation.md,VALIDATED,SUPPORTING,POTENTIAL_HISTORICAL_DUPLICATE,SUPERSEDED_BY_CANONICAL,HIGH,HIGH,LOW,LOW,PUBLIC_OPEN_SOURCE,Audited during master repository consolidation
scripts\01_data_ingestion.py,.py,OTHER,File located at scripts\01_data_ingestion.py,VALIDATED,SUPPORTING,POTENTIAL_HISTORICAL_DUPLICATE,SUPERSEDED_BY_CANONICAL,HIGH,LOW,LOW,LOW,PUBLIC_OPEN_SOURCE,Audited during master repository consolidation
scripts\02_feature_engineering.py,.py,OTHER,File located at scripts\02_feature_engineering.py,VALIDATED,SUPPORTING,POTENTIAL_HISTORICAL_DUPLICATE,SUPERSEDED_BY_CANONICAL,MEDIUM,LOW,LOW,LOW,PUBLIC_OPEN_SOURCE,Audited during master repository consolidation
scripts\03_generate_data_quality_report.py,.py,OTHER,File located at scripts\03_generate_data_quality_report.py,VALIDATED,SUPPORTING,POTENTIAL_HISTORICAL_DUPLICATE,SUPERSEDED_BY_CANONICAL,HIGH,LOW,LOW,LOW,PUBLIC_OPEN_SOURCE,Audited during master repository consolidation
scripts\04_run_models_and_backtest.py,.py,OTHER,File located at scripts\04_run_models_and_backtest.py,VALIDATED,SUPPORTING,POTENTIAL_HISTORICAL_DUPLICATE,SUPERSEDED_BY_CANONICAL,MEDIUM,LOW,LOW,LOW,PUBLIC_OPEN_SOURCE,Audited during master repository consolidation
scripts\05_fix_chart_layout.py,.py,OTHER,File located at scripts\05_fix_chart_layout.py,VALIDATED,SUPPORTING,POTENTIAL_HISTORICAL_DUPLICATE,SUPERSEDED_BY_CANONICAL,MEDIUM,LOW,LOW,LOW,PUBLIC_OPEN_SOURCE,Audited during master repository consolidation
scripts\06_copy_evidence.py,.py,OTHER,File located at scripts\06_copy_evidence.py,VALIDATED,SUPPORTING,POTENTIAL_HISTORICAL_DUPLICATE,SUPERSEDED_BY_CANONICAL,MEDIUM,LOW,LOW,LOW,PUBLIC_OPEN_SOURCE,Audited during master repository consolidation
scripts\07_research_strengthening_engine.py,.py,OTHER,File located at scripts\07_research_strengthening_engine.py,VALIDATED,SUPPORTING,POTENTIAL_HISTORICAL_DUPLICATE,SUPERSEDED_BY_CANONICAL,HIGH,HIGH,LOW,LOW,PUBLIC_OPEN_SOURCE,Audited during master repository consolidation
scripts\08_organize_research_package.py,.py,OTHER,File located at scripts\08_organize_research_package.py,VALIDATED,SUPPORTING,POTENTIAL_HISTORICAL_DUPLICATE,SUPERSEDED_BY_CANONICAL,HIGH,HIGH,LOW,LOW,PUBLIC_OPEN_SOURCE,Audited during master repository consolidation
scripts\09_validation_strengthening_engine.py,.py,OTHER,File located at scripts\09_validation_strengthening_engine.py,VALIDATED,SUPPORTING,POTENTIAL_HISTORICAL_DUPLICATE,SUPERSEDED_BY_CANONICAL,MEDIUM,LOW,LOW,LOW,PUBLIC_OPEN_SOURCE,Audited during master repository consolidation
scripts\10_final_shortcoming_fix.py,.py,OTHER,File located at scripts\10_final_shortcoming_fix.py,VALIDATED,SUPPORTING,POTENTIAL_HISTORICAL_DUPLICATE,SUPERSEDED_BY_CANONICAL,MEDIUM,LOW,LOW,LOW,PUBLIC_OPEN_SOURCE,Audited during master repository consolidation
scripts\11_check_language.py,.py,OTHER,File located at scripts\11_check_language.py,VALIDATED,SUPPORTING,POTENTIAL_HISTORICAL_DUPLICATE,SUPERSEDED_BY_CANONICAL,MEDIUM,LOW,LOW,LOW,PUBLIC_OPEN_SOURCE,Audited during master repository consolidation
scripts\12_build_final_zip.py,.py,OTHER,File located at scripts\12_build_final_zip.py,VALIDATED,SUPPORTING,POTENTIAL_HISTORICAL_DUPLICATE,SUPERSEDED_BY_CANONICAL,MEDIUM,LOW,LOW,LOW,PUBLIC_OPEN_SOURCE,Audited during master repository consolidation
scripts\13_run_stgnn_extension.py,.py,OTHER,File located at scripts\13_run_stgnn_extension.py,VALIDATED,SUPPORTING,POTENTIAL_HISTORICAL_DUPLICATE,SUPERSEDED_BY_CANONICAL,MEDIUM,LOW,LOW,LOW,PUBLIC_OPEN_SOURCE,Audited during master repository consolidation
scripts\14_assemble_ideation_package.py,.py,OTHER,File located at scripts\14_assemble_ideation_package.py,VALIDATED,SUPPORTING,POTENTIAL_HISTORICAL_DUPLICATE,SUPERSEDED_BY_CANONICAL,MEDIUM,LOW,LOW,LOW,PUBLIC_OPEN_SOURCE,Audited during master repository consolidation
scripts\15_generate_evidence_figures.py,.py,OTHER,File located at scripts\15_generate_evidence_figures.py,VALIDATED,SUPPORTING,POTENTIAL_HISTORICAL_DUPLICATE,SUPERSEDED_BY_CANONICAL,MEDIUM,LOW,LOW,LOW,PUBLIC_OPEN_SOURCE,Audited during master repository consolidation
