Date,target_bdry_close,target_bdry_volume,bunker_brent_close,miner_bhp_close,miner_vale_close,macro_dxy_close,macro_usdinr_close
2018-04-02,23.0,1900.0,67.63999938964844,22.717185974121094,6.566920757293701,90.05000305175781,65.10549926757812
2018-04-03,21.25,2000.0,68.12000274658203,22.956417083740234,6.500792980194092,90.19999694824219,65.13999938964844
2018-04-04,19.25,75900.0,68.0199966430664,23.070837020874023,6.434666156768799,90.13999938964844,64.90499877929688
2018-04-05,20.25,800.0,68.33000183105469,23.133249282836914,6.5872673988342285,90.45999908447266,64.99500274658203
2018-04-06,20.450000762939453,3100.0,67.11000061035156,22.696378707885742,6.43975305557251,90.11000061035156,64.86150360107422
2018-04-09,21.459999084472656,200.0,68.6500015258789,22.691177368164062,6.358365535736084,89.83999633789062,64.90450286865234
2018-04-10,21.5,300.0,71.04000091552734,23.814558029174805,6.663567066192627,89.58999633789062,64.87000274658203
2018-04-11,20.450000762939453,300.0,72.05999755859375,23.980981826782227,6.683914661407471,89.56999969482422,64.92530059814453
2018-04-12,22.25,11500.0,72.0199966430664,24.038190841674805,6.653395175933838,89.75,65.19000244140625
2018-04-13,21.582000732421875,11500.0,72.58000183105469,24.33983612060547,6.673740386962891,89.80000305175781,65.27570343017578
2018-04-16,20.25,1400.0,71.41999816894531,24.06940269470215,6.602527141571045,89.43000030517578,65.19560241699219
2018-04-17,21.399999618530273,600.0,71.58000183105469,24.272228240966797,6.8365159034729,89.5199966430664,65.4292984008789
2018-04-18,22.270000457763672,3600.0,73.4800033569336,25.03154945373535,7.126458168029785,89.62000274658203,65.67500305175781
2018-04-19,21.809999465942383,6800.0,73.77999877929688,24.833911895751953,7.182409286499023,89.94000244140625,66.01000213623047
2018-04-20,22.5,900.0,74.05999755859375,24.807910919189453,7.121368885040283,90.31999969482422,66.11479949951172
2018-04-23,22.700000762939453,300.0,74.70999908447266,24.573871612548828,6.9891157150268555,90.94000244140625,66.1968994140625
2018-04-24,22.790000915527344,500.0,73.86000061035156,24.740304946899414,7.095936298370361,90.7699966430664,66.54499816894531
2018-04-25,22.75,200.0,74.0,24.573871612548828,6.958593845367432,91.16999816894531,66.41410064697266
2018-04-26,22.0,100.0,74.73999786376953,24.657081604003906,7.121368885040283,91.55999755859375,66.90769958496094
2018-04-27,21.75,200.0,74.63999938964844,24.19941520690918,7.095936298370361,91.54000091552734,66.9000015258789
2018-04-30,21.5,100.0,75.16999816894531,24.313831329345703,7.039982318878174,91.83999633789062,66.61000061035156
2018-05-01,21.760000228881836,300.0,75.16999816894531,24.079795837402344,6.8873820304870605,92.44999694824219,66.44999694824219
2018-05-02,22.5,5400.0,73.36000061035156,24.4178524017334,6.9840288162231445,92.51000213623047,66.7886962890625
2018-05-03,22.25,100.0,73.62000274658203,24.781909942626953,7.06541633605957,92.41000366210938,67.08000183105469
2018-05-04,23.0,200.0,74.87000274658203,25.104358673095703,7.162064552307129,92.56999969482422,66.66000366210938
2018-05-07,23.0,0.0,76.16999816894531,24.88591957092285,7.045069694519043,92.75,66.81050109863281
2018-05-08,23.5,2400.0,74.8499984741211,24.750703811645508,6.9891157150268555,93.12000274658203,67.1187973022461
2018-05-09,23.25,500.0,77.20999908447266,25.562030792236328,7.085762023925781,93.04000091552734,67.1624984741211
2018-05-10,22.75,200.0,77.47000122070312,25.941694259643555,7.345183849334717,92.6500015258789,67.62000274658203
2018-05-11,23.75,4400.0,77.12000274658203,26.21733856201172,7.4316582679748535,92.54000091552734,67.38999938964844
2018-05-14,23.010000228881836,400.0,78.2300033569336,26.622995376586914,7.6147780418396,92.58999633789062,67.3822021484375
2018-05-15,21.399999618530273,200.0,78.43000030517578,26.352554321289062,7.584259033203125,93.22000122070312,67.6780014038086
2018-05-16,21.0,100.0,79.27999877929688,26.768627166748047,7.696166038513184,93.38999938964844,68.45999908447266
2018-05-17,21.0,0.0,79.30000305175781,26.721811294555664,7.645298957824707,93.47000122070312,68.05999755859375
2018-05-18,21.0,0.0,78.51000213623047,26.425363540649414,7.416398048400879,93.63999938964844,68.13999938964844
2018-05-21,22.5,300.0,79.22000122070312,26.779022216796875,7.329922676086426,93.68000030517578,67.9749984741211
2018-05-22,21.0,200.0,79.56999969482422,26.59699249267578,7.319751262664795,93.61000061035156,68.4000015258789
2018-05-23,20.0,900.0,79.80000305175781,26.51898193359375,7.294317722320557,94.01000213623047,68.43000030517578
2018-05-24,19.5,1100.0,78.79000091552734,26.461767196655273,7.329922676086426,93.77999877929688,68.6500015258789
2018-05-25,19.5,0.0,76.44000244140625,25.49441909790039,7.1366286277771,94.19000244140625,68.26010131835938
2018-05-29,18.73200035095215,1100.0,75.38999938964844,25.0367488861084,6.8365159034729,94.83000183105469,67.40280151367188
2018-05-30,19.496000289916992,100.0,77.5,25.707651138305664,6.8873820304870605,94.1500015258789,68.12999725341797
2018-05-31,20.23699951171875,600.0,77.58999633789062,25.88968276977539,6.91790246963501,93.98999786376953,67.43000030517578
2018-06-01,21.0,200.0,77.58999633789062,26.12891960144043,7.1366286277771,94.19000244140625,67.43499755859375
2018-06-04,21.246000289916992,500.0,75.29000091552734,26.10291862487793,7.151890754699707,94.0199966430664,66.92500305175781
2018-06-05,22.1299991607666,600.0,75.37999725341797,26.295345306396484,7.202756404876709,93.88999938964844,67.05999755859375
2018-06-06,22.0,600.0,75.36000061035156,27.018259048461914,7.436744213104248,93.66000366210938,67.08999633789062
2018-06-07,21.969999313354492,1200.0,77.31999969482422,26.91944694519043,7.039982318878174,93.4000015258789,66.8301010131836
2018-06-08,21.969999313354492,0.0,76.45999908447266,26.872634887695312,6.994203567504883,93.55000305175781,67.41000366210938
2018-06-11,21.969999313354492,0.0,76.45999908447266,26.955852508544922,6.963681697845459,93.58000183105469,67.51000213623047
2018-06-12,22.190000534057617,100.0,75.87999725341797,26.59699249267578,7.101021766662598,93.80000305175781,67.48999786376953
2018-06-13,22.253999710083008,5500.0,76.73999786376953,26.362957000732422,7.075589179992676,93.70999908447266,67.91000366210938
2018-06-14,22.531999588012695,100.0,75.94000244140625,26.191328048706055,6.948422431945801,94.7699966430664,67.77999877929688
2018-06-15,22.25,100.0,73.44000244140625,25.327993392944336,6.6991729736328125,94.79000091552734,68.12999725341797
2018-06-18,22.25,0.0,75.33999633789062,25.468416213989258,6.6991729736328125,94.75,68.05000305175781
2018-06-19,21.299999237060547,400.0,75.08000183105469,24.776702880859375,6.597440242767334,95.08999633789062,68.01000213623047
2018-06-20,20.79400062561035,400.0,74.73999786376953,24.844316482543945,6.607612609863281,95.05999755859375,68.05000305175781
2018-06-21,21.399999618530273,200.0,73.05000305175781,24.90152359008789,6.399058818817139,94.87000274658203,68.3499984741211
2018-06-22,21.399999618530273,100.0,75.55000305175781,25.447616577148438,6.516053199768066,94.5199966430664,67.83000183105469
2018-06-25,21.399999618530273,0.0,74.7300033569336,24.776702880859375,6.378711700439453,94.27999877929688,67.85489654541016
2018-06-26,21.399999618530273,0.0,76.30999755859375,25.395601272583008,6.495707988739014,94.68000030517578,68.33999633789062
2018-06-27,21.040000915527344,100.0,77.62000274658203,25.645244598388672,6.338019847869873,95.29000091552734,68.36499786376953
2018-06-28,21.579999923706055,4000.0,77.8499984741211,26.01449966430664,6.500792980194092,95.38999938964844,69.23999786376953
2018-06-29,22.040000915527344,1400.0,79.44000244140625,26.00930404663086,6.521141052246094,94.62999725341797,68.79669952392578
2018-07-02,21.841999053955078,300.0,77.30000305175781,25.2603816986084,6.353279113769531,94.87000274658203,68.43499755859375
2018-07-03,21.9950008392334,100.0,77.76000213623047,25.333192825317383,6.383797645568848,94.58999633789062,68.6948013305664
2018-07-05,22.25,100.0,77.38999938964844,25.322790145874023,6.449925899505615,94.47000122070312,68.9800033569336
2018-07-06,22.670000076293945,1000.0,77.11000061035156,25.785663604736328,6.627960681915283,94.04000091552734,69.06999969482422
2018-07-09,22.020000457763672,100.0,78.06999969482422,26.43577003479004,6.6991729736328125,94.08000183105469,68.75499725341797
2018-07-10,22.229999542236328,6600.0,78.86000061035156,26.617799758911133,6.658481121063232,94.11000061035156,68.65979766845703
2018-07-11,22.229999542236328,0.0,73.4000015258789,25.468416213989258,6.434666156768799,94.72000122070312,68.9000015258789
2018-07-12,23.469999313354492,300.0,74.44999694824219,25.822072982788086,6.622873783111572,94.80999755859375,68.72000122070312
2018-07-13,23.469999313354492,0.0,75.33000183105469,25.54642677307129,6.683914661407471,94.75,68.54000091552734
2018-07-16,23.469999313354492,0.0,71.83999633789062,25.213571548461914,6.607612609863281,94.51000213623047,68.48670196533203
2018-07-17,23.469999313354492,0.0,72.16000366210938,25.343597412109375,6.7398681640625,94.97000122070312,68.72000122070312
2018-07-18,23.010000228881836,100.0,72.9000015258789,25.920888900756836,6.821255683898926,95.08000183105469,68.35600280761719
2018-07-19,23.010000228881836,100.0,72.58000183105469,25.20836639404297,6.551660060882568,95.16999816894531,68.6155014038086
2018-07-20,24.100000381469727,300.0,73.06999969482422,25.213571548461914,6.577093601226807,94.45999908447266,68.93509674072266
2018-07-23,24.5939998626709,1000.0,73.05999755859375,25.083553314208984,6.6991729736328125,94.66999816894531,68.7332992553711
2018-07-24,24.540000915527344,4100.0,73.44000244140625,26.076908111572266,7.00437593460083,94.61000061035156,69.19999694824219
2018-07-25,24.639999389648438,200.0,73.93000030517578,26.30054473876953,7.121368885040283,94.36000061035156,68.80999755859375
2018-07-26,24.5,300.0,74.54000091552734,26.030109405517578,7.177322864532471,94.75,68.83999633789062
2018-07-27,24.302000045776367,300.0,74.29000091552734,26.399370193481445,7.345183849334717,94.68000030517578,68.73999786376953
2018-07-30,24.600000381469727,200.0,74.97000122070312,26.680208206176758,7.406223773956299,94.36000061035156,68.61499786376953
2018-07-31,24.600000381469727,0.0,74.25,27.179479598999023,7.457090854644775,94.48999786376953,68.68499755859375
2018-08-01,24.66900062561035,500.0,74.25,26.638601303100586,7.151890754699707,94.62000274658203,68.4968032836914
2018-08-02,24.850000381469727,200.0,73.44999694824219,25.98329734802246,7.141716957092285,95.16999816894531,68.30709838867188
2018-08-03,25.26099967956543,200.0,73.20999908447266,26.20173454284668,7.428597927093506,95.13999938964844,68.6155014038086
2018-08-06,24.802000045776367,300.0,73.75,25.905284881591797,7.365777969360352,95.36000061035156,68.50499725341797
2018-08-07,24.802000045776367,0.0,74.6500015258789,26.30054473876953,7.323897838592529,95.22000122070312,68.80999755859375
2018-08-08,24.802000045776367,0.0,72.27999877929688,26.165328979492188,7.302957534790039,95.0999984741211,68.59600067138672
2018-08-09,24.802000045776367,0.0,72.06999969482422,26.076908111572266,7.135436058044434,95.5,68.45500183105469
2018-08-10,24.829999923706055,100.0,72.80999755859375,25.582836151123047,7.009792327880859,96.36000061035156,69.0999984741211
2018-08-13,25.3700008392334,200.0,72.61000061035156,25.291587829589844,6.999321937561035,96.38999938964844,69.08499908447266
2018-08-14,25.200000762939453,300.0,72.45999908447266,25.66084861755371,7.140669822692871,96.7300033569336,69.9490966796875
2018-08-15,25.235000610351562,300.0,70.76000213623047,24.423053741455078,6.7742133140563965,96.69999694824219,69.94999694824219
2018-08-16,25.235000610351562,0.0,71.43000030517578,24.584272384643555,6.674746036529541,96.6500015258789,70.66000366210938
2018-08-17,25.235000610351562,0.0,71.83000183105469,24.922327041625977,6.805622577667236,96.0999984741211,70.00499725341797
2018-08-20,25.469999313354492,200.0,72.20999908447266,25.12516212463379,6.821328639984131,95.9000015258789,69.78500366210938
2018-08-21,25.579999923706055,400.0,72.62999725341797,24.672693252563477,6.721861362457275,95.26000213623047,69.73999786376953
2018-08-22,25.569000244140625,200.0,74.77999877929688,25.067955017089844,6.868443965911865,95.1500015258789,69.80999755859375
2018-08-23,25.450000762939453,300.0,74.7300033569336,24.615480422973633,6.768977642059326,95.62000274658203,69.79000091552734
2018-08-24,25.434999465942383,200.0,75.81999969482422,25.203174591064453,6.920795917510986,95.1500015258789,70.2750015258789
2018-08-27,25.434999465942383,0.0,76.20999908447266,25.499622344970703,7.114493370056152,94.77999877929688,69.76499938964844
2018-08-28,25.434999465942383,0.0,75.94999694824219,25.650447845458984,7.03596830368042,94.72000122070312,69.94499969482422
2018-08-29,25.434999465942383,0.0,77.13999938964844,25.88968276977539,7.03596830368042,94.5999984741211,70.54000091552734
2018-08-30,25.434999465942383,0.0,77.7699966430664,25.322790145874023,6.894618511199951,94.72000122070312,70.91000366210938
2018-08-31,25.434999465942383,0.0,77.41999816894531,24.9847412109375,6.910325527191162,95.13999938964844,71.40499877929688
2018-09-04,24.559999465942383,200.0,78.16999816894531,24.56867790222168,6.570042610168457,95.41999816894531,71.06999969482422
2018-09-05,24.559999465942383,0.0,77.2699966430664,24.360639572143555,6.606690883636475,95.12999725341797,71.75
2018-09-06,24.559999465942383,0.0,76.5,24.093412399291992,6.800387382507324,95.0199966430664,71.88999938964844
2018-09-07,24.559999465942383,0.0,76.83000183105469,23.74066925048828,6.810859203338623,95.37000274658203,71.93890380859375
2018-09-10,24.559999465942383,0.0,77.37000274658203,23.441370010375977,6.789917469024658,95.1500015258789,72.09500122070312
2018-09-11,23.420000076293945,4400.0,79.05999755859375,23.59101676940918,6.643334865570068,95.05999755859375,72.44499969482422
2018-09-12,22.799999237060547,1700.0,79.73999786376953,23.879627227783203,6.763744354248047,94.80000305175781,72.98999786376953
2018-09-13,23.049999237060547,300.0,78.18000030517578,24.098752975463867,6.721861362457275,94.54000091552734,71.92520141601562
2018-09-14,22.700000762939453,100.0,78.08999633789062,24.30184555053711,6.936500549316406,94.9800033569336,72.02749633789062
2018-09-17,22.700000762939453,0.0,78.05000305175781,24.173580169677734,6.994087219238281,94.51000213623047,72.09500122070312
2018-09-18,22.700000762939453,0.0,79.02999877929688,24.68665885925293,7.229664325714111,94.62000274658203,72.53479766845703
2018-09-19,22.280000686645508,200.0,79.4000015258789,25.290599822998047,7.444304943084717,94.55000305175781,73.12000274658203
2018-09-20,22.139999389648438,600.0,78.69999694824219,25.798336029052734,7.601357936859131,93.91000366210938,72.34500122070312
2018-09-21,22.735000610351562,200.0,78.80000305175781,26.306072235107422,7.884054660797119,94.22000122070312,71.72000122070312
2018-09-24,22.950000762939453,100.0,81.19999694824219,26.290037155151367,7.742704391479492,94.26000213623047,72.2300033569336
2018-09-25,22.535999298095703,300.0,81.87000274658203,26.712261199951172,7.983519554138184,94.12999725341797,73.30000305175781
2018-09-26,22.8799991607666,1000.0,81.33999633789062,26.50382423400879,7.847408771514893,94.19000244140625,73.08999633789062
2018-09-27,22.8799991607666,0.0,81.72000122070312,26.477100372314453,7.768881320953369,95.0,72.7699966430664
2018-09-28,22.940000534057617,200.0,82.72000122070312,26.637435913085938,7.768881320953369,95.19000244140625,72.94999694824219
2018-10-01,22.940000534057617,0.0,84.9800033569336,26.9527645111084,7.868348121643066,95.30000305175781,72.50499725341797
2018-10-02,22.940000534057617,0.0,84.80000305175781,26.974149703979492,8.177217483520508,95.51000213623047,73.75499725341797
2018-10-03,22.940000534057617,0.0,86.29000091552734,26.76570701599121,8.088221549987793,95.76000213623047,73.27999877929688
2018-10-04,22.940000534057617,0.0,84.58000183105469,26.728296279907227,7.904993057250977,95.75,73.8499984741211
2018-10-05,21.825000762939453,100.0,84.16000366210938,26.284692764282227,7.857875823974609,95.62000274658203,74.22000122070312
2018-10-08,21.825000762939453,0.0,83.91000366210938,26.22590446472168,7.96258020401001,95.7699966430664,73.76300048828125
2018-10-09,21.32699966430664,700.0,85.0,26.306072235107422,8.135335922241211,95.68000030517578,73.88999938964844
2018-10-10,21.32699966430664,0.0,83.08999633789062,25.461620330810547,7.774116516113281,95.51000213623047,74.55000305175781
2018-10-11,22.40999984741211,100.0,80.26000213623047,25.48834991455078,7.826465606689453,95.0199966430664,74.5999984741211
2018-10-12,23.149999618530273,1200.0,80.43000030517578,25.5524845123291,7.988753795623779,95.22000122070312,74.16000366210938
2018-10-15,22.649999618530273,200.0,80.77999877929688,25.702129364013672,8.093457221984863,95.06999969482422,73.6760025024414
2018-10-16,22.649999618530273,0.0,81.41000366210938,25.910566329956055,8.103925704956055,95.05000305175781,74.08000183105469
2018-10-17,22.260000228881836,200.0,80.05000305175781,25.54179573059082,8.339507102966309,95.58000183105469,73.45549774169922
2018-10-18,22.260000228881836,0.0,79.29000091552734,24.804241180419922,7.931167125701904,95.9000015258789,73.91999816894531
2018-10-19,22.209999084472656,300.0,79.77999877929688,24.90044403076172,7.988753795623779,95.70999908447266,74.16000366210938
2018-10-22,22.3700008392334,200.0,79.83000183105469,25.167675018310547,8.255745887756348,96.01000213623047,73.46499633789062
2018-10-23,22.3700008392334,0.0,76.44000244140625,24.659940719604492,7.973049163818359,95.95999908447266,73.8594970703125
2018-10-24,21.375,200.0,76.16999816894531,23.537574768066406,7.590887546539307,96.43000030517578,73.22129821777344
2018-10-25,21.375,0.0,76.88999938964844,23.79945945739746,7.706060409545898,96.68000030517578,73.22049713134766
2018-10-26,21.375,0.0,77.62000274658203,23.81549644470215,7.889286041259766,96.36000061035156,73.22019958496094
2018-10-29,21.375,0.0,77.33999633789062,23.671184539794922,7.4704813957214355,96.58000183105469,73.125
2018-10-30,21.375,0.0,75.91000366210938,24.221681594848633,7.638002872467041,97.01000213623047,73.5905990600586
2018-10-31,21.375,0.0,75.47000122070312,24.681316375732422,7.904993057250977,97.12999725341797,73.6500015258789
2018-11-01,21.375,0.0,75.5,25.9212646484375,8.12486743927002,96.27999877929688,74.06999969482422
2018-11-02,21.375,100.0,72.83000183105469,25.686100006103516,8.088221549987793,96.54000091552734,73.30999755859375
2018-11-05,18.829999923706055,400.0,73.16999816894531,25.867816925048828,8.062045097351074,96.3499984741211,72.90499877929688
2018-11-06,18.010000228881836,3700.0,72.12999725341797,25.69144630432129,8.004459381103516,96.31999969482422,72.86000061035156
2018-11-07,17.360000610351562,3100.0,72.06999969482422,26.15641975402832,8.02016544342041,96.0,73.2300033569336
2018-11-08,17.100000381469727,1000.0,70.6500015258789,25.73954200744629,7.941639423370361,96.63999938964844,72.37999725341797
2018-11-09,16.06999969482422,700.0,70.18000030517578,25.199743270874023,7.643238544464111,96.91000366210938,72.9000015258789
2018-11-12,16.6299991607666,6600.0,70.12000274658203,25.199743270874023,7.569948196411133,97.54000091552734,72.47000122070312
2018-11-13,16.6299991607666,0.0,65.47000122070312,24.953889846801758,7.643238544464111,97.30000305175781,73.18000030517578
2018-11-14,14.66100025177002,11800.0,66.12000274658203,24.782861709594727,7.606593132019043,96.80000305175781,72.55000305175781
2018-11-15,16.020000457763672,200.0,66.62000274658203,25.18370819091797,7.815995693206787,96.93000030517578,72.4000015258789
2018-11-16,15.890000343322754,700.0,66.76000213623047,25.54179573059082,7.836935997009277,96.47000122070312,71.8917007446289
2018-11-19,15.902999877929688,600.0,66.79000091552734,25.424217224121094,7.706060409545898,96.19000244140625,71.7750015258789
2018-11-20,15.039999961853027,500.0,62.529998779296875,24.58510971069336,7.365777969360352,96.80999755859375,71.69000244140625
2018-11-21,15.553999900817871,200.0,63.47999954223633,24.92182159423828,7.512360095977783,96.70999908447266,71.41500091552734
2018-11-23,16.75,100.0,58.79999923706055,23.927736282348633,6.941736698150635,96.91999816894531,70.83499908447266
2018-11-26,17.979999542236328,300.0,60.47999954223633,23.77273941040039,6.674746036529541,97.06999969482422,70.66999816894531
2018-11-27,18.520000457763672,300.0,60.209999084472656,23.59101676940918,6.7480363845825195,97.37000274658203,70.80999755859375
2018-11-28,17.059999465942383,800.0,58.7599983215332,24.339262008666992,7.077847957611084,96.79000091552734,70.87999725341797
2018-11-29,16.389999389648438,100.0,59.5099983215332,24.03996467590332,7.051673412322998,96.77999877929688,70.5999984741211
2018-11-30,16.402000427246094,200.0,58.709999084472656,23.708599090576172,7.1720805168151855,97.2699966430664,69.91999816894531
2018-12-03,17.649999618530273,100.0,61.689998626708984,24.85234260559082,7.371014595031738,97.04000091552734,69.76000213623047
2018-12-04,18.540000915527344,2800.0,62.08000183105469,24.520978927612305,7.1197285652160645,96.97000122070312,70.48500061035156
2018-12-06,18.540000915527344,100.0,60.060001373291016,23.981170654296875,7.083083629608154,96.80999755859375,70.87000274658203
2018-12-07,18.540000915527344,0.0,61.66999816894531,23.826181411743164,6.878915309906006,96.51000213623047,70.75
2018-12-10,18.540000915527344,0.0,59.970001220703125,23.997215270996094,6.732331275939941,97.22000122070312,71.36499786376953
2018-12-11,18.049999237060547,100.0,60.20000076293945,24.537012100219727,6.810859203338623,97.38999938964844,72.7300033569336
2018-12-12,18.145000457763672,100.0,60.150001525878906,24.911134719848633,6.816093444824219,97.04000091552734,72.62000274658203
2018-12-13,18.209999084472656,200.0,61.45000076293945,25.48834991455078,6.826563358306885,97.05999755859375,72.1500015258789
2018-12-14,18.209999084472656,0.0,60.279998779296875,24.67062759399414,6.784682750701904,97.44000244140625,71.5469970703125
2018-12-17,18.614999771118164,1200.0,59.61000061035156,25.114229202270508,6.821328639984131,97.0999984741211,71.91000366210938
2018-12-18,18.614999771118164,0.0,56.2599983215332,25.344043731689453,6.905089855194092,97.13999938964844,71.58999633789062
2018-12-19,18.614999771118164,0.0,57.2400016784668,25.194395065307617,6.6642746925354,97.04000091552734,70.56999969482422
2018-12-20,18.614999771118164,0.0,54.349998474121094,24.996644973754883,6.7742133140563965,96.27999877929688,70.68550109863281
2018-12-21,18.614999771118164,0.0,53.81999969482422,25.17301368713379,6.753271102905273,96.95999908447266,70.30000305175781
2018-12-24,17.889999389648438,100.0,50.470001220703125,24.708038330078125,6.596220016479492,96.55000305175781,70.13999938964844
2018-12-26,17.889999389648438,0.0,54.470001220703125,25.81437110900879,6.842268943786621,97.05000305175781,70.23999786376953
2018-12-27,17.885000228881836,100.0,52.15999984741211,25.627309799194336,6.800387382507324,96.4800033569336,70.1500015258789
2018-12-28,18.170000076293945,600.0,52.20000076293945,25.61127471923828,6.816093444824219,96.38999938964844,69.98999786376953
2018-12-31,18.170000076293945,0.0,53.79999923706055,25.809030532836914,6.905089855194092,96.16999816894531,69.92250061035156
2019-01-02,18.489999771118164,100.0,54.90999984741211,25.57920265197754,7.051673412322998,96.81999969482422,69.70999908447266
2019-01-03,18.489999771118164,0.0,55.95000076293945,24.79355239868164,6.716624736785889,96.30999755859375,69.95999908447266
2019-01-04,17.920000076293945,200.0,57.060001373291016,26.306072235107422,7.339602470397949,96.19000244140625,70.30000305175781
2019-01-07,17.920000076293945,0.0,57.33000183105469,26.445026397705078,7.24013614654541,95.70999908447266,69.5250015258789
2019-01-08,17.920000076293945,0.0,58.720001220703125,26.364858627319336,7.360543727874756,95.9000015258789,69.80999755859375
2019-01-09,17.920000076293945,0.0,61.439998626708984,26.509166717529297,7.596124172210693,95.22000122070312,70.33000183105469
2019-01-10,17.110000610351562,100.0,61.68000030517578,26.498023986816406,7.538536548614502,95.54000091552734,70.55049896240234
2019-01-11,17.110000610351562,0.0,60.47999954223633,26.30850601196289,7.386718273162842,95.66999816894531,70.72000122070312
2019-01-14,17.135000228881836,100.0,58.9900016784668,26.27506446838379,7.39718770980835,95.58999633789062,70.37000274658203
2019-01-15,17.135000228881836,0.0,60.63999938964844,26.49243927001953,7.360543727874756,95.97000122070312,71.08499908447266
2019-01-16,16.665000915527344,100.0,61.31999969482422,26.38654136657715,7.386718273162842,96.05999755859375,71.09249877929688
2019-01-17,16.665000915527344,0.0,61.18000030517578,26.67081069946289,7.575183391571045,96.06999969482422,71.36499786376953
2019-01-18,17.270000457763672,300.0,62.70000076293945,26.776708602905273,7.648473739624023,96.33999633789062,71.03019714355469
2019-01-22,15.604999542236328,300.0,61.5,25.84588050842285,7.564709663391113,96.30000305175781,71.5
2019-01-23,15.604999542236328,0.0,61.13999938964844,25.935060501098633,7.721763610839844,96.12000274658203,71.2302017211914
2019-01-24,15.265000343322754,100.0,61.09000015258789,25.9852237701416,7.779350757598877,96.5999984741211,71.15730285644531
2019-01-25,15.095000267028809,100.0,61.63999938964844,26.8714656829834,7.151139259338379,95.79000091552734,70.98999786376953
2019-01-28,13.4350004196167,4600.0,59.93000030517578,26.8714656829834,5.863305568695068,95.75,70.9749984741211
2019-01-29,12.555000305175781,9300.0,61.31999969482422,27.373109817504883,6.009888648986816,95.81999969482422,71.09010314941406
2019-01-30,12.21500015258789,3300.0,61.650001525878906,28.276071548461914,6.590984344482422,95.33999633789062,71.62000274658203
2019-01-31,12.175000190734863,900.0,61.88999938964844,28.532468795776367,6.512458324432373,95.58000183105469,71.12000274658203
2019-02-01,12.859999656677246,100.0,61.869998931884766,28.476728439331055,6.580512523651123,95.58000183105469,71.19999694824219
2019-02-04,12.520000457763672,1400.0,62.5099983215332,28.493450164794922,6.360639572143555,95.8499984741211,71.45169830322266
2019-02-05,12.376999855041504,2000.0,61.97999954223633,28.510177612304688,6.339698791503906,96.0999984741211,71.68499755859375
2019-02-06,11.75,1500.0,62.689998626708984,28.43214225769043,5.9470672607421875,96.41999816894531,71.7699966430664
2019-02-07,10.869999885559082,1700.0,61.630001068115234,28.131153106689453,5.84760046005249,96.51000213623047,71.54049682617188
2019-02-08,11.020000457763672,200.0,62.099998474121094,28.25935173034668,5.962773323059082,96.63999938964844,71.58000183105469
2019-02-11,11.399999618530273,9300.0,61.5099983215332,28.37082862854004,5.873777389526367,97.05999755859375,71.1500015258789
2019-02-12,11.670000076293945,1100.0,62.41999816894531,28.5659122467041,6.203587532043457,96.70999908447266,71.2300033569336
2019-02-13,11.635000228881836,1400.0,63.61000061035156,28.794437408447266,6.2821149826049805,97.12999725341797,70.80999755859375
2019-02-14,11.085000038146973,400.0,64.56999969482422,28.967227935791016,6.355405330657959,96.9800033569336,70.86509704589844
2019-02-15,11.1899995803833,10500.0,66.25,29.407562255859375,6.454871654510498,96.91999816894531,71.01000213623047
2019-02-19,10.989999771118164,1600.0,66.44999694824219,29.65281105041504,6.381580829620361,96.5199966430664,71.69999694824219
2019-02-20,10.890000343322754,96000.0,67.08000183105469,30.193470001220703,6.40252161026001,96.44999694824219,71.5999984741211
2019-02-21,10.694999694824219,700.0,67.06999969482422,29.758710861206055,6.297819137573242,96.61000061035156,71.30000305175781
2019-02-22,10.925000190734863,1600.0,67.12000274658203,30.265928268432617,6.543868541717529,96.51000213623047,71.18499755859375
2019-02-25,11.09000015258789,5800.0,64.76000213623047,30.187896728515625,6.570042610168457,96.41000366210938,71.03099822998047
2019-02-26,11.154999732971191,7400.0,65.20999908447266,30.36625862121582,6.554339408874512,96.0,71.08999633789062
2019-02-27,11.100000381469727,6900.0,66.38999938964844,30.254783630371094,6.538632869720459,96.1500015258789,70.94000244140625
2019-02-28,11.039999961853027,4800.0,66.02999877929688,29.485593795776367,6.5333967208862305,96.16000366210938,71.19000244140625
2019-03-01,10.710000038146973,4200.0,65.06999969482422,29.268213272094727,6.486282825469971,96.52999877929688,70.81600189208984
2019-03-04,10.61400032043457,1500.0,65.66999816894531,29.42428207397461,6.501987457275391,96.68000030517578,70.98999786376953
2019-03-05,10.25,7700.0,65.86000061035156,29.480016708374023,6.627630233764648,96.8499984741211,70.9000015258789
2019-03-06,9.911999702453613,16400.0,65.98999786376953,29.66953468322754,6.538632869720459,96.87000274658203,70.74250030517578
2019-03-07,9.555000305175781,7100.0,66.30000305175781,29.532939910888672,6.596220016479492,97.66999816894531,70.36499786376953
2019-03-08,9.574000358581543,2000.0,65.73999786376953,29.396347045898438,6.590984344482422,97.37000274658203,70.48750305175781
2019-03-11,9.600000381469727,600.0,66.58000183105469,29.66953468322754,6.800387382507324,97.22000122070312,69.98690032958984
2019-03-12,9.991999626159668,53500.0,66.66999816894531,29.75490379333496,6.831799030303955,96.94000244140625,69.79010009765625
2019-03-13,10.09000015258789,20000.0,67.55000305175781,30.056543350219727,6.952205657958984,96.55000305175781,69.84500122070312
2019-03-14,11.020000457763672,3400.0,67.2300033569336,29.70937156677246,6.884148597717285,96.79000091552734,69.72630310058594
2019-03-15,10.96500015258789,8700.0,67.16000366210938,29.66383934020996,6.910325527191162,96.5999984741211,69.3373031616211
2019-03-18,10.279999732971191,8800.0,67.54000091552734,30.176076889038086,6.952205657958984,96.5199966430664,68.9530029296875
2019-03-19,9.982999801635742,35900.0,67.61000061035156,30.07362937927246,7.1720805168151855,96.37999725341797,68.61799621582031
2019-03-20,10.631999969482422,2100.0,68.5,30.386655807495117,7.062142848968506,95.76000213623047,69.31749725341797
2019-03-21,10.354999542236328,1900.0,67.86000061035156,30.557392120361328,7.046437740325928,96.5,68.82499694824219
2019-03-22,10.442999839782715,10000.0,67.02999877929688,29.737831115722656,6.711392402648926,96.6500015258789,68.93000030517578
2019-03-25,10.4350004196167,100.0,67.20999908447266,29.999631881713867,6.732331275939941,96.56999969482422,69.1604995727539
2019-03-26,9.972999572753906,2100.0,67.97000122070312,30.44925880432129,6.816093444824219,96.73999786376953,68.92340087890625
2019-03-27,9.973999977111816,500.0,67.83000183105469,30.654155731201172,6.632864475250244,96.7699966430664,69.42749786376953
2019-03-28,10.045000076293945,400.0,67.81999969482422,30.739526748657227,6.611924648284912,97.19999694824219,69.37000274658203
2019-03-29,9.359000205993652,8000.0,68.38999938964844,31.11515998840332,6.837033271789551,97.27999877929688,69.5
2019-04-01,9.300000190734863,300.0,69.01000213623047,31.87212562561035,7.109258651733398,97.25,69.43000030517578
2019-04-02,9.4350004196167,900.0,69.37000274658203,31.934728622436523,7.051673412322998,97.36000061035156,69.19529724121094
2019-04-03,9.5600004196167,1000.0,69.30999755859375,32.04286193847656,6.983615875244141,97.08999633789062,68.91020202636719
2019-04-04,9.430000305175781,3600.0,69.4000015258789,31.974571228027344,7.051673412322998,97.30999755859375,68.8499984741211
2019-04-05,9.545000076293945,4600.0,70.33999633789062,32.059940338134766,7.009792327880859,97.4000015258789,68.97039794921875
2019-04-08,9.654999732971191,700.0,71.0999984741211,32.515254974365234,7.234899997711182,97.05000305175781,69.16000366210938
2019-04-09,9.84000015258789,100.0,70.61000061035156,32.16238784790039,7.104024410247803,97.01000213623047,69.55249786376953
2019-04-10,9.704999923706055,900.0,71.7300033569336,32.44126892089844,7.098789215087891,96.94999694824219,69.26180267333984
2019-04-11,9.255000114440918,6300.0,70.83000183105469,32.07132339477539,7.015026569366455,97.18000030517578,69.14019775390625
2019-04-12,9.664999961853027,800.0,71.55000305175781,32.34451675415039,6.931264877319336,96.97000122070312,69.43000030517578
2019-04-15,10.130999565124512,3700.0,71.18000030517578,31.883506774902344,6.952205657958984,96.94000244140625,69.16100311279297
2019-04-16,10.074000358581543,3000.0,71.72000122070312,31.51355743408203,7.104024410247803,97.04000091552734,69.80999755859375
2019-04-17,10.4350004196167,4300.0,71.62000274658203,31.371274948120117,6.946971893310547,97.01000213623047,69.88500213623047
2019-04-18,10.725000381469727,17800.0,71.97000122070312,31.27451515197754,6.973146438598633,97.47000122070312,69.4010009765625
2019-04-22,10.770000457763672,6000.0,74.04000091552734,31.376962661743164,6.837033271789551,97.27999877929688,69.36000061035156
2019-04-23,11.088000297546387,6100.0,74.51000213623047,31.1208553314209,6.894618511199951,97.56999969482422,70.0625
2019-04-24,11.0,2300.0,74.56999969482422,30.33542823791504,6.575279712677002,98.0999984741211,69.75800323486328
2019-04-25,11.055000305175781,400.0,74.3499984741211,30.3638916015625,6.6381001472473145,98.19999694824219,70.0958023071289
2019-04-26,11.406000137329102,2500.0,72.1500015258789,30.324052810668945,6.711392402648926,98.01000213623047,70.16000366210938
2019-04-29,12.010000228881836,3000.0,72.04000091552734,30.358198165893555,6.690451145172119,97.86000061035156,69.84200286865234
2019-04-30,12.385000228881836,3300.0,72.80000305175781,30.13623046875,6.690451145172119,97.4800033569336,69.81179809570312
2019-05-01,12.25100040435791,1600.0,72.18000030517578,29.550010681152344,6.481046199798584,97.69000244140625,69.55599975585938
2019-05-02,12.281999588012695,5700.0,70.75,29.43618392944336,6.470576286315918,97.83000183105469,69.63289642333984
2019-05-03,12.25100040435791,3300.0,70.8499984741211,30.056543350219727,6.695687770843506,97.5199966430664,69.42440032958984
2019-05-06,11.21500015258789,6200.0,71.23999786376953,29.538623809814453,6.554339408874512,97.5199966430664,69.16799926757812
2019-05-07,11.104999542236328,1000.0,69.87999725341797,29.532939910888672,6.538632869720459,97.62999725341797,69.40029907226562
2019-05-08,11.789999961853027,4100.0,70.37000274658203,29.470333099365234,6.507222652435303,97.62000274658203,69.91000366210938
2019-05-09,11.845000267028809,1400.0,70.38999938964844,29.282512664794922,6.412991046905518,97.37000274658203,70.01000213623047
2019-05-10,12.25,4200.0,70.62000274658203,29.52155303955078,6.528163433074951,97.33000183105469,70.41000366210938
2019-05-13,12.114999771118164,3000.0,70.2300033569336,28.827198028564453,6.271642684936523,97.31999969482422,69.92250061035156
2019-05-14,12.1850004196167,800.0,71.23999786376953,29.16868019104004,6.303053855895996,97.52999877929688,70.61699676513672
2019-05-15,11.800000190734863,1300.0,71.7699966430664,29.26544189453125,6.2821149826049805,97.56999969482422,70.30699920654297
2019-05-16,11.835000038146973,200.0,72.62000274658203,29.618316650390625,6.025594711303711,97.83999633789062,70.20919799804688
2019-05-17,12.024999618530273,4600.0,72.20999908447266,29.635385513305664,6.067474842071533,98.0,70.23500061035156
2019-05-20,11.835000038146973,11100.0,71.97000122070312,29.77766990661621,5.973243236541748,97.93000030517578,70.28150177001953
2019-05-21,11.96500015258789,1300.0,72.18000030517578,29.789051055908203,6.130296230316162,98.05999755859375,70.12750244140625
2019-05-22,12.045000076293945,600.0,70.98999786376953,29.458948135375977,6.151236534118652,98.11000061035156,70.12750244140625
2019-05-23,12.234999656677246,900.0,67.76000213623047,29.18575668334961,6.172176361083984,97.8499984741211,69.97250366210938
2019-05-24,12.204999923706055,1500.0,68.69000244140625,29.868728637695312,6.29258394241333,97.61000061035156,69.94499969482422
2019-05-28,12.364999771118164,1700.0,70.11000061035156,30.250064849853516,6.491517543792725,97.95999908447266,69.72000122070312
2019-05-29,12.515999794006348,2300.0,69.44999694824219,29.959796905517578,6.522928714752197,98.13999938964844,69.875
2019-05-30,12.180000305175781,1000.0,66.87000274658203,29.880115509033203,6.559573173522949,98.13999938964844,69.81500244140625
2019-05-31,12.25,1000.0,64.48999786376953,29.54432487487793,6.528163433074951,97.75,69.9800033569336
2019-06-03,12.444999694824219,1600.0,61.279998779296875,29.81181526184082,6.5333967208862305,97.13999938964844,69.5696029663086
2019-06-04,12.489999771118164,900.0,61.970001220703125,30.17037582397461,6.617160320281982,97.06999969482422,69.16190338134766
2019-06-05,12.5,700.0,60.630001068115234,29.81181526184082,6.49675178527832,97.37000274658203,69.55999755859375
2019-06-06,12.425000190734863,300.0,61.66999816894531,30.00533103942871,6.559573173522949,97.02999877929688,69.625
2019-06-07,12.295000076293945,2400.0,63.290000915527344,30.221603393554688,6.559573173522949,96.61000061035156,69.36000061035156
2019-06-10,12.085000038146973,1800.0,62.290000915527344,30.352502822875977,6.501987457275391,96.76000213623047,69.34500122070312
2019-06-11,12.010000228881836,600.0,62.290000915527344,31.331438064575195,6.941736698150635,96.69000244140625,69.52349853515625
2019-06-12,11.859999656677246,0.0,59.970001220703125,31.17776870727539,6.92603063583374,97.0,69.3864974975586
2019-06-13,12.085000038146973,3800.0,61.310001373291016,31.570470809936523,7.030732154846191,97.01000213623047,69.69999694824219
2019-06-14,12.385000228881836,1500.0,62.0099983215332,31.285911560058594,6.868443965911865,97.56999969482422,69.80000305175781
2019-06-17,12.369999885559082,600.0,60.939998626708984,31.21760368347168,6.737566947937012,97.55999755859375,69.77050018310547
2019-06-18,12.385000228881836,500.0,62.13999938964844,32.082706451416016,7.046437740325928,97.63999938964844,70.11250305175781
2019-06-19,12.444999694824219,200.0,61.81999969482422,31.71845245361328,7.088319301605225,97.12000274658203,69.76499938964844
2019-06-20,12.404999732971191,0.0,64.44999694824219,32.492488861083984,7.177314758300781,96.62999725341797,69.87000274658203
2019-06-21,12.6899995803833,1500.0,65.19999694824219,32.21361541748047,7.083083629608154,96.22000122070312,69.77999877929688
2019-06-24,12.960000038146973,1400.0,64.86000061035156,32.63477325439453,7.140669822692871,95.9800033569336,69.56990051269531
2019-06-25,13.005000114440918,2100.0,65.05000305175781,32.486793518066406,6.978381156921387,96.16000366210938,69.60250091552734
2019-06-26,12.994999885559082,800.0,66.48999786376953,32.93642807006836,7.03596830368042,96.20999908447266,69.63749694824219
2019-06-27,12.930000305175781,100.0,66.55000305175781,33.12993240356445,7.030732154846191,96.19000244140625,69.60250091552734
2019-06-28,13.149999618530273,1100.0,66.55000305175781,33.07301712036133,7.03596830368042,96.12999725341797,69.32499694824219
2019-07-01,13.420000076293945,4900.0,65.05999755859375,33.26084518432617,7.292486190795898,96.83999633789062,68.94049835205078
2019-07-02,14.302000045776367,8200.0,62.400001525878906,33.56248474121094,6.95743989944458,96.7300033569336,69.1675033569336
2019-07-03,15.020000457763672,5200.0,63.81999969482422,33.53971862792969,6.999321937561035,96.7699966430664,69.0824966430664
2019-07-05,14.899999618530273,100800.0,64.2300033569336,32.21929931640625,6.868443965911865,97.25,68.73999786376953
2019-07-08,15.065999984741211,8700.0,64.11000061035156,32.54941177368164,6.962676048278809,97.37999725341797,68.44000244140625
2019-07-09,15.774999618530273,9600.0,64.16000366210938,32.36728286743164,6.994087219238281,97.48999786376953,68.8499984741211
2019-07-10,15.779999732971191,4700.0,67.01000213623047,32.691688537597656,7.229664325714111,97.0999984741211,68.76499938964844
2019-07-11,16.30500030517578,4100.0,66.5199966430664,32.56078338623047,7.245370864868164,97.05000305175781,68.36759948730469
2019-07-12,16.604999542236328,11100.0,66.72000122070312,32.577857971191406,7.224431991577148,96.80999755859375,68.66999816894531
2019-07-15,17.125,17600.0,66.4800033569336,32.92504119873047,7.329131603240967,96.93000030517578,68.55030059814453
2019-07-16,16.575000762939453,11800.0,64.3499984741211,32.759986877441406,7.344836711883545,97.4000015258789,68.74749755859375
2019-07-17,16.975000381469727,3200.0,63.65999984741211,33.0161018371582,7.302957534790039,97.22000122070312,68.8949966430664
2019-07-18,17.19499969482422,52200.0,61.93000030517578,32.91935729980469,7.334369659423828,96.79000091552734,68.78600311279297
2019-07-19,17.565000534057617,20200.0,62.470001220703125,33.18115997314453,7.35007381439209,97.1500015258789,68.8499984741211
2019-07-22,17.988000869750977,6900.0,63.2599983215332,33.27791213989258,7.287252902984619,97.26000213623047,68.83000183105469
2019-07-23,17.065000534057617,18100.0,63.83000183105469,33.2266960144043,7.166844844818115,97.70999908447266,69.16000366210938
2019-07-24,16.350000381469727,35000.0,63.18000030517578,32.065635681152344,7.025496959686279,97.7300033569336,69.0199966430664
2019-07-25,16.899999618530273,11000.0,63.38999938964844,31.934728622436523,6.941736698150635,97.81999969482422,69.18499755859375
2019-07-26,16.594999313354492,43300.0,63.459999084472656,31.946109771728516,6.946971893310547,98.01000213623047,69.15049743652344
2019-07-29,16.389999389648438,2500.0,63.709999084472656,32.116851806640625,6.931264877319336,98.04000091552734,68.87000274658203
2019-07-30,16.190000534057617,2800.0,64.72000122070312,32.020103454589844,6.8893842697143555,98.05000305175781,68.94999694824219
2019-07-31,16.1200008392334,1200.0,65.16999816894531,31.26313591003418,6.800387382507324,98.5199966430664,69.07749938964844
2019-08-01,15.9350004196167,2300.0,60.5,30.124845504760742,6.554339408874512,98.38999938964844,69.40499877929688
2019-08-02,15.574999809265137,1000.0,61.88999938964844,29.62400245666504,6.428697109222412,98.0999984741211,69.29720306396484
2019-08-05,14.680000305175781,17900.0,59.810001373291016,28.701982498168945,6.051769733428955,97.5,69.65689849853516
2019-08-06,15.75,8200.0,58.939998626708984,28.582469940185547,6.151236534118652,97.62999725341797,71.5199966430664
2019-08-07,15.579999923706055,600.0,56.22999954223633,28.3946533203125,6.093650817871094,97.54000091552734,71.2300033569336
2019-08-08,16.145000457763672,800.0,57.380001068115234,29.02640724182129,6.266409397125244,97.62000274658203,71.16510009765625
2019-08-09,17.079999923706055,1400.0,58.529998779296875,28.44586944580078,6.046535968780518,97.48999786376953,70.47090148925781
2019-08-12,17.070999145507812,2000.0,58.56999969482422,28.195444107055664,5.915657043457031,97.37999725341797,71.03500366210938
2019-08-13,17.920000076293945,30400.0,61.29999923706055,28.827198028564453,6.125059604644775,97.80999755859375,71.58000183105469
2019-08-14,18.39900016784668,5500.0,59.47999954223633,27.984861373901367,5.790015697479248,97.98999786376953,71.08000183105469
2019-08-15,18.320999145507812,18300.0,58.22999954223633,28.058849334716797,5.742898941040039,98.13999938964844,71.63520050048828
2019-08-16,18.184999465942383,3000.0,58.63999938964844,27.779970169067383,5.6957831382751465,98.13999938964844,71.72000122070312
2019-08-19,17.75,3800.0,59.7400016784668,27.967790603637695,5.591080665588379,98.3499984741211,71.13200378417969
2019-08-20,18.094999313354492,1900.0,60.029998779296875,27.563697814941406,5.648667335510254,98.19000244140625,71.99500274658203
2019-08-21,18.924999237060547,6300.0,60.29999923706055,27.09699821472168,5.6853132247924805,98.30000305175781,71.80999755859375
2019-08-22,19.459999084472656,2900.0,59.91999816894531,26.892108917236328,5.63819694519043,98.16999816894531,71.43779754638672
2019-08-23,19.5310001373291,5100.0,59.34000015258789,26.573379516601562,5.4759087562561035,97.63999938964844,71.92040252685547
2019-08-26,19.549999237060547,4000.0,58.70000076293945,26.87502670288086,5.381677150726318,98.08000183105469,71.50250244140625
2019-08-27,20.440000534057617,6400.0,59.5099983215332,26.829496383666992,5.407852649688721,98.0,72.16000366210938
2019-08-28,20.40999984741211,3600.0,60.4900016784668,27.2108211517334,5.460204124450684,98.20999908447266,71.53500366210938
2019-08-29,20.405000686645508,3800.0,61.08000183105469,27.398645401000977,5.6120219230651855,98.51000213623047,72.08499908447266
2019-08-30,21.135000228881836,5700.0,60.43000030517578,27.979171752929688,5.758603572845459,98.91999816894531,71.6801986694336
2019-09-03,21.59000015258789,33600.0,58.2599983215332,27.734437942504883,5.711487770080566,98.94999694824219,71.96209716796875
2019-09-04,21.066999435424805,11900.0,60.70000076293945,28.690603256225586,5.884246826171875,98.44999694824219,72.45999908447266
2019-09-05,20.59000015258789,19400.0,60.95000076293945,28.960771560668945,5.931361198425293,98.41000366210938,71.95570373535156
2019-09-06,20.450000762939453,31000.0,61.540000915527344,28.87267303466797,5.936596870422363,98.38999938964844,72.22000122070312
2019-09-09,20.190000534057617,2100.0,62.59000015258789,29.21918487548828,6.077944755554199,98.27999877929688,71.66999816894531
2019-09-10,20.33799934387207,2200.0,62.380001068115234,29.577455520629883,6.1407647132873535,98.33000183105469,72.09249877929688
2019-09-11,20.80500030517578,2400.0,60.810001373291016,29.7066707611084,6.182648658752441,98.6500015258789,71.85900115966797
2019-09-12,21.19499969482422,16900.0,60.380001068115234,29.929853439331055,6.3711113929748535,98.30999755859375,71.56009674072266
2019-09-13,21.114999771118164,900.0,60.220001220703125,30.493675231933594,6.360639572143555,98.26000213623047,71.28500366210938
2019-09-16,21.270000457763672,10100.0,69.0199966430664,30.564163208007812,6.214057445526123,98.6500015258789,71.02069854736328
2019-09-17,20.40999984741211,10400.0,64.55000305175781,30.293983459472656,6.245467662811279,98.26000213623047,71.74909973144531
2019-09-18,19.649999618530273,8600.0,63.599998474121094,30.064929962158203,6.161706924438477,98.5999984741211,71.70999908447266
2019-09-19,19.514999389648438,3700.0,64.4000015258789,30.158906936645508,6.062240123748779,98.2699966430664,71.5425033569336
2019-09-20,20.010000228881836,6300.0,64.27999877929688,29.947465896606445,6.062240123748779,98.51000213623047,71.71749877929688
2019-09-23,20.860000610351562,6200.0,64.7699966430664,29.718412399291992,6.004653453826904,98.5999984741211,71.19159698486328
2019-09-24,20.570999145507812,4300.0,63.099998474121094,28.90203857421875,5.868542671203613,98.33999633789062,70.78959655761719
2019-09-25,19.520000457763672,2400.0,62.38999938964844,29.14871597290039,6.004653453826904,99.04000091552734,71.28500366210938
2019-09-26,18.71500015258789,9200.0,62.7400016784668,29.06061553955078,5.988948345184326,99.20999908447266,71.30999755859375
2019-09-27,18.924999237060547,3500.0,61.90999984741211,29.23093605041504,5.983713150024414,99.11000061035156,71.21499633789062
2019-09-30,19.709999084472656,5400.0,60.779998779296875,29.001882553100586,6.020359516143799,99.37999725341797,70.49870300292969
2019-10-01,19.875,300.0,58.88999938964844,28.784576416015625,5.994183540344238,99.12999725341797,70.92250061035156
2019-10-02,20.115999221801758,1300.0,57.689998626708984,28.00343894958496,5.690548419952393,99.04000091552734,71.0999984741211
2019-10-03,19.374000549316406,2300.0,57.709999084472656,28.115028381347656,5.790015697479248,98.86000061035156,71.1416015625
2019-10-04,20.405000686645508,1400.0,58.369998931884766,28.43218231201172,5.994183540344238,98.80999755859375,71.0199966430664
2019-10-07,20.639999389648438,8200.0,58.349998474121094,28.073917388916016,5.884246826171875,98.98999786376953,70.81500244140625
2019-10-08,21.489999771118164,2500.0,58.2400016784668,27.880102157592773,5.784780502319336,99.13999938964844,71.36000061035156
2019-10-09,21.91200065612793,9200.0,58.31999969482422,27.92121696472168,5.816189765930176,99.12000274658203,71.20999908447266
2019-10-10,21.4950008392334,1100.0,59.099998474121094,28.408687591552734,5.978477954864502,98.70999908447266,71.41000366210938
2019-10-11,21.19499969482422,2400.0,60.5099983215332,29.136966705322266,6.182648658752441,98.30000305175781,70.9800033569336
2019-10-14,20.90999984741211,3000.0,59.349998474121094,28.555519104003906,6.062240123748779,98.44999694824219,70.91400146484375
2019-10-15,20.885000228881836,4700.0,58.7400016784668,28.590763092041016,5.988948345184326,98.29000091552734,71.45249938964844
2019-10-16,20.075000762939453,3300.0,59.41999816894531,28.291223526000977,5.868542671203613,98.01000213623047,71.76000213623047
2019-10-17,20.200000762939453,1200.0,59.90999984741211,27.99756622314453,5.84760046005249,97.61000061035156,71.62000274658203
2019-10-18,20.479999542236328,1800.0,59.41999816894531,27.915332794189453,5.837131500244141,97.27999877929688,71.42250061035156
2019-10-21,19.489999771118164,8600.0,58.959999084472656,28.4145565032959,5.957539081573486,97.33000183105469,71.02999877929688
2019-10-22,19.05500030517578,300.0,59.70000076293945,28.520278930664062,6.057004928588867,97.52999877929688,71.1050033569336
2019-10-23,19.295000076293945,2600.0,61.16999816894531,28.79631996154785,6.0988850593566895,97.47000122070312,71.07499694824219
2019-10-24,19.84000015258789,300.0,61.66999816894531,28.702350616455078,6.025594711303711,97.62999725341797,70.71499633789062
2019-10-25,19.815000534057617,0.0,62.02000045776367,28.90791130065918,6.303053855895996,97.83000183105469,71.19000244140625
2019-10-28,19.78499984741211,200.0,61.56999969482422,29.301422119140625,6.40252161026001,97.76000213623047,70.83000183105469
2019-10-29,19.420000076293945,1400.0,61.59000015258789,29.20157241821289,6.355405330657959,97.69000244140625,70.73500061035156
2019-10-30,18.545000076293945,2600.0,60.61000061035156,28.99601173400879,6.350170612335205,97.6500015258789,70.88459777832031
2019-10-31,18.030000686645508,4100.0,60.22999954223633,28.725841522216797,6.14600133895874,97.3499984741211,70.98999786376953
2019-11-01,18.1200008392334,3100.0,61.689998626708984,29.360153198242188,6.355405330657959,97.23999786376953,70.97000122070312
2019-11-04,18.049999237060547,2800.0,62.130001068115234,29.90047836303711,6.454871654510498,97.51000213623047,70.51210021972656
2019-11-05,17.600000381469727,600.0,62.959999084472656,30.452566146850586,6.481046199798584,97.9800033569336,71.0
2019-11-06,16.774999618530273,21300.0,61.7400016784668,30.18826675415039,6.3711113929748535,97.94999694824219,70.8949966430664
2019-11-07,16.299999237060547,4000.0,62.290000915527344,30.229385375976562,6.392050266265869,98.13999938964844,71.0
2019-11-08,16.2450008392334,400.0,62.5099983215332,29.830001831054688,6.161706924438477,98.3499984741211,71.37650299072266
2019-11-11,16.545000076293945,300.0,62.18000030517578,29.583324432373047,6.077944755554199,98.19999694824219,71.37650299072266
2019-11-12,16.975000381469727,0.0,62.060001373291016,29.5539608001709,6.020359516143799,98.30999755859375,71.5739974975586
2019-11-13,16.709999084472656,1300.0,62.369998931884766,29.195697784423828,5.873777389526367,98.37000274658203,71.77999877929688
2019-11-14,16.584999084472656,9400.0,62.279998779296875,29.307289123535156,5.863305568695068,98.16000366210938,72.1415023803711
2019-11-15,16.774999618530273,4100.0,63.29999923706055,29.888736724853516,5.999417781829834,98.0,71.95580291748047
2019-11-18,16.584999084472656,1400.0,62.439998626708984,29.747779846191406,5.915657043457031,97.79000091552734,71.70580291748047
2019-11-19,16.354999542236328,0.0,60.90999984741211,30.02381706237793,5.999417781829834,97.86000061035156,71.93509674072266
2019-11-20,16.530000686645508,1300.0,62.400001525878906,29.495237350463867,5.894715309143066,97.93000030517578,71.85099792480469
2019-11-21,16.674999237060547,5000.0,63.970001220703125,29.5539608001709,6.004653453826904,97.98999786376953,71.76820373535156
2019-11-22,17.094999313354492,200.0,63.38999938964844,29.859373092651367,6.2245283126831055,98.2699966430664,71.7405014038086
2019-11-25,17.80500030517578,1100.0,63.650001525878906,30.22350311279297,6.297819137573242,98.31999969482422,71.78260040283203
2019-11-26,18.36199951171875,8500.0,64.2699966430664,30.28811264038086,6.297819137573242,98.25,71.67949676513672
2019-11-27,18.05500030517578,300.0,64.05999755859375,30.452566146850586,6.214057445526123,98.41000366210938,71.42839813232422
2019-11-29,18.329999923706055,1900.0,62.43000030517578,30.264619827270508,6.156471252441406,98.2699966430664,71.54740142822266
2019-12-02,19.05500030517578,500.0,60.91999816894531,30.393835067749023,6.355405330657959,97.86000061035156,71.7229995727539
2019-12-03,18.315000534057617,800.0,60.81999969482422,29.830001831054688,6.2821149826049805,97.73999786376953,71.625
2019-12-04,17.975000381469727,1400.0,63.0,30.20001983642578,6.3344645500183105,97.6500015258789,71.95999908447266
2019-12-05,17.889999389648438,100.0,63.38999938964844,30.000322341918945,6.344934940338135,97.41000366210938,71.4801025390625
2019-12-06,18.204999923706055,400.0,64.38999938964844,30.393835067749023,6.486282825469971,97.69999694824219,71.38500213623047
2019-12-09,17.899999618530273,400.0,64.25,30.699237823486328,6.481046199798584,97.63999938964844,71.28679656982422
2019-12-10,17.739999771118164,4600.0,64.33999633789062,30.887182235717773,6.4391679763793945,97.41000366210938,70.96019744873047
2019-12-11,17.334999084472656,2500.0,63.720001220703125,31.257192611694336,6.585748672485352,97.16000366210938,71.01000213623047
2019-12-12,16.84000015258789,600.0,64.19999694824219,31.56260108947754,6.75850772857666,97.4000015258789,70.72930145263672
2019-12-13,16.9950008392334,1000.0,65.22000122070312,31.80927276611328,6.837033271789551,97.16999816894531,70.55989837646484
2019-12-16,16.674999237060547,2100.0,65.33999633789062,32.414215087890625,6.8893842697143555,97.06999969482422,70.68900299072266
2019-12-17,16.1200008392334,700.0,66.0999984741211,32.48469161987305,6.852739334106445,97.20999908447266,70.92050170898438
2019-12-18,15.6850004196167,800.0,66.16999816894531,32.14992141723633,6.84750509262085,97.41000366210938,71.21499633789062
2019-12-19,15.324999809265137,11600.0,66.54000091552734,32.08531951904297,6.920795917510986,97.41999816894531,70.98989868164062
2019-12-20,15.225000381469727,1100.0,66.13999938964844,31.92673110961914,6.946971893310547,97.70999908447266,71.22270202636719
2019-12-23,15.335000038146973,300.0,66.38999938964844,32.020713806152344,6.962676048278809,97.66000366210938,71.02400207519531
2019-12-24,15.345000267028809,100.0,67.19999694824219,31.985469818115234,7.051673412322998,97.6500015258789,71.21070098876953
2019-12-26,15.37399959564209,200.0,67.91999816894531,32.191036224365234,7.062142848968506,97.58999633789062,71.54000091552734
2019-12-27,15.289999961853027,100.0,68.16000366210938,32.26150894165039,7.103517055511475,96.91999816894531,71.30030059814453
2019-12-30,15.100000381469727,1200.0,68.44000244140625,32.1381721496582,7.08739709854126,96.73999786376953,71.31300354003906
2019-12-31,15.449999809265137,500.0,66.0,32.13230514526367,7.092771530151367,96.38999938964844,71.31099700927734
2020-01-02,13.961000442504883,4000.0,66.25,32.255638122558594,7.227105140686035,96.8499984741211,71.0250015258789
2020-01-03,13.050000190734863,8200.0,68.5999984741211,32.038330078125,7.141129970550537,96.83999633789062,71.41500091552734
2020-01-06,11.920000076293945,3900.0,68.91000366210938,32.003089904785156,7.060531139373779,96.66999816894531,71.73100280761719
2020-01-07,11.895000457763672,3200.0,68.2699966430664,32.003089904785156,7.108890533447266,96.9800033569336,71.78700256347656
2020-01-08,13.654999732971191,7700.0,65.44000244140625,32.16166687011719,7.103517055511475,97.30000305175781,72.16000366210938
2020-01-09,13.3100004196167,3000.0,65.37000274658203,31.85625457763672,6.979930877685547,97.44999694824219,71.41190338134766
2020-01-10,13.845000267028809,3000.0,64.9800033569336,31.94436264038086,6.96918249130249,97.36000061035156,71.19429779052734
2020-01-13,12.994999885559082,7000.0,64.19999694824219,32.15578842163086,7.157249927520752,97.3499984741211,70.9530029296875
2020-01-14,13.664999961853027,8700.0,64.48999786376953,32.414215087890625,7.227105140686035,97.37000274658203,70.71890258789062
2020-01-15,13.350000381469727,9100.0,64.0,32.320247650146484,7.125010013580322,97.2300033569336,70.84510040283203
2020-01-16,12.630000114440918,5900.0,64.62000274658203,32.631526947021484,7.071278095245361,97.31999969482422,70.71800231933594
2020-01-17,12.104999542236328,9200.0,64.8499984741211,33.17185592651367,7.323823928833008,97.61000061035156,70.94560241699219
2020-01-21,11.369999885559082,18800.0,64.58999633789062,32.64326858520508,7.1196370124816895,97.52999877929688,71.03099822998047
2020-01-22,11.031999588012695,30000.0,63.209999084472656,33.089637756347656,7.210984230041504,97.52999877929688,71.16999816894531
2020-01-23,11.045000076293945,21800.0,62.040000915527344,32.678504943847656,7.146503925323486,97.69000244140625,71.0781021118164
2020-01-24,11.135000228881836,12300.0,60.689998626708984,31.97372055053711,6.899332523345947,97.8499984741211,71.32099914550781
2020-01-27,10.4399995803833,33800.0,59.31999969482422,30.981149673461914,6.447973251342773,97.95999908447266,71.32499694824219
2020-01-28,10.279999732971191,47500.0,59.5099983215332,31.133852005004883,6.544691562652588,98.0199966430664,71.44000244140625
2020-01-29,10.085000038146973,11400.0,59.810001373291016,31.08100128173828,6.421107292175293,97.98999786376953,71.23040008544922
2020-01-30,9.550000190734863,48700.0,58.290000915527344,31.116235733032227,6.453347682952881,97.87000274658203,71.30000305175781
2020-01-31,9.819999694824219,18700.0,58.15999984741211,30.017942428588867,6.30289363861084,97.38999938964844,71.63999938964844
2020-02-03,9.293000221252441,47900.0,54.45000076293945,29.824134826660156,6.394240379333496,97.80000305175781,71.49649810791016
2020-02-04,9.350000381469727,44700.0,53.959999084472656,30.64051055908203,6.571558952331543,97.95999908447266,71.31410217285156
2020-02-05,9.550000190734863,40300.0,55.279998779296875,31.039880752563477,6.684398651123047,98.2699966430664,71.0999984741211
2020-02-06,9.449999809265137,173200.0,54.93000030517578,30.851940155029297,6.662905693054199,98.5,71.18000030517578
2020-02-07,9.225000381469727,54100.0,54.470001220703125,29.994457244873047,6.469466686248779,98.68000030517578,71.47000122070312
2020-02-10,8.800000190734863,81200.0,53.27000045776367,29.98857879638672,6.233040809631348,98.83000183105469,71.5155029296875
2020-02-11,9.300000190734863,65000.0,54.0099983215332,30.258752822875977,6.40498685836792,98.72000122070312,71.27999877929688
2020-02-12,9.399999618530273,155700.0,55.790000915527344,30.757970809936523,6.512452602386475,99.05000305175781,71.27529907226562
2020-02-13,9.140000343322754,63700.0,56.34000015258789,30.540660858154297,6.410360813140869,99.06999969482422,71.29620361328125
2020-02-14,9.225000381469727,109200.0,57.31999969482422,30.358591079711914,6.378119945526123,99.12000274658203,71.26850128173828
2020-02-18,9.270000457763672,259500.0,57.75,30.282238006591797,6.458719730377197,99.45999908447266,71.34919738769531
2020-02-19,9.100000381469727,280300.0,59.119998931884766,30.205886840820312,6.47484016418457,99.5999984741211,71.57499694824219
2020-02-20,9.029999732971191,150800.0,59.310001373291016,29.741912841796875,6.367372989654541,99.87000274658203,71.82749938964844
2020-02-21,9.010000228881836,104900.0,58.5,29.606822967529297,6.136321544647217,99.26000213623047,72.11000061035156
2020-02-24,8.369999885559082,118600.0,56.29999923706055,28.115028381347656,5.674215793609619,99.29000091552734,71.88680267333984
2020-02-25,8.220000267028809,87900.0,54.95000076293945,27.474851608276367,5.539883136749268,98.97000122070312,72.04669952392578
2020-02-26,8.180000305175781,124300.0,53.43000030517578,27.275157928466797,5.470030784606934,99.0,71.87000274658203
2020-02-27,8.300000190734863,153100.0,52.18000030517578,26.382436752319336,5.330325126647949,98.44000244140625,71.66339874267578
2020-02-28,8.1899995803833,211600.0,50.52000045776367,25.436843872070312,5.276590824127197,98.12999725341797,71.93000030517578
2020-03-02,7.909999847412109,148000.0,51.900001525878906,25.988929748535156,5.51839017868042,97.36000061035156,72.1500015258789
2020-03-03,8.100000381469727,44500.0,51.86000061035156,25.806856155395508,5.4915242195129395,97.1500015258789,72.82499694824219
2020-03-04,8.3100004196167,138700.0,51.130001068115234,26.887523651123047,5.674215793609619,97.33999633789062,73.34200286865234
2020-03-05,8.369999885559082,92800.0,49.9900016784668,26.05333709716797,5.437791347503662,96.81999969482422,74.0425033569336
2020-03-06,8.25,81200.0,45.27000045776367,25.23728370666504,5.120765209197998,95.94999694824219,73.8551025390625
2020-03-09,7.5,74700.0,34.36000061035156,21.078418731689453,4.282529354095459,94.9000015258789,73.99530029296875
2020-03-10,7.809999942779541,40100.0,37.220001220703125,22.82538414001465,5.050912380218506,96.41000366210938,74.40599822998047
2020-03-11,7.5,62000.0,35.790000915527344,21.42902374267578,4.567315578460693,96.51000213623047,74.20500183105469
2020-03-12,6.909999847412109,119200.0,33.220001220703125,18.69675064086914,3.8472909927368164,97.47000122070312,74.76000213623047
2020-03-13,6.840000152587891,178100.0,33.849998474121094,20.72781753540039,4.67478084564209,98.75,75.30000305175781
2020-03-16,6.099999904632568,102800.0,30.049999237060547,19.071529388427734,4.244915962219238,98.08999633789062,73.90399932861328
2020-03-17,6.059999942779541,63600.0,28.729999542236328,21.078418731689453,4.389995098114014,99.58000183105469,75.15499877929688
2020-03-18,5.389999866485596,193300.0,24.8799991607666,18.70883560180664,3.976250410079956,101.16000366210938,74.01239776611328
2020-03-19,5.559999942779541,133800.0,28.469999313354492,19.555118560791016,3.858036994934082,102.76000213623047,74.98200225830078
2020-03-20,5.820000171661377,32000.0,26.979999542236328,19.023164749145508,3.7505714893341064,102.81999969482422,75.15969848632812
2020-03-23,5.739999771118164,22400.0,27.030000686645508,19.174291610717773,3.5356390476226807,102.48999786376953,75.62210083007812
2020-03-24,5.369999885559082,58000.0,27.149999618530273,22.039554595947266,4.029983043670654,101.73999786376953,76.50599670410156
2020-03-25,5.03000020980835,61600.0,27.389999389648438,22.559406280517578,4.320141315460205,101.05000305175781,77.26000213623047
2020-03-26,5.389999866485596,160800.0,26.34000015258789,22.879789352416992,4.470594882965088,99.41999816894531,75.84549713134766
2020-03-27,5.400000095367432,94600.0,24.93000030517578,21.513648986816406,4.21267557144165,98.37000274658203,74.72560119628906
2020-03-30,5.804999828338623,160300.0,22.760000228881836,22.39620018005371,4.320141315460205,99.18000030517578,75.46499633789062
2020-03-31,6.389999866485596,305800.0,22.739999771118164,22.178585052490234,4.454474449157715,99.05000305175781,75.4000015258789
2020-04-01,6.289999961853027,61300.0,24.739999771118164,21.682907104492188,4.379248142242432,99.66999816894531,75.32499694824219
2020-04-02,6.380000114440918,51200.0,29.940000534057617,22.910011291503906,4.379248142242432,100.18000030517578,77.56999969482422
2020-04-03,6.239999771118164,24600.0,34.11000061035156,22.118135452270508,4.072969913482666,100.58000183105469,77.13999938964844
2020-04-06,6.099999904632568,28600.0,33.04999923706055,23.514501571655273,4.357755661010742,100.69000244140625,76.2300033569336
2020-04-07,6.289999961853027,44000.0,31.8700008392334,23.284791946411133,4.502834320068359,99.9800033569336,75.96489715576172
2020-04-08,6.869999885559082,33400.0,32.84000015258789,23.7623348236084,4.535074234008789,100.12000274658203,76.66000366210938
2020-04-09,7.349999904632568,218800.0,31.479999542236328,23.883235931396484,4.567315578460693,99.5199966430664,75.95899963378906
2020-04-13,7.320000171661377,95800.0,31.739999771118164,23.943687438964844,4.604926586151123,99.3499984741211,76.16649627685547
2020-04-14,7.230000019073486,104300.0,29.600000381469727,24.397045135498047,4.615674018859863,98.88999938964844,76.91000366210938
2020-04-15,7.25,36000.0,27.690000534057617,23.218299865722656,4.438354969024658,99.45999908447266,75.93099975585938
2020-04-16,7.230000019073486,28700.0,27.81999969482422,23.339200973510742,4.368503093719482,100.02999877929688,77.2125015258789
2020-04-17,7.25,48800.0,28.079999923706055,24.191518783569336,4.492087364196777,99.77999877929688,77.56999969482422
2020-04-20,6.809999942779541,585000.0,25.56999969482422,23.435914993286133,4.293275356292725,99.95999908447266,76.55999755859375
2020-04-21,6.150000095367432,198700.0,19.329999923706055,22.263212203979492,4.185809135437012,100.26000213623047,77.20999908447266
2020-04-22,6.150000095367432,191500.0,20.3700008392334,22.819337844848633,4.282529354095459,100.38999938964844,76.96939849853516
2020-04-23,6.110000133514404,40600.0,21.329999923706055,23.182031631469727,4.223422050476074,100.43000030517578,76.4000015258789
2020-04-24,6.019999980926514,25600.0,21.440000534057617,23.61725616455078,4.121330261230469,100.37999725341797,76.42250061035156
2020-04-27,5.809999942779541,42200.0,19.989999771118164,23.8771915435791,4.2341694831848145,100.04000091552734,76.27149963378906
2020-04-28,5.550000190734863,76600.0,20.459999084472656,24.143163681030273,4.357755661010742,99.87000274658203,76.1863021850586
2020-04-29,5.679999828338623,133200.0,22.540000915527344,25.45490074157715,4.707021236419678,99.56999969482422,76.46499633789062
2020-04-30,5.539999961853027,76400.0,25.270000457763672,24.590482711791992,4.432981491088867,99.0199966430664,75.25849914550781
2020-05-01,5.349999904632568,45100.0,26.440000534057617,23.236434936523438,4.287902355194092,98.80000305175781,75.72000122070312
2020-05-04,5.099999904632568,75800.0,27.200000762939453,23.502408981323242,4.287902355194092,99.4800033569336,75.60050201416016
2020-05-05,4.789999961853027,145200.0,30.969999313354492,23.671663284301758,4.196555137634277,99.70999908447266,75.8499984741211
2020-05-06,4.449999809265137,188900.0,29.719999313354492,23.80465316772461,4.180436134338379,100.08999633789062,76.16999816894531
2020-05-07,4.579999923706055,56600.0,29.459999084472656,24.445404052734375,4.261034965515137,99.88999938964844,76.15129852294922
2020-05-08,4.599999904632568,119000.0,30.969999313354492,25.03780174255371,4.578060626983643,99.7300033569336,76.08000183105469
2020-05-11,4.429999828338623,162400.0,29.6299991607666,24.36077880859375,4.422235012054443,100.23999786376953,75.5250015258789
2020-05-12,4.130000114440918,100000.0,29.979999542236328,23.82278823852539,4.352382183074951,99.93000030517578,76.30999755859375
2020-05-13,3.9100000858306885,873900.0,29.190000534057617,23.955768585205078,4.3953680992126465,100.23999786376953,75.68000030517578
2020-05-14,4.013000011444092,78200.0,31.1299991607666,24.397045135498047,4.427608013153076,100.47000122070312,75.42620086669922
2020-05-15,4.170000076293945,131300.0,32.5,24.995487213134766,4.443728923797607,100.4000015258789,75.48500061035156
2020-05-18,4.590000152587891,726000.0,34.810001373291016,27.074918746948242,4.841353416442871,99.66999816894531,75.81999969482422
2020-05-19,4.619999885559082,427000.0,34.650001525878906,27.111186981201172,4.873591899871826,99.37000274658203,75.60009765625
2020-05-20,4.909999847412109,253300.0,35.75,27.721715927124023,4.981060028076172,99.12000274658203,76.0
2020-05-21,4.940000057220459,256300.0,36.060001373291016,27.52828598022461,4.905833721160889,99.37000274658203,75.77999877929688
2020-05-22,4.880000114440918,45700.0,35.130001068115234,27.504104614257812,4.8252339363098145,99.86000061035156,75.625
2020-05-26,4.800000190734863,110800.0,36.16999816894531,27.764036178588867,4.895086288452148,98.91000366210938,76.11000061035156
2020-05-27,4.650000095367432,365800.0,34.7400016784668,27.933290481567383,5.142258167266846,99.05999755859375,75.81999969482422
2020-05-28,4.550000190734863,100600.0,35.290000915527344,28.229488372802734,5.002553462982178,98.37999725341797,76.12999725341797
2020-05-29,4.650000095367432,53200.0,35.33000183105469,28.471282958984375,5.244352340698242,98.33999633789062,75.95999908447266
2020-06-01,4.639999866485596,92400.0,38.31999969482422,29.166440963745117,5.287338733673096,97.83000183105469,75.51319885253906
2020-06-02,5.0,324300.0,39.56999969482422,30.085256576538086,5.513016700744629,97.66999816894531,75.7300033569336
2020-06-03,5.03000020980835,305100.0,39.790000915527344,30.51445198059082,5.679591178894043,97.27999877929688,75.06580352783203
2020-06-04,5.050000190734863,144300.0,39.9900016784668,30.466083526611328,5.824668884277344,96.68000030517578,75.54499816894531
2020-06-05,5.449999809265137,340300.0,42.29999923706055,31.10079574584961,5.932135105133057,96.94000244140625,75.49089813232422
2020-06-08,5.510000228881836,207600.0,40.79999923706055,31.844308853149414,6.055722236633301,96.62000274658203,75.5177001953125
2020-06-09,5.269999980926514,284600.0,41.18000030517578,31.60251808166504,6.02885627746582,96.31999969482422,75.625
2020-06-10,5.78000020980835,231200.0,41.72999954223633,31.711326599121094,5.921388149261475,95.95999908447266,75.50980377197266
2020-06-11,5.78000020980835,506400.0,38.54999923706055,29.42032814025879,5.507643699645996,96.7300033569336,75.875
2020-06-12,6.360000133514404,312200.0,38.72999954223633,30.230331420898438,5.711829662322998,97.31999969482422,76.38999938964844
2020-06-15,6.420000076293945,332800.0,39.720001220703125,29.831369400024414,5.701083183288574,96.68000030517578,75.95680236816406
2020-06-16,7.21999979019165,512900.0,40.959999084472656,30.254514694213867,5.727949142456055,96.95999908447266,75.97799682617188
2020-06-17,7.820000171661377,725400.0,40.709999084472656,30.00667381286621,5.770936012268066,97.16000366210938,76.65499877929688
2020-06-18,7.260000228881836,504800.0,41.5099983215332,29.63189697265625,5.668843746185303,97.41999816894531,76.55000305175781
2020-06-19,7.275000095367432,230500.0,42.189998626708984,28.99113655090332,5.539883136749268,97.62000274658203,76.40039825439453
2020-06-22,7.429999828338623,267500.0,43.08000183105469,29.686294555664062,5.6204833984375,97.04000091552734,76.2520980834961
2020-06-23,8.180000305175781,343300.0,42.630001068115234,30.1154842376709,5.803176403045654,96.69000244140625,75.78980255126953
2020-06-24,7.440000057220459,398300.0,40.310001373291016,29.263158798217773,5.588243007659912,97.1500015258789,75.60780334472656
2020-06-25,7.239999771118164,487500.0,41.04999923706055,29.867643356323242,5.674215793609619,97.43000030517578,75.97000122070312
2020-06-26,7.610000133514404,228400.0,41.02000045776367,29.34174346923828,5.475404739379883,97.5,75.53980255126953
2020-06-29,7.559999942779541,210300.0,41.709999084472656,29.607709884643555,5.48615026473999,97.54000091552734,75.61979675292969
2020-06-30,7.389999866485596,168000.0,41.150001525878906,30.061080932617188,5.539883136749268,97.38999938964844,75.69999694824219
2020-07-01,7.199999809265137,286700.0,42.029998779296875,29.891826629638672,5.523764133453369,97.19999694824219,75.75
2020-07-02,8.050000190734863,527100.0,43.13999938964844,30.2666072845459,5.593616962432861,97.31999969482422,75.45490264892578
2020-07-06,9.420000076293945,609800.0,43.099998474121094,30.484216690063477,5.695710182189941,96.79000091552734,74.6792984008789
2020-07-07,8.930000305175781,374800.0,43.08000183105469,30.175931930541992,5.625856399536133,96.87999725341797,74.60759735107422
2020-07-08,9.0,317200.0,43.290000915527344,30.895265579223633,5.78168249130249,96.43000030517578,75.125
2020-07-09,8.75,170300.0,42.349998474121094,30.526531219482422,5.711829662322998,96.69999694824219,74.93990325927734
2020-07-10,8.489999771118164,244000.0,43.2400016784668,30.87109375,5.7978034019470215,96.6500015258789,75.33999633789062
2020-07-13,8.100000381469727,330000.0,42.720001220703125,30.689746856689453,5.7924299240112305,96.45999908447266,75.15850067138672
2020-07-14,7.820000171661377,201100.0,42.900001525878906,31.650875091552734,6.233040809631348,96.26000213623047,75.44999694824219
2020-07-15,7.519999980926514,165500.0,43.790000915527344,32.08610534667969,6.200800895690918,96.08000183105469,75.57499694824219
2020-07-16,7.980000019073486,91400.0,43.369998931884766,32.00752258300781,6.061094760894775,96.3499984741211,75.1249008178711
2020-07-17,8.0,35600.0,43.13999938964844,32.54551315307617,6.07721471786499,95.94000244140625,75.17449951171875
2020-07-20,7.5,44700.0,43.279998779296875,32.39439392089844,6.147068500518799,95.83000183105469,74.89730072021484
2020-07-21,7.110000133514404,216400.0,44.31999969482422,32.23118209838867,6.1578145027160645,95.12000274658203,74.98999786376953
2020-07-22,6.909999847412109,252000.0,44.290000915527344,32.1525993347168,6.222293853759766,94.97000122070312,74.7699966430664
2020-07-23,7.150000095367432,225500.0,43.310001373291016,31.862442016601562,6.066468238830566,94.69000244140625,74.81999969482422
2020-07-24,7.389999866485596,166600.0,43.34000015258789,31.801998138427734,6.050347328186035,94.44000244140625,74.80729675292969
2020-07-27,7.550000190734863,155400.0,43.40999984741211,32.877986907958984,6.399613857269287,93.66999816894531,74.75980377197266
2020-07-28,7.900000095367432,188600.0,43.220001220703125,32.352081298828125,6.308265686035156,93.76000213623047,75.0
2020-07-29,8.510000228881836,141000.0,43.75,32.799400329589844,6.496333122253418,93.26000213623047,75.08999633789062
2020-07-30,8.1899995803833,212400.0,42.939998626708984,32.12842559814453,6.367372989654541,93.0199966430664,74.8311996459961
2020-07-31,8.149999618530273,78900.0,43.29999923706055,31.9410343170166,6.254534721374512,93.48999786376953,74.98999786376953
2020-08-03,8.420000076293945,109800.0,44.150001525878906,32.454837799072266,6.136321544647217,93.5,74.91780090332031
2020-08-04,8.6899995803833,58400.0,44.43000030517578,32.738948822021484,6.173933982849121,93.37999725341797,75.33000183105469
2020-08-05,8.510000228881836,265900.0,45.16999816894531,33.86329650878906,6.319013595581055,92.83000183105469,75.25
2020-08-06,8.800000190734863,66300.0,45.09000015258789,34.35896682739258,6.195427417755127,92.79000091552734,74.8822021484375
2020-08-07,8.5,35600.0,44.400001525878906,33.78470993041992,5.9966139793396,93.44000244140625,74.8998031616211
2020-08-10,8.609999656677246,97800.0,44.9900016784668,34.55241012573242,6.104081630706787,93.58000183105469,75.0248031616211
2020-08-11,9.319999694824219,244800.0,44.5,34.35293197631836,6.001988887786865,93.62999725341797,75.0999984741211
2020-08-12,9.15999984741211,134300.0,45.43000030517578,34.73374557495117,6.07721471786499,93.44000244140625,74.9000015258789
2020-08-13,9.020000457763672,81400.0,44.959999084472656,34.47382354736328,6.061094760894775,93.33999633789062,74.77210235595703
2020-08-14,8.850000381469727,33900.0,44.79999923706055,34.44964599609375,6.087960720062256,93.0999984741211,75.02999877929688
2020-08-17,8.899999618530273,50100.0,45.369998931884766,35.04808807373047,6.104081630706787,92.8499984741211,74.90280151367188
2020-08-18,8.84000015258789,65300.0,45.459999084472656,34.39524459838867,6.233040809631348,92.2699966430664,75.0
2020-08-19,8.470000267028809,158600.0,45.369998931884766,33.71821594238281,6.082587718963623,92.88999938964844,74.79499816894531
2020-08-20,8.050000190734863,179800.0,44.900001525878906,33.69403839111328,6.114828586578369,92.79000091552734,74.966796875
2020-08-21,8.109999656677246,40400.0,44.349998474121094,32.950523376464844,5.953628063201904,93.25,74.9999008178711
2020-08-24,8.65999984741211,45900.0,45.130001068115234,33.422019958496094,6.071840763092041,93.30000305175781,74.92179870605469
2020-08-25,8.760000228881836,90200.0,45.86000061035156,33.07746124267578,6.02885627746582,93.0199966430664,74.4000015258789
2020-08-26,8.789999961853027,33700.0,45.63999938964844,33.34343719482422,5.937508583068848,93.01000213623047,74.45249938964844
2020-08-27,8.770000457763672,39600.0,45.09000015258789,33.270896911621094,5.873030662536621,93.01000213623047,74.24009704589844
2020-08-28,8.770000457763672,121400.0,45.04999923706055,33.74843978881836,6.071840763092041,92.37000274658203,73.77449798583984
2020-08-31,8.520000457763672,48000.0,45.279998779296875,33.28298568725586,5.910643100738525,92.13999938964844,73.12830352783203
2020-09-01,8.130000114440918,87100.0,45.58000183105469,34.32875061035156,6.179308891296387,92.33999633789062,73.66999816894531
2020-09-02,7.820000171661377,112900.0,44.43000030517578,34.080909729003906,6.141696453094482,92.8499984741211,73.2699966430664
2020-09-03,7.409999847412109,91900.0,44.06999969482422,32.767738342285156,6.0396013259887695,92.73999786376953,73.24849700927734
2020-09-04,7.769999980926514,55100.0,42.65999984741211,33.112979888916016,6.114828586578369,92.72000122070312,73.4478988647461
2020-09-08,7.40500020980835,75200.0,39.779998779296875,32.706085205078125,5.932135105133057,93.4800033569336,73.6500015258789
2020-09-09,7.139999866485596,58100.0,40.790000915527344,33.433570861816406,6.082587718963623,93.26000213623047,73.78679656982422
2020-09-10,7.485000133514404,39900.0,40.060001373291016,32.45331573486328,5.953628063201904,93.33999633789062,73.55000305175781
2020-09-11,7.690000057220459,43400.0,39.83000183105469,33.40890884399414,6.270654678344727,93.33000183105469,73.52729797363281
2020-09-14,7.849999904632568,19300.0,39.61000061035156,33.82197570800781,6.31364107131958,93.06999969482422,73.47859954833984
2020-09-15,7.550000190734863,80900.0,40.529998779296875,34.15489196777344,6.36199951171875,93.05000305175781,73.61499786376953
2020-09-16,7.599999904632568,25300.0,42.220001220703125,34.4508171081543,6.227667331695557,93.20999908447266,73.80000305175781
2020-09-17,7.639999866485596,19500.0,43.29999923706055,34.21037673950195,6.383493423461914,92.97000122070312,73.55069732666016
2020-09-18,7.570000171661377,13500.0,43.150001525878906,33.729496002197266,6.1846818923950195,92.93000030517578,73.58360290527344
2020-09-21,7.625,101800.0,41.439998626708984,32.62594223022461,5.980494976043701,93.54000091552734,73.53479766845703
2020-09-22,7.679999828338623,33100.0,41.720001220703125,32.60744094848633,5.962003707885742,93.98999786376953,73.57980346679688
2020-09-23,8.109999656677246,48900.0,41.77000045776367,31.953935623168945,5.9676079750061035,94.38999938964844,73.50299835205078
2020-09-24,8.430000305175781,119200.0,41.939998626708984,32.459476470947266,5.995624542236328,94.3499984741211,73.77839660644531
2020-09-25,8.210000038146973,44500.0,41.91999816894531,32.2991828918457,6.018037796020508,94.58000183105469,73.68240356445312
2020-09-28,8.09000015258789,66700.0,42.43000030517578,32.51496505737305,5.877953052520752,94.26000213623047,73.69930267333984
2020-09-29,8.229999542236328,52100.0,41.029998779296875,31.8121337890625,5.833125114440918,93.88999938964844,73.9749984741211
2020-09-30,8.239999771118164,63200.0,40.95000076293945,31.879955291748047,5.928383827209473,93.88999938964844,73.84500122070312
2020-10-01,8.359999656677246,21200.0,40.93000030517578,31.651840209960938,5.833125114440918,93.70999908447266,73.70500183105469
2020-10-02,8.649999618530273,134300.0,39.27000045776367,31.725826263427734,5.821918964385986,93.83999633789062,73.21700286865234
2020-10-05,8.729999542236328,59300.0,41.290000915527344,32.16355514526367,6.0236406326293945,93.51000213623047,73.32240295410156
2020-10-06,8.520000457763672,110900.0,42.650001525878906,31.133974075317383,5.883556365966797,93.83000183105469,73.1082992553711
2020-10-07,8.15999984741211,68400.0,41.9900016784668,32.02175521850586,6.0236406326293945,93.62999725341797,73.81500244140625
2020-10-08,8.130000114440918,79000.0,43.34000015258789,32.379329681396484,6.191742897033691,93.61000061035156,73.5425033569336
2020-10-09,7.880000114440918,54900.0,42.849998474121094,32.59510803222656,6.270190238952637,93.05999755859375,73.28050231933594
2020-10-12,7.949999809265137,37200.0,41.720001220703125,32.367000579833984,6.2870001792907715,93.06999969482422,73.01480102539062
2020-10-13,7.940000057220459,59500.0,42.45000076293945,32.08957290649414,6.281398296356201,93.52999877929688,73.35079956054688
2020-10-14,7.489999771118164,53500.0,43.31999969482422,32.009422302246094,6.354240417480469,93.37999725341797,73.62000274658203
2020-10-15,7.400000095367432,112100.0,43.15999984741211,31.94160270690918,6.264587879180908,93.86000061035156,73.29620361328125
2020-10-16,7.0,103100.0,42.93000030517578,31.842966079711914,6.214155673980713,93.68000030517578,73.37100219726562
2020-10-19,7.110000133514404,195600.0,42.619998931884766,31.201786041259766,6.236569881439209,93.43000030517578,73.44380187988281
2020-10-20,7.389999866485596,51200.0,43.15999984741211,31.565532684326172,6.214155673980713,93.06999969482422,73.57499694824219
2020-10-21,7.670000076293945,54800.0,41.72999954223633,31.658010482788086,6.309413909912109,92.61000061035156,73.64749908447266
2020-10-22,7.510000228881836,44200.0,42.459999084472656,31.89228057861328,6.3318281173706055,92.94999694824219,73.6812973022461
2020-10-23,7.389999866485596,10700.0,41.77000045776367,31.68267250061035,6.337430953979492,92.7699966430664,73.72000122070312
2020-10-26,7.179999828338623,141900.0,40.459999084472656,31.047657012939453,6.242175102233887,93.05000305175781,73.8228988647461
2020-10-27,7.119999885559082,33100.0,41.20000076293945,30.665424346923828,6.186140060424805,92.94000244140625,73.94850158691406
2020-10-28,6.860000133514404,33300.0,39.119998931884766,29.40772819519043,5.900367259979248,93.41000366210938,73.80500030517578
2020-10-29,6.5,81100.0,37.650001525878906,29.66050148010254,6.034848690032959,93.95999908447266,74.44000244140625
2020-10-30,6.769999980926514,71900.0,37.459999084472656,29.66050148010254,5.922779560089111,94.04000091552734,74.26399993896484
2020-11-02,6.519999980926514,22900.0,38.970001220703125,29.648170471191406,6.00683069229126,94.05000305175781,74.55049896240234
2020-11-03,6.559999942779541,28700.0,39.709999084472656,30.548276901245117,6.1581220626831055,93.55000305175781,74.45680236816406
2020-11-04,6.360000133514404,27000.0,41.22999954223633,30.116727828979492,6.074071884155273,93.41000366210938,74.65560150146484
2020-11-05,6.539999961853027,44500.0,40.93000030517578,30.86270523071289,6.34863805770874,92.52999877929688,74.37999725341797
2020-11-06,6.800000190734863,26400.0,39.45000076293945,31.479223251342773,6.595187664031982,92.2300033569336,74.12000274658203
2020-11-09,7.010000228881836,57700.0,42.400001525878906,32.736907958984375,6.611997127532959,92.7300033569336,73.97979736328125
2020-11-10,6.670000076293945,77900.0,43.61000061035156,33.05133056640625,6.572772979736328,92.75,73.95320129394531
2020-11-11,6.21999979019165,98900.0,43.79999923706055,33.00817108154297,6.634410858154297,93.04000091552734,74.28160095214844
2020-11-12,6.409999847412109,46700.0,43.529998779296875,32.12656021118164,6.438292026519775,92.95999908447266,74.56999969482422
2020-11-13,6.309999942779541,63500.0,42.779998779296875,32.64442825317383,6.54475736618042,92.76000213623047,74.86499786376953
2020-11-16,6.28000020980835,14100.0,43.81999969482422,33.27327346801758,6.75768518447876,92.56999969482422,74.48770141601562
2020-11-17,6.25,24300.0,43.75,33.125308990478516,7.037853717803955,92.41999816894531,74.41809844970703
2020-11-18,6.369999885559082,14600.0,44.34000015258789,32.87870788574219,6.948200225830078,92.31999969482422,74.47969818115234
2020-11-19,6.599999904632568,93100.0,44.20000076293945,32.72457504272461,7.1499223709106445,92.29000091552734,74.41999816894531
2020-11-20,6.610000133514404,13600.0,44.959999084472656,33.10681915283203,7.105095386505127,92.38999938964844,74.09960174560547
2020-11-23,6.610000133514404,43400.0,46.060001373291016,33.982269287109375,7.390867710113525,92.51000213623047,74.16239929199219
2020-11-24,6.590000152587891,89800.0,47.86000061035156,35.66535568237305,7.850345611572266,92.2300033569336,74.24490356445312
2020-11-25,6.699999809265137,35400.0,48.61000061035156,35.338592529296875,8.01284408569336,91.98999786376953,73.96080017089844
2020-11-27,6.619999885559082,59000.0,48.18000030517578,35.301605224609375,8.253789901733398,91.79000091552734,74.04879760742188
2020-11-30,6.420000076293945,39100.0,47.59000015258789,34.395328521728516,8.158533096313477,91.87000274658203,73.94090270996094
2020-12-01,6.409999847412109,22700.0,47.41999816894531,35.603702545166016,8.76369857788086,91.30999755859375,74.02519989013672
2020-12-02,6.170000076293945,46500.0,48.25,37.07100296020508,8.589994430541992,91.12000274658203,73.65499877929688
2020-12-03,6.239999771118164,37900.0,48.709999084472656,37.97111129760742,8.59559440612793,90.70999908447266,73.66259765625
2020-12-04,6.539999961853027,54200.0,49.25,38.87739181518555,8.993436813354492,90.69999694824219,73.86489868164062
2020-12-07,6.400000095367432,15600.0,48.790000915527344,38.550636291503906,9.122315406799316,90.79000091552734,73.79029846191406
2020-12-08,6.460000038146973,14400.0,48.84000015258789,38.84656524658203,9.071885108947754,90.97000122070312,74.0199966430664
2020-12-09,6.710000038146973,75800.0,48.86000061035156,38.83424377441406,9.015851974487305,91.08999633789062,73.72640228271484
2020-12-10,7.044000148773193,50100.0,50.25,39.91929626464844,9.525757789611816,90.79000091552734,73.93499755859375
2020-12-11,7.179999828338623,54100.0,49.970001220703125,39.77750015258789,9.447312355041504,90.9800033569336,73.72669982910156
2020-12-14,7.300000190734863,83300.0,50.290000915527344,39.08700180053711,9.223176002502441,90.70999908447266,73.73799896240234
2020-12-15,7.300000190734863,42500.0,50.7599983215332,39.88230895996094,9.340849876403809,90.47000122070312,73.86000061035156
2020-12-16,7.090000152587891,42000.0,51.08000183105469,39.9932861328125,9.492138862609863,90.44999694824219,73.75980377197266
2020-12-17,7.409999847412109,68300.0,51.5,40.862571716308594,9.65463638305664,89.81999969482422,73.6166000366211
2020-12-18,7.460000038146973,39400.0,52.2599983215332,40.51731872558594,9.733084678649902,90.0199966430664,73.52980041503906
2020-12-21,7.269999980926514,57600.0,50.90999984741211,40.43101119995117,9.525757789611816,90.04000091552734,73.60359954833984
2020-12-22,7.51200008392334,54200.0,50.08000183105469,39.845314025878906,9.413691520690918,90.6500015258789,73.935302734375
2020-12-23,7.730000019073486,95700.0,51.20000076293945,40.461830139160156,9.430500984191895,90.41000366210938,74.2699966430664
2020-12-24,7.559999942779541,13200.0,51.290000915527344,40.16590881347656,9.464119911193848,90.33000183105469,73.83979797363281
2020-12-28,7.635000228881836,34600.0,50.86000061035156,40.252220153808594,9.374467849731445,90.33999633789062,73.68900299072266
2020-12-29,7.199999809265137,133000.0,51.09000015258789,40.50498580932617,9.436105728149414,90.01000213623047,73.5448989868164
2020-12-30,7.510000228881836,176900.0,51.34000015258789,40.6529541015625,9.49774169921875,89.62999725341797,73.45359802246094
2020-12-31,7.699999809265137,24700.0,51.79999923706055,40.283042907714844,9.391277313232422,89.94000244140625,73.13400268554688
2021-01-04,8.470000267028809,191700.0,51.09000015258789,41.52223587036133,9.749894142150879,89.87999725341797,73.09200286865234
2021-01-05,8.5600004196167,219900.0,53.599998474121094,42.847740173339844,9.912393569946289,89.44000244140625,73.31999969482422
2021-01-06,8.529999732971191,83000.0,54.29999923706055,44.210235595703125,10.175750732421875,89.52999877929688,73.37480163574219
2021-01-07,9.319999694824219,294500.0,54.380001068115234,45.11651611328125,10.607213020324707,89.83000183105469,73.36000061035156
2021-01-08,10.34000015258789,364900.0,55.9900016784668,45.289146423339844,10.601608276367188,90.0999984741211,73.44599914550781
2021-01-11,11.800000190734863,428100.0,55.65999984741211,43.945133209228516,10.42790412902832,90.54000091552734,73.37339782714844
2021-01-12,10.59000015258789,477200.0,56.58000183105469,44.35820007324219,10.483936309814453,90.05000305175781,73.51349639892578
2021-01-13,9.960000038146973,308100.0,56.060001373291016,43.815670013427734,10.170148849487305,90.31999969482422,73.16500091552734
2021-01-14,10.470000267028809,111700.0,56.41999816894531,45.54807662963867,10.61281681060791,90.23999786376953,73.1698989868164
2021-01-15,11.039999961853027,128700.0,55.099998474121094,43.532073974609375,9.884374618530273,90.77999877929688,73.08760070800781
2021-01-19,10.710000038146973,158200.0,55.900001525878906,44.04378128051758,9.867565155029297,90.5,73.1886978149414
2021-01-20,10.800000190734863,43300.0,56.08000183105469,44.86990737915039,9.777912139892578,90.47000122070312,73.19190216064453
2021-01-21,11.329999923706055,182300.0,56.099998474121094,44.59248352050781,9.789116859436035,90.12999725341797,72.91089630126953
2021-01-22,11.0,133400.0,55.40999984741211,44.25956344604492,9.643427848815918,90.23999786376953,72.95490264892578
2021-01-25,10.699999809265137,94400.0,55.880001068115234,43.901981353759766,9.49774169921875,90.38999938964844,72.99590301513672
2021-01-26,9.600000381469727,299400.0,55.90999984741211,44.26572799682617,9.621015548706055,90.16999816894531,72.97000122070312
2021-01-27,10.02299976348877,130800.0,55.810001373291016,42.625797271728516,9.251192092895508,90.6500015258789,72.91999816894531
2021-01-28,9.760000228881836,59200.0,55.529998779296875,42.7306022644043,9.385672569274902,90.45999908447266,73.03710174560547
2021-01-29,10.34000015258789,116600.0,55.880001068115234,41.17082977294922,9.049469947814941,90.58000183105469,72.93879699707031
2021-02-01,10.1899995803833,38500.0,56.349998474121094,42.1325798034668,9.380069732666016,91.0199966430664,72.90660095214844
2021-02-02,9.229999542236328,104500.0,57.459999084472656,41.37427520751953,9.17834758758545,91.19999694824219,73.11979675292969
2021-02-03,9.449999809265137,87700.0,58.459999084472656,41.337284088134766,9.464119911193848,91.12000274658203,72.91629791259766
2021-02-04,9.8100004196167,41200.0,58.84000015258789,41.306453704833984,9.245589256286621,91.52999877929688,72.85800170898438
2021-02-05,10.239999771118164,85000.0,59.34000015258789,41.78733825683594,9.671446800231934,91.04000091552734,72.9457015991211
2021-02-08,9.789999961853027,85200.0,60.560001373291016,42.940223693847656,9.889978408813477,90.93000030517578,72.78479766845703
2021-02-09,10.100000381469727,63700.0,61.09000015258789,42.958717346191406,9.884374618530273,90.44000244140625,72.92990112304688
2021-02-10,10.75,83700.0,61.470001220703125,43.03886032104492,9.889978408813477,90.37000274658203,72.85489654541016
2021-02-11,11.550000190734863,131500.0,61.13999938964844,42.98337173461914,9.733084678649902,90.41999816894531,72.80729675292969
2021-02-12,12.430000305175781,368900.0,62.43000030517578,43.3902702331543,9.805926322937012,90.4800033569336,72.70950317382812
2021-02-16,15.819999694824219,517500.0,63.349998474121094,46.53449630737305,10.102909088134766,90.51000213623047,72.63870239257812
2021-02-17,16.65999984741211,352400.0,64.33999633789062,46.589988708496094,10.013251304626465,90.94999694824219,72.93499755859375
2021-02-18,13.520000457763672,361100.0,63.93000030517578,46.73177719116211,10.07489013671875,90.58999633789062,72.79730224609375
2021-02-19,14.5,202300.0,62.90999984741211,46.92289733886719,10.209372520446777,90.36000061035156,72.60540008544922
2021-02-22,13.739999771118164,226700.0,65.23999786376953,47.81068801879883,9.822738647460938,90.01000213623047,72.5530014038086
2021-02-23,13.34000015258789,210700.0,65.37000274658203,48.48884582519531,10.030062675476074,90.16999816894531,72.44400024414062
2021-02-24,13.170000076293945,147700.0,67.04000091552734,49.16084289550781,10.114115715026855,90.18000030517578,72.37699890136719
2021-02-25,13.3100004196167,118500.0,66.87999725341797,48.11277389526367,9.749894142150879,90.12999725341797,72.4000015258789
2021-02-26,12.710000038146973,98400.0,66.12999725341797,46.799598693847656,9.469725608825684,90.93000030517578,73.1509017944336
2021-03-01,13.020000457763672,49300.0,63.689998626708984,48.55666732788086,9.822738647460938,91.04000091552734,73.59590148925781
2021-03-02,14.890000343322754,238000.0,62.70000076293945,49.38279342651367,10.058080673217773,90.79000091552734,73.30940246582031
2021-03-03,15.279999732971191,217400.0,64.06999969482422,49.937652587890625,10.0188570022583,90.94999694824219,73.27749633789062
2021-03-04,15.260000228881836,178100.0,66.73999786376953,48.05345153808594,9.805926322937012,91.62999725341797,72.88069915771484
2021-03-05,16.25,293700.0,69.36000061035156,48.28739929199219,10.396051406860352,91.9800033569336,73.13179779052734
2021-03-08,16.5,404500.0,68.23999786376953,47.92066955566406,10.09132194519043,92.30999755859375,73.1333999633789
2021-03-09,16.329999923706055,415800.0,67.5199966430664,47.81951141357422,9.968254089355469,91.95999908447266,73.33000183105469
2021-03-10,15.319999694824219,290900.0,67.9000015258789,46.13764190673828,10.09132194519043,91.79000091552734,72.7759017944336
2021-03-11,16.200000762939453,110100.0,69.62999725341797,46.85211944580078,10.560138702392578,91.41999816894531,72.70600128173828
2021-03-12,16.59000015258789,103500.0,69.22000122070312,47.155616760253906,10.325730323791504,91.68000030517578,72.63899993896484
2021-03-15,17.950000762939453,309700.0,68.87999725341797,46.18822479248047,10.103039741516113,91.83000183105469,72.68299865722656
2021-03-16,18.0,350100.0,68.38999938964844,45.42948532104492,10.07374095916748,91.87000274658203,72.51529693603516
2021-03-17,19.5,330400.0,68.0,45.239803314208984,10.290569305419922,91.4000015258789,72.5156021118164
2021-03-18,20.329999923706055,682100.0,63.279998779296875,44.190208435058594,10.126483917236328,91.8499984741211,72.29560089111328
2021-03-19,19.56999969482422,420700.0,64.52999877929688,43.519996643066406,10.108901977539062,91.91999816894531,72.6688003540039
2021-03-22,19.059999465942383,250500.0,64.62000274658203,43.734962463378906,9.968254089355469,91.80000305175781,72.40499877929688
2021-03-23,16.700000762939453,531000.0,60.790000915527344,42.698020935058594,9.716265678405762,92.33999633789062,72.38050079345703
2021-03-24,17.239999771118164,468000.0,64.41000366210938,42.9825553894043,9.780730247497559,92.52999877929688,72.61219787597656
2021-03-25,19.299999237060547,446600.0,61.95000076293945,42.78022003173828,9.5756196975708,92.87999725341797,72.64559936523438
2021-03-26,18.420000076293945,229400.0,64.56999969482422,44.45576477050781,9.810029983520508,92.7699966430664,72.61280059814453
2021-03-29,16.8700008392334,248400.0,64.9800033569336,44.145957946777344,9.93895435333252,92.94000244140625,72.44719696044922
2021-03-30,16.5,180100.0,64.13999938964844,44.0700798034668,9.974116325378418,93.30000305175781,72.74189758300781
2021-03-31,16.920000076293945,171000.0,63.540000915527344,43.87406921386719,10.185086250305176,93.2300033569336,73.44529724121094
2021-04-01,17.93000030517578,185500.0,64.86000061035156,43.96891403198242,10.032719612121582,92.93000030517578,73.20349884033203
2021-04-05,18.209999084472656,677200.0,62.150001525878906,44.98056411743164,10.712505340576172,92.5999984741211,73.3759994506836
2021-04-06,17.56999969482422,370300.0,62.7400016784668,44.17756652832031,10.730084419250488,92.33999633789062,73.27950286865234
2021-04-07,16.969999313354492,163500.0,63.15999984741211,44.98688507080078,10.929332733154297,92.45999908447266,73.48999786376953
2021-04-08,16.530000686645508,357600.0,63.20000076293945,45.03746795654297,11.034818649291992,92.05999755859375,74.40149688720703
2021-04-09,17.520000457763672,142700.0,62.95000076293945,44.72132873535156,10.67734432220459,92.16000366210938,74.54450225830078
2021-04-12,18.079999923706055,184600.0,63.279998779296875,44.27240753173828,10.60116195678711,92.13999938964844,74.72949981689453
2021-04-13,17.06999969482422,219300.0,63.66999816894531,44.430477142333984,10.659762382507324,91.8499984741211,74.99099731445312
2021-04-14,18.790000915527344,335000.0,66.58000183105469,45.973243713378906,11.081700325012207,91.69000244140625,75.18150329589844
2021-04-15,20.299999237060547,395300.0,66.94000244140625,46.83314895629883,11.310247421264648,91.66999816894531,75.0261001586914
2021-04-16,19.790000915527344,285800.0,66.7699966430664,46.63081741333008,11.445035934448242,91.55999755859375,74.72740173339844
2021-04-19,20.0,234000.0,67.05000305175781,46.864768981933594,11.386432647705078,91.06999969482422,74.56320190429688
2021-04-20,20.450000762939453,281900.0,66.56999969482422,45.81517791748047,11.228204727172852,91.23999786376953,74.8781967163086
2021-04-21,21.8799991607666,571100.0,65.31999969482422,46.750946044921875,11.380572319030762,91.16000366210938,75.44920349121094
2021-04-22,20.469999313354492,289300.0,65.4000015258789,45.89105224609375,11.398153305053711,91.33000183105469,75.42949676513672
2021-04-23,20.920000076293945,180700.0,66.11000061035156,47.218833923339844,11.521218299865723,90.86000061035156,75.0916976928711
2021-04-26,21.399999618530273,273600.0,65.6500015258789,47.85112762451172,11.691163063049316,90.80999755859375,74.86810302734375
2021-04-27,22.979999542236328,566500.0,66.41999816894531,47.155616760253906,11.896271705627441,90.91000366210938,74.81490325927734
2021-04-28,23.520000457763672,626000.0,67.2699966430664,47.88274002075195,12.28304672241211,90.61000061035156,74.57499694824219
2021-04-29,24.010000228881836,481600.0,68.55999755859375,47.275753021240234,12.341650009155273,90.61000061035156,74.31179809570312
2021-04-30,24.700000762939453,613000.0,67.25,46.004859924316406,11.790788650512695,91.27999877929688,74.10579681396484
2021-05-03,25.079999923706055,880600.0,67.55999755859375,46.85844039916992,11.773207664489746,90.94999694824219,74.09480285644531
2021-05-04,26.209999084472656,1040600.0,68.87999725341797,47.14929962158203,11.94315242767334,91.29000091552734,73.8375015258789
2021-05-05,26.670000076293945,1619100.0,68.95999908447266,48.812191009521484,12.148261070251465,91.30999755859375,73.77890014648438
2021-05-06,23.559999465942383,1408400.0,68.08999633789062,49.551971435546875,12.804609298706055,90.94999694824219,73.79940032958984
2021-05-07,25.899999618530273,641400.0,68.27999877929688,50.19057083129883,12.939393043518066,90.2300033569336,73.61519622802734
2021-05-10,27.59000015258789,1143200.0,68.31999969482422,51.10737609863281,12.92181396484375,90.20999908447266,73.29029846191406
2021-05-11,25.989999771118164,959500.0,68.55000305175781,51.02518081665039,13.308588027954102,90.13999938964844,73.5
2021-05-12,24.200000762939453,859100.0,69.31999969482422,49.98191452026367,12.699126243591309,90.70999908447266,73.3750991821289
2021-05-13,23.959999084472656,492600.0,67.05000305175781,49.10936737060547,12.464713096618652,90.75,73.68160247802734
2021-05-14,22.950000762939453,854300.0,68.70999908447266,48.98291778564453,12.324068069458008,90.31999969482422,73.44490051269531
2021-05-17,21.93000030517578,806600.0,69.45999908447266,49.7606201171875,12.652241706848145,90.22000122070312,73.27890014648438
2021-05-18,24.079999923706055,599800.0,68.70999908447266,49.00188064575195,12.833910942077637,89.75,73.26969909667969
2021-05-19,24.450000762939453,606800.0,66.66000366210938,46.85211944580078,12.370953559875488,90.19000244140625,73.1281967163086
2021-05-20,25.6200008392334,463400.0,65.11000061035156,46.85211944580078,12.347509384155273,89.80999755859375,73.222900390625
2021-05-21,26.860000610351562,652300.0,66.44000244140625,46.38422393798828,11.984174728393555,90.0199966430664,73.02189636230469
2021-05-24,25.239999771118164,790100.0,68.45999908447266,46.18822479248047,12.077939987182617,89.83000183105469,72.90979766845703
2021-05-25,23.959999084472656,767800.0,68.6500015258789,45.46741485595703,11.802508354187012,89.63999938964844,72.83660125732422
2021-05-26,23.959999084472656,597100.0,68.87000274658203,45.81517791748047,12.130680084228516,90.04000091552734,72.80490112304688
2021-05-27,23.920000076293945,242000.0,69.45999908447266,46.94064712524414,12.388528823852539,89.97000122070312,72.67250061035156
2021-05-28,23.0,382900.0,69.62999725341797,46.85844039916992,12.611222267150879,90.02999877929688,72.68299865722656
2021-06-01,23.850000381469727,282700.0,70.25,48.24313735961914,13.009716033935547,89.83000183105469,72.48719787597656
2021-06-02,22.579999923706055,595400.0,71.3499984741211,48.21152114868164,13.285148620605469,89.9000015258789,72.8550033569336
2021-06-03,22.709999084472656,320300.0,71.30999755859375,47.38956069946289,13.126921653747559,90.5,72.96510314941406
2021-06-04,23.5,291700.0,71.88999938964844,48.12932586669922,13.156225204467773,90.13999938964844,73.04419708251953
2021-06-07,22.65999984741211,436600.0,71.48999786376953,47.31368637084961,13.056598663330078,89.94999694824219,72.90969848632812
2021-06-08,23.110000610351562,445700.0,72.22000122070312,48.05978012084961,12.822189331054688,90.08000183105469,72.80940246582031
2021-06-09,24.989999771118164,700200.0,72.22000122070312,47.054447174072266,12.980415344238281,90.12000274658203,72.97530364990234
2021-06-10,27.049999237060547,577200.0,72.5199966430664,47.579246520996094,13.027297973632812,90.08000183105469,72.98529815673828
2021-06-11,27.81999969482422,481700.0,72.69000244140625,47.97126007080078,13.126921653747559,90.55999755859375,73.01229858398438
2021-06-14,27.0,439200.0,72.86000061035156,47.73099899291992,13.203104972839355,90.5199966430664,73.23159790039062
2021-06-15,28.989999771118164,563800.0,73.98999786376953,47.37058639526367,12.974554061889648,90.54000091552734,73.18080139160156
2021-06-16,30.139999389648438,531700.0,74.38999938964844,46.675079345703125,12.593640327453613,91.12999725341797,73.3447036743164
2021-06-17,28.06999969482422,559200.0,73.08000183105469,44.575897216796875,12.353371620178223,91.88999938964844,73.8240966796875
2021-06-18,27.06999969482422,421000.0,73.51000213623047,43.33662796020508,12.605360984802246,92.2300033569336,74.25389862060547
2021-06-21,26.559999465942383,242200.0,74.9000015258789,44.531646728515625,12.892513275146484,91.86000061035156,74.1438980102539
2021-06-22,27.049999237060547,328300.0,74.80999755859375,45.06908416748047,13.19138240814209,91.7300033569336,74.13520050048828
2021-06-23,27.8799991607666,305800.0,75.19000244140625,45.28406524658203,13.361331939697266,91.80000305175781,74.33219909667969
2021-06-24,28.84000015258789,486200.0,75.55999755859375,46.02383041381836,13.526226043701172,91.81999969482422,74.24690246582031
2021-06-25,29.959999084472656,472000.0,76.18000030517578,46.302032470703125,13.550122261047363,91.80999755859375,74.19029998779297
2021-06-28,28.93000030517578,431800.0,74.68000030517578,46.03647232055664,13.400760650634766,91.87999725341797,74.21299743652344
2021-06-29,28.81999969482422,382600.0,74.76000213623047,46.04280090332031,13.621818542480469,92.05000305175781,74.285400390625
2021-06-30,29.350000381469727,211500.0,75.12999725341797,46.04912185668945,13.627790451049805,92.44000244140625,74.28759765625
2021-07-01,27.31999969482422,399400.0,75.83999633789062,45.78356170654297,13.209579467773438,92.5999984741211,74.37100219726562
2021-07-02,26.8700008392334,273800.0,76.16999816894531,46.13132095336914,13.430634498596191,92.2300033569336,74.54499816894531
2021-07-06,25.260000228881836,849100.0,74.52999877929688,45.70136642456055,13.119963645935059,92.55000305175781,74.31780242919922
2021-07-07,26.920000076293945,459500.0,73.43000030517578,46.807861328125,13.102039337158203,92.63999938964844,74.76290130615234
2021-07-08,26.34000015258789,164700.0,74.12000274658203,46.47275161743164,13.000471115112305,92.36000061035156,74.8218994140625
2021-07-09,26.790000915527344,240100.0,75.55000305175781,48.3569450378418,13.394789695739746,92.12999725341797,74.72139739990234
2021-07-12,25.34000015258789,288400.0,75.16000366210938,48.37592315673828,13.335042953491211,92.2300033569336,74.4905014038086
2021-07-13,24.489999771118164,535300.0,76.48999786376953,48.16727066040039,13.38283920288086,92.75,74.54170227050781
2021-07-14,23.149999618530273,649800.0,74.76000213623047,48.091400146484375,13.53817367553711,92.41000366210938,74.65910339355469
2021-07-15,24.450000762939453,259100.0,73.47000122070312,48.274757385253906,13.466483116149902,92.62000274658203,74.46910095214844
2021-07-16,24.510000228881836,184200.0,73.58999633789062,47.02915573120117,13.185681343078613,92.69000244140625,74.53700256347656
2021-07-19,25.329999923706055,425100.0,68.62000274658203,45.73930740356445,12.755516052246094,92.88999938964844,74.63179779052734
2021-07-20,25.479999542236328,146200.0,69.3499984741211,46.681400299072266,12.922802925109863,92.97000122070312,74.99340057373047
2021-07-21,26.100000381469727,173100.0,72.2300033569336,47.889060974121094,13.173733711242676,92.75,74.5270004272461
2021-07-22,26.579999923706055,161900.0,73.79000091552734,47.81951141357422,13.108014106750488,92.81999969482422,74.44020080566406
2021-07-23,27.09000015258789,96500.0,74.0999984741211,48.325340270996094,13.113987922668457,92.91000366210938,74.4520034790039
2021-07-26,25.6299991607666,310300.0,74.5,49.96927261352539,13.466483116149902,92.6500015258789,74.44889831542969
2021-07-27,24.6299991607666,179500.0,74.4800033569336,49.33699035644531,13.245426177978516,92.43000030517578,74.28949737548828
2021-07-28,25.489999771118164,102900.0,74.73999786376953,50.01985549926758,13.705463409423828,92.31999969482422,74.5022964477539
2021-07-29,26.649999618530273,204700.0,76.05000305175781,50.73433303833008,13.663639068603516,91.86000061035156,74.38999938964844
2021-07-30,25.799999237060547,185600.0,76.33000183105469,49.672096252441406,12.558362007141113,92.16999816894531,74.25199890136719
2021-08-02,26.549999237060547,78800.0,72.88999938964844,49.5772590637207,12.671875953674316,92.05000305175781,74.37909698486328
2021-08-03,26.6299991607666,109200.0,72.41000366210938,50.411865234375,12.98852252960205,92.08000183105469,74.33200073242188
2021-08-04,27.190000534057617,150100.0,70.37999725341797,49.96294021606445,12.95865249633789,92.2699966430664,74.21440124511719
2021-08-05,26.729999542236328,95300.0,71.29000091552734,48.698387145996094,12.53446102142334,92.23999786376953,74.18399810791016
2021-08-06,26.600000381469727,46500.0,70.69999694824219,48.50870895385742,12.510564804077148,92.80000305175781,74.08200073242188
2021-08-09,26.420000076293945,122700.0,69.04000091552734,48.39488983154297,12.45081901550293,92.94999694824219,74.49140167236328
2021-08-10,27.010000228881836,78400.0,70.62999725341797,49.020843505859375,12.642001152038574,93.05999755859375,74.46620178222656
2021-08-11,27.770000457763672,129300.0,71.44000244140625,49.23583221435547,12.56433391571045,92.91000366210938,74.43550109863281
2021-08-12,28.25,164200.0,71.30999755859375,48.552955627441406,12.474717140197754,93.04000091552734,74.10299682617188
2021-08-13,27.969999313354492,109700.0,70.58999633789062,49.20420455932617,12.331330299377441,92.5199966430664,74.26010131835938
2021-08-16,28.780000686645508,170400.0,69.51000213623047,47.93964767456055,12.32535457611084,92.62999725341797,74.216796875
2021-08-17,29.209999084472656,389600.0,69.02999877929688,44.15227508544922,12.146121978759766,93.12999725341797,74.13500213623047
2021-08-18,29.600000381469727,191800.0,68.2300033569336,41.39552688598633,11.536725044250488,93.13999938964844,74.364501953125
2021-08-19,29.270000457763672,213400.0,66.44999694824219,39.73262023925781,10.789912223815918,93.56999969482422,74.2697982788086
2021-08-20,29.979999542236328,112000.0,65.18000030517578,40.213157653808594,10.8914794921875,93.5,74.4292984008789
2021-08-23,30.329999923706055,148000.0,68.75,40.737953186035156,10.700295448303223,92.95999908447266,74.30149841308594
2021-08-24,30.3700008392334,179100.0,71.05000305175781,41.243778228759766,11.303719520568848,92.88999938964844,74.10590362548828
2021-08-25,29.399999618530273,201800.0,72.25,41.623146057128906,11.399310111999512,92.83000183105469,74.1447982788086
2021-08-26,30.739999771118164,105700.0,71.06999969482422,40.990867614746094,11.214102745056152,93.05999755859375,74.0999984741211
2021-08-27,30.0,103300.0,72.69999694824219,42.097354888916016,11.614389419555664,92.69000244140625,74.15599822998047
2021-08-30,29.940000534057617,103900.0,73.41000366210938,42.78654861450195,11.54269790649414,92.6500015258789,73.49659729003906
2021-08-31,28.329999923706055,279600.0,72.98999786376953,41.81914520263672,11.393335342407227,92.62999725341797,73.41120147705078
2021-09-01,27.729999542236328,198600.0,71.58999633789062,41.27538299560547,11.399310111999512,92.44999694824219,72.99669647216797
2021-09-02,28.260000228881836,132800.0,73.02999877929688,41.67952346801758,11.393335342407227,92.2300033569336,72.98509979248047
2021-09-03,27.360000610351562,171800.0,72.61000061035156,42.440635681152344,11.399310111999512,92.04000091552734,73.0542984008789
2021-09-07,26.899999618530273,227100.0,71.69000244140625,41.72666549682617,11.178252220153809,92.5199966430664,73.11000061035156
2021-09-08,27.670000076293945,127200.0,72.5999984741211,41.086795806884766,10.742117881774902,92.6500015258789,73.3904037475586
2021-09-09,29.350000381469727,386400.0,71.44999694824219,40.7028694152832,10.783940315246582,92.4800033569336,73.78900146484375
2021-09-10,30.1200008392334,356700.0,72.91999816894531,40.99250411987305,10.771991729736328,92.58000183105469,73.53800201416016
2021-09-13,30.829999923706055,284100.0,73.51000213623047,41.14741516113281,10.807838439941406,92.62000274658203,73.52429962158203
2021-09-14,29.8799991607666,226400.0,73.5999984741211,40.29199981689453,10.652501106262207,92.6500015258789,73.54080200195312
2021-09-15,30.200000762939453,105800.0,75.45999908447266,40.62877655029297,10.527036666870117,92.48999786376953,73.65080261230469
2021-09-16,30.649999618530273,84400.0,75.66999816894531,39.14022445678711,9.989333152770996,92.86000061035156,73.43800354003906
2021-09-17,30.729999542236328,167500.0,75.33999633789062,37.4091911315918,9.744379043579102,93.19999694824219,73.56490325927734
2021-09-20,28.899999618530273,546600.0,73.91999816894531,36.39885711669922,9.356037139892578,93.23999786376953,73.69609832763672
2021-09-21,30.899999618530273,241700.0,74.36000061035156,36.73563766479492,9.487475395202637,93.19999694824219,73.65899658203125
2021-09-22,30.739999771118164,130600.0,76.19000244140625,37.045475006103516,9.810098648071289,93.45999908447266,73.7927017211914
2021-09-23,31.860000610351562,192800.0,77.25,37.07915115356445,9.783032417297363,93.0999984741211,73.8749008178711
2021-09-24,32.47999954223633,229200.0,78.08999633789062,36.72890090942383,9.565193176269531,93.33000183105469,73.83999633789062
2021-09-27,34.349998474121094,414600.0,79.52999877929688,37.092620849609375,9.598197937011719,93.37999725341797,73.81289672851562
2021-09-28,36.56999969482422,602700.0,79.08999633789062,35.40199661254883,9.10970687866211,93.7699966430664,73.82530212402344
2021-09-29,35.68000030517578,550000.0,78.63999938964844,35.44241714477539,9.221927642822266,94.33999633789062,74.16329956054688
2021-09-30,36.0099983215332,244100.0,78.5199966430664,36.048614501953125,9.208725929260254,94.25,74.3219985961914
2021-10-01,36.900001525878906,221600.0,79.27999877929688,36.06881332397461,9.373757362365723,94.04000091552734,74.25440216064453
2021-10-04,37.77000045776367,295700.0,81.26000213623047,35.94084548950195,9.169118881225586,93.80999755859375,74.152099609375
2021-10-05,41.25,407000.0,82.55999755859375,35.89369583129883,9.070100784301758,93.9800033569336,74.57279968261719
2021-10-06,41.5099983215332,506900.0,81.08000183105469,36.203529357910156,9.26813793182373,94.2699966430664,74.56320190429688
2021-10-07,38.84000015258789,554200.0,81.94999694824219,36.67501449584961,9.545389175415039,94.22000122070312,74.76000213623047
2021-10-08,39.22999954223633,264800.0,82.38999938964844,37.08588409423828,9.618002891540527,94.06999969482422,74.83000183105469
2021-10-11,40.959999084472656,420000.0,83.6500015258789,37.61125946044922,9.736825942993164,94.31999969482422,75.30580139160156
2021-10-12,37.630001068115234,556700.0,83.41999816894531,37.6381950378418,9.69721794128418,94.5199966430664,75.40260314941406
2021-10-13,36.88999938964844,667700.0,83.18000030517578,37.415924072265625,9.518983840942383,94.08000183105469,75.48390197753906
2021-10-14,37.279998779296875,184600.0,84.0,38.83039474487305,9.545389175415039,93.95999908447266,75.3062973022461
2021-10-15,35.29999923706055,709500.0,84.86000061035156,38.715877532958984,9.756628036499023,93.94000244140625,74.99500274658203
2021-10-18,37.290000915527344,153200.0,84.33000183105469,39.072872161865234,9.637807846069336,93.94999694824219,75.00589752197266
2021-10-19,38.47999954223633,404100.0,85.08000183105469,39.120018005371094,9.380358695983887,93.79000091552734,75.2354965209961
2021-10-20,37.310001373291016,343500.0,85.81999969482422,39.072872161865234,9.142714500427246,93.55999755859375,75.12010192871094
2021-10-21,34.56999969482422,426200.0,84.61000061035156,37.671878814697266,8.806050300598145,93.7699966430664,74.80919647216797
2021-10-22,32.20000076293945,564300.0,85.52999877929688,38.203983306884766,8.924873352050781,93.61000061035156,74.86540222167969
2021-10-25,30.610000610351562,785000.0,85.98999786376953,38.68893814086914,9.17572021484375,93.80999755859375,74.99369812011719
2021-10-26,27.760000228881836,779200.0,86.4000015258789,38.32522201538086,9.103106498718262,93.94999694824219,75.08989715576172
2021-10-27,29.479999542236328,277900.0,84.58000183105469,37.564109802246094,8.891867637634277,93.86000061035156,74.88890075683594
2021-10-28,30.3700008392334,226300.0,84.31999969482422,37.79311752319336,8.71363353729248,93.3499984741211,75.05000305175781
2021-10-29,30.040000915527344,236100.0,84.37999725341797,36.93770217895508,8.403375625610352,94.12000274658203,74.79720306396484
2021-11-01,26.399999618530273,418100.0,84.70999908447266,36.70869064331055,8.50239372253418,93.87999725341797,74.92829895019531
2021-11-02,22.8799991607666,568500.0,84.72000122070312,35.765716552734375,8.126123428344727,94.08999633789062,74.82990264892578
2021-11-03,20.81999969482422,416300.0,81.98999786376953,36.18332290649414,7.954491138458252,93.86000061035156,74.71199798583984
2021-11-04,23.06999969482422,497700.0,80.54000091552734,35.819602966308594,7.782859802246094,94.3499984741211,74.43550109863281
2021-11-05,23.049999237060547,245700.0,82.73999786376953,35.981258392333984,7.664036750793457,94.31999969482422,74.47810363769531
2021-11-08,25.15999984741211,316900.0,83.43000030517578,36.85013961791992,8.073312759399414,94.05000305175781,74.19110107421875
2021-11-09,24.219999313354492,498100.0,84.77999877929688,35.9677848815918,7.994100093841553,93.95999908447266,73.91850280761719
2021-11-10,22.700000762939453,412500.0,82.63999938964844,35.24034881591797,7.908281326293945,94.8499984741211,74.17479705810547
2021-11-11,21.940000534057617,253600.0,82.87000274658203,37.08588409423828,8.350565910339355,95.18000030517578,74.40489959716797
2021-11-12,22.6299991607666,218100.0,82.16999816894531,36.72216796875,8.284551620483398,95.12999725341797,74.32209777832031
2021-11-15,21.670000076293945,244700.0,82.05000305175781,36.1967887878418,8.139326095581055,95.41000366210938,74.33999633789062
2021-11-16,19.649999618530273,850800.0,82.43000030517578,35.52323913574219,7.994100093841553,95.91999816894531,74.43509674072266
2021-11-17,20.450000762939453,201600.0,80.27999877929688,35.24034881591797,7.796060562133789,95.83000183105469,74.45860290527344
2021-11-18,22.229999542236328,203200.0,81.23999786376953,35.22687911987305,7.43959379196167,95.54000091552734,74.25980377197266
2021-11-19,24.790000915527344,371600.0,78.88999938964844,35.26729202270508,7.558416843414307,96.06999969482422,74.17440032958984
2021-11-22,24.889999389648438,368700.0,79.69999694824219,36.3853874206543,8.079916000366211,96.5,74.30259704589844
2021-11-23,23.389999389648438,252900.0,82.30999755859375,37.40245819091797,8.244946479797363,96.48999786376953,74.42980194091797
2021-11-24,25.200000762939453,329000.0,82.25,37.368778228759766,8.390172958374023,96.83999633789062,74.4469985961914
2021-11-26,24.729999542236328,487500.0,72.72000122070312,36.66154861450195,8.165731430053711,96.08999633789062,74.50579833984375
2021-11-29,26.959999084472656,320300.0,73.44000244140625,37.69208526611328,8.21193790435791,96.33999633789062,74.98159790039062
2021-11-30,26.649999618530273,240000.0,70.56999969482422,37.84700012207031,8.165731430053711,95.98999786376953,75.05490112304688
2021-12-01,27.790000915527344,156500.0,68.87000274658203,37.227325439453125,8.086516380310059,96.05000305175781,75.0509033203125
2021-12-02,28.719999313354492,277600.0,69.66999816894531,38.837127685546875,8.575006484985352,96.12999725341797,75.01789855957031
2021-12-03,29.59000015258789,169400.0,69.87999725341797,36.715431213378906,8.403375625610352,96.12000274658203,74.9834976196289
2021-12-06,29.600000381469727,289700.0,73.08000183105469,37.60451889038086,8.839055061340332,96.29000091552734,75.23400115966797
2021-12-07,30.440000534057617,300000.0,75.44000244140625,38.9583625793457,8.990884780883789,96.37000274658203,75.39129638671875
2021-12-08,28.459999084472656,331700.0,75.81999969482422,38.82365798950195,9.037093162536621,95.88999938964844,75.40859985351562
2021-12-09,27.170000076293945,675100.0,74.41999816894531,38.4329948425293,8.911670684814453,96.2699966430664,75.38330078125
2021-12-10,28.139999389648438,232300.0,75.1500015258789,38.52729034423828,8.924873352050781,96.05000305175781,75.59919738769531
2021-12-13,27.829999923706055,69300.0,74.38999938964844,38.81691360473633,9.083301544189453,96.31999969482422,75.70999908447266
2021-12-14,23.610000610351562,593900.0,73.69999694824219,39.120018005371094,9.017290115356445,96.56999969482422,75.82689666748047
2021-12-15,24.790000915527344,68200.0,73.87999725341797,39.24125671386719,8.997486114501953,96.51000213623047,76.04720306396484
2021-12-16,24.280000686645508,89700.0,75.0199966430664,39.36922836303711,9.347352027893066,96.04000091552734,76.2114028930664
2021-12-17,23.950000762939453,58300.0,73.5199966430664,39.247989654541016,9.241734504699707,96.56999969482422,76.1675033569336
2021-12-20,25.719999313354492,195400.0,71.5199966430664,39.214317321777344,9.030491828918457,96.55000305175781,76.00599670410156
2021-12-21,25.040000915527344,176600.0,73.9800033569336,40.2179069519043,9.254935264587402,96.48999786376953,75.75869750976562
2021-12-22,26.270000457763672,90600.0,75.29000091552734,39.90807342529297,9.320945739746094,96.08000183105469,75.6864013671875
2021-12-23,26.770000457763672,99200.0,76.8499984741211,40.35935592651367,9.182320594787598,96.0199966430664,75.45850372314453
2021-12-27,26.700000762939453,93100.0,78.5999984741211,40.608577728271484,9.274738311767578,96.08999633789062,75.31500244140625
2021-12-28,26.489999771118164,58100.0,78.94000244140625,40.157291412353516,8.977683067321777,96.19999694824219,74.98030090332031
2021-12-29,28.25,103800.0,79.2300033569336,40.5546875,8.931473731994629,95.93000030517578,74.74500274658203
2021-12-30,29.600000381469727,149900.0,79.31999969482422,40.58835983276367,9.294540405273438,95.97000122070312,74.57029724121094
2021-12-31,29.489999771118164,63100.0,77.77999877929688,40.648983001708984,9.254935264587402,95.66999816894531,74.43119812011719
2022-01-03,29.219999313354492,145700.0,78.9800033569336,40.64224624633789,9.11630916595459,96.23999786376953,74.51380157470703
2022-01-04,26.84000015258789,170000.0,80.0,41.302337646484375,8.94467544555664,96.29000091552734,74.4032974243164
2022-01-05,26.219999313354492,149300.0,80.80000305175781,41.79402542114258,9.017290115356445,96.19000244140625,74.53489685058594
2022-01-06,26.479999542236328,68100.0,81.98999786376953,41.8411750793457,9.248333930969238,96.25,74.43009948730469
2022-01-07,26.860000610351562,70400.0,81.75,43.34994125366211,9.776432037353516,95.73999786376953,74.41929626464844
2022-01-10,24.079999923706055,183300.0,80.87000274658203,42.534934997558594,9.67081356048584,95.98999786376953,74.2699966430664
2022-01-11,24.700000762939453,137200.0,83.72000122070312,43.4375,10.060286521911621,95.62000274658203,74.05699920654297
2022-01-12,23.5,197500.0,84.66999816894531,45.229156494140625,10.264923095703125,95.0,73.81529998779297
2022-01-13,22.360000610351562,164400.0,84.47000122070312,45.195472717285156,10.099893569946289,94.79000091552734,73.79910278320312
2022-01-14,23.190000534057617,81600.0,86.05999755859375,45.10791015625,10.152703285217285,95.16999816894531,73.97229766845703
2022-01-18,21.0,385700.0,87.51000213623047,44.757667541503906,10.238520622253418,95.7300033569336,74.25509643554688
2022-01-19,19.90999984741211,252800.0,88.44000244140625,46.124977111816406,10.680801391601562,95.51000213623047,74.61969757080078
2022-01-20,21.530000686645508,307600.0,88.37999725341797,45.821876525878906,10.555379867553711,95.73999786376953,74.44920349121094
2022-01-21,20.110000610351562,169200.0,87.88999938964844,43.76080322265625,10.297930717468262,95.63999938964844,74.45220184326172
2022-01-24,21.079999923706055,160500.0,86.2699966430664,43.51832962036133,10.10649299621582,95.91999816894531,74.41320037841797
2022-01-25,19.940000534057617,126200.0,88.19999694824219,43.026634216308594,10.218714714050293,95.94999694824219,74.6447982788086
2022-01-26,19.639999389648438,221700.0,89.95999908447266,43.42402648925781,10.25172233581543,96.48999786376953,74.77999877929688
2022-01-27,20.5,292800.0,89.33999633789062,44.31985092163086,10.278124809265137,97.26000213623047,74.8949966430664
2022-01-28,22.010000228881836,224300.0,90.02999877929688,43.221961975097656,10.2847261428833,97.2699966430664,75.20929718017578
2022-01-31,21.940000534057617,132000.0,91.20999908447266,42.838035583496094,10.02067756652832,96.54000091552734,75.03900146484375
2022-02-01,21.5,186000.0,89.16000366210938,43.79448318481445,10.680801391601562,96.38999938964844,74.55580139160156
2022-02-02,22.290000915527344,342400.0,89.47000122070312,44.131256103515625,10.793023109436035,95.94000244140625,74.74549865722656
2022-02-03,21.829999923706055,153200.0,91.11000061035156,44.279441833496094,10.660999298095703,95.37999725341797,74.82240295410156
2022-02-04,21.700000762939453,88200.0,93.2699966430664,44.562339782714844,10.925046920776367,95.4800033569336,74.6438980102539
2022-02-07,21.780000686645508,134700.0,92.69000244140625,46.10477066040039,11.334324836730957,95.4000015258789,74.64219665527344
2022-02-08,22.780000686645508,76600.0,90.77999877929688,46.58300018310547,11.50595760345459,95.63999938964844,74.6583023071289
2022-02-09,24.850000381469727,562600.0,91.55000305175781,46.40787124633789,11.55876636505127,95.48999786376953,74.69519805908203
2022-02-10,25.43000030517578,274900.0,91.41000366210938,47.10837173461914,11.783208847045898,95.55000305175781,74.80889892578125
2022-02-11,24.729999542236328,339200.0,94.44000244140625,46.414608001708984,11.578571319580078,96.08000183105469,75.53839874267578
2022-02-14,22.780000686645508,308000.0,96.4800033569336,45.97679901123047,11.545563697814941,96.37000274658203,75.34100341796875
2022-02-15,22.65999984741211,144100.0,93.27999877929688,45.478370666503906,11.314520835876465,95.98999786376953,75.6854019165039
2022-02-16,22.170000076293945,71200.0,94.80999755859375,46.293365478515625,11.512558937072754,95.69999694824219,75.17479705810547
2022-02-17,23.530000686645508,155300.0,92.97000122070312,45.747779846191406,10.958053588867188,95.80000305175781,75.04199981689453
2022-02-18,23.56999969482422,175900.0,93.54000091552734,46.70423889160156,10.984457969665527,96.04000091552734,75.06300354003906
2022-02-22,23.860000610351562,112500.0,96.83999633789062,46.30010223388672,11.340926170349121,96.02999877929688,74.51699829101562
2022-02-23,24.940000534057617,187400.0,96.83999633789062,46.313575744628906,11.400337219238281,96.19000244140625,74.62300109863281
2022-02-24,22.6200008392334,368600.0,99.08000183105469,44.72189712524414,11.268311500549316,97.13999938964844,74.63300323486328
2022-02-25,22.610000610351562,141000.0,97.93000030517578,47.22914505004883,11.763404846191406,96.62000274658203,75.4083023071289
2022-02-28,21.43000030517578,195900.0,100.98999786376953,47.74326705932617,12.205687522888184,96.70999908447266,75.06800079345703
2022-03-01,23.8799991607666,232800.0,104.97000122070312,48.24330520629883,12.449933052062988,97.41000366210938,75.28479766845703
2022-03-02,23.670000076293945,203200.0,112.93000030517578,50.687164306640625,12.85261058807373,97.38999938964844,75.80120086669922
2022-03-03,23.579999923706055,69200.0,110.45999908447266,51.41257858276367,13.096855163574219,97.79000091552734,75.63099670410156
2022-03-04,24.899999618530273,219200.0,118.11000061035156,51.49708938598633,13.301491737365723,98.6500015258789,75.8917007446289
2022-03-07,26.280000686645508,216200.0,123.20999908447266,50.99000549316406,13.598548889160156,99.29000091552734,76.41799926757812
2022-03-08,26.829999923706055,422100.0,127.9800033569336,48.996891021728516,13.083653450012207,99.05999755859375,77.08080291748047
2022-03-09,27.84000015258789,378300.0,111.13999938964844,49.187049865722656,12.82670783996582,97.97000122070312,76.91449737548828
2022-03-10,27.56999969482422,532500.0,109.33000183105469,50.15190887451172,13.23096752166748,98.51000213623047,76.13490295410156
2022-03-11,27.049999237060547,429300.0,112.66999816894531,48.27851867675781,13.066522598266602,99.12000274658203,76.310302734375
2022-03-14,24.700000762939453,406000.0,106.9000015258789,46.12342071533203,12.196334838867188,99.05999755859375,76.75370025634766
2022-03-15,23.729999542236328,684600.0,99.91000366210938,45.62337875366211,11.812629699707031,99.06999969482422,76.49009704589844
2022-03-16,25.540000915527344,218200.0,98.0199966430664,47.07420349121094,12.16207504272461,98.37999725341797,76.26589965820312
2022-03-17,26.040000915527344,471300.0,106.63999938964844,47.82072830200195,12.813004493713379,98.01000213623047,76.02420043945312
2022-03-18,26.350000381469727,180800.0,107.93000030517578,48.45458984375,13.059670448303223,98.2300033569336,75.98159790039062
2022-03-21,25.760000228881836,60400.0,115.62000274658203,50.454750061035156,13.66263484954834,98.5,75.94640350341797
2022-03-22,25.049999237060547,163300.0,115.4800033569336,50.02513885498047,13.402263641357422,98.48999786376953,76.30709838867188
2022-03-23,25.950000762939453,166700.0,121.5999984741211,51.38440704345703,13.655783653259277,98.62000274658203,76.10189819335938
2022-03-24,24.8799991607666,177500.0,119.02999877929688,52.3070068359375,13.717449188232422,98.79000091552734,76.55239868164062
2022-03-25,24.389999389648438,83400.0,120.6500015258789,53.06058883666992,13.66263484954834,98.80999755859375,76.32350158691406
2022-03-28,23.770000457763672,181900.0,112.4800033569336,53.23666763305664,13.683191299438477,99.08999633789062,76.27850341796875
2022-03-29,24.260000228881836,318800.0,110.2300033569336,53.264835357666016,13.669487953186035,98.4000015258789,76.03410339355469
2022-03-30,25.010000228881836,1207800.0,113.44999694824219,55.018497467041016,13.7243013381958,97.79000091552734,75.66670227050781
2022-03-31,24.18000030517578,648300.0,107.91000366210938,54.40578079223633,13.696895599365234,98.30999755859375,75.82779693603516
2022-04-01,23.959999084472656,125000.0,104.38999938964844,55.849544525146484,14.272452354431152,98.62999725341797,75.9092025756836
2022-04-04,22.399999618530273,553900.0,107.52999877929688,55.48332977294922,14.546527862548828,98.98999786376953,75.99479675292969
2022-04-05,21.770000457763672,1346500.0,106.63999938964844,54.356475830078125,13.929856300354004,99.47000122070312,75.47799682617188
2022-04-06,20.6200008392334,600000.0,101.06999969482422,54.455074310302734,14.032636642456055,99.5999984741211,75.45069885253906
2022-04-07,21.65999984741211,160400.0,100.58000183105469,54.476200103759766,14.032636642456055,99.75,75.94509887695312
2022-04-08,22.450000762939453,174100.0,102.77999877929688,54.70157241821289,13.772266387939453,99.80000305175781,75.91320037841797
2022-04-11,21.0,233900.0,98.4800033569336,53.45499801635742,13.710598945617676,99.93000030517578,75.91729736328125
2022-04-12,21.280000686645508,142300.0,104.63999938964844,54.25082778930664,13.655783653259277,100.29000091552734,75.83699798583984
2022-04-13,21.239999771118164,131000.0,108.77999877929688,55.025543212890625,13.642078399658203,99.87999725341797,76.1498031616211
2022-04-14,22.15999984741211,349500.0,111.69999694824219,55.03962326049805,13.347447395324707,100.31999969482422,76.12169647216797
2022-04-18,22.219999313354492,128500.0,113.16000366210938,55.20161437988281,13.244670867919922,100.77999877929688,76.3313980102539
2022-04-19,21.229999542236328,284300.0,107.25,54.835384368896484,12.847261428833008,100.95999908447266,76.28019714355469
2022-04-20,20.290000915527344,257800.0,106.80000305175781,54.159271240234375,12.641705513000488,100.38999938964844,76.44539642333984
2022-04-21,21.739999771118164,183400.0,108.33000183105469,50.327980041503906,12.09355640411377,100.58000183105469,76.27619934082031
2022-04-22,22.309999465942383,178700.0,106.6500015258789,47.88412094116211,11.44262981414795,101.22000122070312,76.28520202636719
2022-04-25,20.920000076293945,190500.0,102.31999969482422,46.41217041015625,11.08633041381836,101.75,76.4635009765625
2022-04-26,20.739999771118164,189500.0,104.98999786376953,45.25010681152344,10.695775032043457,102.30000305175781,76.52780151367188
2022-04-27,21.549999237060547,178200.0,105.31999969482422,47.313655853271484,11.23707103729248,102.94999694824219,76.79409790039062
2022-04-28,21.010000228881836,69900.0,107.58999633789062,47.96863555908203,11.648184776306152,103.62000274658203,76.47219848632812
2022-04-29,21.479999542236328,38500.0,109.33999633789062,47.17279815673828,11.572813034057617,102.95999908447266,76.58899688720703
2022-05-02,21.489999771118164,82500.0,107.58000183105469,47.468597412109375,11.230220794677734,103.73999786376953,76.52310180664062
2022-05-03,22.1200008392334,107000.0,104.97000122070312,47.80664825439453,11.401516914367676,103.47000122070312,76.52410125732422
2022-05-04,23.290000915527344,143600.0,110.13999938964844,48.78560256958008,11.374109268188477,102.58999633789062,76.46730041503906
2022-05-05,23.690000534057617,135500.0,110.9000015258789,46.33470153808594,10.969850540161133,103.75,76.00160217285156
2022-05-06,23.75,142800.0,112.38999938964844,46.37696075439453,10.771143913269043,103.66000366210938,76.54180145263672
2022-05-09,23.8799991607666,246500.0,105.94000244140625,43.764068603515625,10.147624015808105,103.6500015258789,76.9574966430664
2022-05-10,23.389999389648438,89800.0,102.45999908447266,44.031700134277344,10.07225513458252,103.91999816894531,77.3655014038086
2022-05-11,23.899999618530273,201100.0,107.51000213623047,44.20777130126953,10.442255020141602,103.8499984741211,77.27140045166016
2022-05-12,23.190000534057617,222500.0,107.44999694824219,43.651390075683594,10.380587577819824,104.8499984741211,77.41840362548828
2022-05-13,23.1200008392334,118900.0,111.55000305175781,44.75006866455078,10.56558895111084,104.55999755859375,77.44380187988281
2022-05-16,23.34000015258789,96200.0,114.23999786376953,44.70077133178711,10.85336685180664,104.19000244140625,77.48629760742188
2022-05-17,24.6299991607666,90400.0,111.93000030517578,46.165672302246094,11.038369178771973,103.36000061035156,77.8053970336914
2022-05-18,25.780000686645508,490400.0,109.11000061035156,44.947269439697266,10.70262622833252,103.80999755859375,77.37239837646484
2022-05-19,24.969999313354492,259100.0,112.04000091552734,46.391048431396484,11.113738059997559,102.72000122070312,77.81999969482422
2022-05-20,25.420000076293945,212000.0,112.55000305175781,47.41225051879883,11.456332206726074,103.1500015258789,77.42109680175781
2022-05-23,24.600000381469727,160000.0,113.41999816894531,48.384159088134766,11.792072296142578,102.08000183105469,77.81839752197266
2022-05-24,23.389999389648438,57000.0,113.55999755859375,48.60248947143555,11.942814826965332,101.86000061035156,77.52680206298828
2022-05-25,22.969999313354492,115500.0,114.02999877929688,48.37711715698242,11.983926773071289,102.05999755859375,77.47879791259766
2022-05-26,22.549999237060547,225500.0,117.4000015258789,48.17992401123047,12.072999954223633,101.83000183105469,77.49729919433594
2022-05-27,21.479999542236328,228100.0,119.43000030517578,50.018096923828125,12.395039558410645,101.66999816894531,77.63020324707031
2022-05-31,22.190000534057617,500200.0,122.83999633789062,49.764549255371094,12.367630958557129,101.75,77.5208969116211
2022-06-01,21.889999389648438,240900.0,116.29000091552734,50.42657470703125,12.566336631774902,102.55000305175781,77.5989990234375
2022-06-02,22.0,82000.0,117.61000061035156,53.24388122558594,12.888372421264648,101.7699966430664,77.58409881591797
2022-06-03,22.010000228881836,187400.0,119.72000122070312,52.97544479370117,12.703374862670898,102.13999938964844,77.3604965209961
2022-06-06,21.459999084472656,185900.0,119.51000213623047,52.72280502319336,12.703374862670898,102.44000244140625,77.69419860839844
2022-06-07,20.350000381469727,186400.0,120.56999969482422,54.64128875732422,12.7787446975708,102.31999969482422,77.82099914550781
2022-06-08,19.239999771118164,468200.0,123.58000183105469,53.36229705810547,12.258000373840332,102.54000091552734,77.67060089111328
2022-06-09,19.360000610351562,146800.0,123.06999969482422,51.538551330566406,11.709851264953613,103.22000122070312,77.72429656982422
2022-06-10,19.850000381469727,265600.0,122.01000213623047,50.117454528808594,11.552257537841797,104.1500015258789,77.8187026977539
2022-06-13,19.139999389648438,65200.0,122.2699966430664,48.009490966796875,10.887627601623535,105.08000183105469,78.17759704589844
2022-06-14,19.8799991607666,38200.0,121.16999816894531,47.346317291259766,10.846515655517578,105.5199966430664,78.16059875488281
2022-06-15,19.549999237060547,69700.0,118.51000213623047,48.909523010253906,11.141146659851074,105.16000366210938,77.9854965209961
2022-06-16,19.690000534057617,97100.0,119.80999755859375,47.535797119140625,10.634108543395996,103.62999725341797,77.90019989013672
2022-06-17,20.15999984741211,80100.0,113.12000274658203,45.60151290893555,10.229846000671387,104.69999694824219,77.97769927978516
2022-06-21,18.290000915527344,231600.0,114.6500015258789,45.56993865966797,10.085957527160645,104.44000244140625,77.93399810791016
2022-06-22,16.790000915527344,687700.0,111.73999786376953,43.904090881347656,9.92151165008545,104.19999694824219,78.13490295410156
2022-06-23,17.579999923706055,185900.0,110.05000305175781,43.225120544433594,9.537808418273926,104.43000030517578,78.19309997558594
2022-06-24,16.899999618530273,94300.0,113.12000274658203,44.46463394165039,9.729660034179688,104.19000244140625,78.14240264892578
2022-06-27,16.3700008392334,295400.0,115.08999633789062,45.53835678100586,10.195588111877441,103.94000244140625,78.2522964477539
2022-06-28,16.030000686645508,113800.0,117.9800033569336,45.941001892089844,10.29151439666748,104.51000213623047,78.44110107421875
2022-06-29,16.729999542236328,228100.0,116.26000213623047,45.941001892089844,10.407994270324707,105.11000061035156,79.07319641113281
2022-06-30,17.170000076293945,200700.0,114.80999755859375,44.35410690307617,10.0242919921875,104.69000244140625,78.89830017089844
2022-07-01,17.110000610351562,14100.0,111.62999725341797,42.735633850097656,9.695399284362793,105.13999938964844,78.96299743652344
2022-07-05,15.899999618530273,54800.0,102.7699966430664,41.79612350463867,9.448732376098633,106.5,78.93949890136719
2022-07-06,14.949999809265137,266000.0,100.69000244140625,41.44874572753906,9.448732376098633,107.0999984741211,79.36840057373047
2022-07-07,15.90999984741211,226100.0,104.6500015258789,42.743526458740234,9.928365707397461,107.12999725341797,79.04389953613281
2022-07-08,15.289999961853027,353500.0,107.0199966430664,41.835601806640625,9.763919830322266,107.01000213623047,79.22160339355469
2022-07-11,15.020000457763672,159300.0,107.0999984741211,40.35923767089844,9.250028610229492,108.0199966430664,79.3313980102539
2022-07-12,13.859999656677246,173200.0,99.48999786376953,39.624996185302734,9.167805671691895,108.06999969482422,79.47779846191406
2022-07-13,14.479999542236328,232300.0,99.56999969482422,39.70395278930664,9.22262191772461,107.95999908447266,79.47640228271484
2022-07-14,15.180000305175781,100100.0,99.0999984741211,38.08547592163086,8.557990074157715,108.54000091552734,79.80750274658203
2022-07-15,15.989999771118164,80800.0,101.16000366210938,38.89866256713867,8.667619705200195,108.05999755859375,79.87830352783203
2022-07-18,15.279999732971191,161200.0,106.2699966430664,40.00395965576172,8.701879501342773,107.37000274658203,79.72049713134766
2022-07-19,14.8100004196167,191400.0,107.3499984741211,40.161861419677734,8.701879501342773,106.68000030517578,80.0302963256836
2022-07-20,14.539999961853027,186300.0,106.91999816894531,40.153968811035156,8.516879081726074,107.08000183105469,79.85590362548828
2022-07-21,14.649999618530273,85800.0,103.86000061035156,40.07501220703125,8.571694374084473,106.91000366210938,80.00340270996094
2022-07-22,14.600000381469727,245800.0,103.19999694824219,40.33555221557617,8.626508712768555,106.7300033569336,79.7759017944336
2022-07-25,13.279999732971191,238200.0,105.1500015258789,41.701385498046875,9.010214805603027,106.4800033569336,79.87680053710938
2022-07-26,13.470000267028809,198100.0,104.4000015258789,41.622440338134766,9.003362655639648,107.19000244140625,79.72250366210938
2022-07-27,13.3100004196167,141000.0,106.62000274658203,42.19087219238281,9.236324310302734,106.44999694824219,79.84120178222656
2022-07-28,12.789999961853027,328100.0,107.13999938964844,42.64878845214844,9.359659194946289,106.3499984741211,79.84739685058594
2022-07-29,12.420000076293945,233000.0,110.01000213623047,43.454078674316406,9.22262191772461,105.9000015258789,79.57150268554688
2022-08-01,12.649999618530273,124300.0,100.02999877929688,42.78300094604492,9.003362655639648,105.44999694824219,79.1948013305664
2022-08-02,11.779999732971191,552500.0,100.54000091552734,41.85928726196289,9.167805671691895,106.23999786376953,78.95570373535156
2022-08-03,10.829999923706055,395400.0,96.77999877929688,42.040870666503906,8.770398139953613,106.51000213623047,78.60449981689453
2022-08-04,10.819999694824219,282600.0,94.12000274658203,41.94613265991211,8.811508178710938,105.69000244140625,79.11830139160156
2022-08-05,11.100000381469727,297000.0,94.91999816894531,42.94879913330078,9.044472694396973,106.62000274658203,79.15489959716797
2022-08-08,11.229999542236328,297500.0,96.6500015258789,42.93301010131836,9.154102325439453,106.44000244140625,79.41059875488281
2022-08-09,11.5600004196167,287600.0,96.30999755859375,42.55405044555664,9.332249641418457,106.37000274658203,79.60189819335938
2022-08-10,11.579999923706055,230800.0,97.4000015258789,43.36723327636719,9.428177833557129,105.19999694824219,79.57839965820312
2022-08-11,10.890000343322754,352200.0,99.5999984741211,43.698822021484375,9.59947395324707,105.08999633789062,79.0978012084961
2022-08-12,10.539999961853027,309700.0,98.1500015258789,44.02251434326172,9.799057960510254,105.62999725341797,79.61399841308594
2022-08-15,9.890000343322754,382100.0,95.0999984741211,43.217227935791016,9.662158966064453,106.55000305175781,79.62760162353516
2022-08-16,9.989999771118164,70000.0,92.33999633789062,45.76731491088867,9.784647941589355,106.5,79.55290222167969
2022-08-17,9.770000457763672,92800.0,93.6500015258789,44.64622116088867,9.51805591583252,106.56999969482422,79.14600372314453
2022-08-18,9.420000076293945,256300.0,96.58999633789062,45.10413360595703,9.438798904418945,107.4800033569336,79.35970306396484
2022-08-19,9.3100004196167,100600.0,96.72000122070312,44.80411911010742,9.280284881591797,108.16999816894531,79.7667007446289
2022-08-22,9.210000038146973,129200.0,96.4800033569336,45.246246337890625,9.201027870178223,109.05000305175781,79.91790008544922
2022-08-23,8.699999809265137,275500.0,100.22000122070312,46.41469955444336,9.91434097290039,108.62000274658203,79.88379669189453
2022-08-24,8.550000190734863,216300.0,101.22000122070312,45.909423828125,9.590108871459961,108.68000030517578,79.85449981689453
2022-08-25,7.96999979019165,549600.0,99.33999633789062,47.314727783203125,9.755825996398926,108.47000122070312,79.79679870605469
2022-08-26,7.920000076293945,281900.0,100.98999786376953,46.485755920410156,9.690978050231934,108.80000305175781,79.88289642333984
2022-08-29,7.860000133514404,449400.0,105.08999633789062,45.68046569824219,9.546875953674316,108.83999633789062,79.95909881591797
2022-08-30,7.199999809265137,1201400.0,99.30999755859375,43.73829650878906,9.100153923034668,108.7699966430664,79.96790313720703
2022-08-31,7.840000152587891,649500.0,96.48999786376953,43.33564758300781,8.948843955993652,108.69999694824219,79.68229675292969
2022-09-01,8.729999542236328,997000.0,92.36000061035156,42.062320709228516,8.754304885864258,109.69000244140625,79.54879760742188
2022-09-02,8.779999732971191,403400.0,93.0199966430664,42.34059143066406,8.768716812133789,109.52999877929688,79.716796875
2022-09-06,7.989999771118164,533600.0,92.83000183105469,42.03701400756836,8.747099876403809,110.20999908447266,79.78299713134766
2022-09-07,8.25,348300.0,88.0,41.32023239135742,8.840767860412598,109.83999633789062,79.89510345458984
2022-09-08,8.779999732971191,263800.0,89.1500015258789,42.49238204956055,8.891203880310059,109.70999908447266,79.6498031616211
2022-09-09,8.630000114440918,236600.0,92.83999633789062,44.98003005981445,9.734211921691895,109.0,79.706298828125
2022-09-12,9.550000190734863,519900.0,94.0,45.99195861816406,9.928751945495605,108.33000183105469,79.65579986572266
2022-09-13,9.75,346300.0,93.16999816894531,44.00183868408203,9.474825859069824,109.81999969482422,79.35530090332031
2022-09-14,9.390000343322754,472000.0,94.0999984741211,43.86690902709961,9.309104919433594,109.66000366210938,79.60240173339844
2022-09-15,9.140000343322754,110300.0,90.83999633789062,43.580204010009766,9.402772903442383,109.73999786376953,79.45369720458984
2022-09-16,9.069999694824219,228000.0,91.3499984741211,42.96461486816406,9.352335929870605,109.76000213623047,79.8490982055664
2022-09-19,9.180000305175781,131700.0,92.0,43.757286071777344,9.799057960510254,109.73999786376953,79.68949890136719
2022-09-20,10.25,500500.0,90.62000274658203,43.38624572753906,9.654953956604004,110.22000122070312,79.7074966430664
2022-09-21,10.050000190734863,246900.0,89.83000183105469,42.171939849853516,9.460413932800293,110.63999938964844,79.76270294189453
2022-09-22,9.9399995803833,127700.0,90.45999908447266,43.183860778808594,9.827879905700684,111.3499984741211,80.05069732666016
2022-09-23,10.270000457763672,804800.0,86.1500015258789,41.210609436035156,9.395567893981934,113.19000244140625,81.06220245361328
2022-09-26,10.050000190734863,182700.0,84.05999755859375,40.030033111572266,9.071333885192871,114.0999984741211,81.25479888916016
2022-09-27,10.390000343322754,145500.0,86.2699966430664,40.898597717285156,9.042512893676758,114.11000061035156,81.61579895019531
2022-09-28,9.579999923706055,244200.0,89.31999969482422,42.273136138916016,9.201027870178223,112.5999984741211,81.72460174560547
2022-09-29,8.960000038146973,444000.0,88.48999786376953,42.517677307128906,9.121770858764648,112.25,81.42870330810547
2022-09-30,9.039999961853027,93600.0,87.95999908447266,42.19723892211914,9.597311973571777,112.12000274658203,81.48059844970703
2022-10-03,9.140000343322754,205200.0,88.86000061035156,43.56333923339844,10.267394065856934,111.75,81.52130126953125
2022-10-04,10.350000381469727,195700.0,91.80000305175781,44.88726806640625,10.5483980178833,110.06999969482422,81.49500274658203
2022-10-05,10.100000381469727,172900.0,93.37000274658203,44.34757614135742,10.663680076599121,111.06999969482422,81.46549987792969
2022-10-06,9.6899995803833,212400.0,94.41999816894531,43.48744201660156,10.454730987548828,112.26000213623047,81.6488037109375
2022-10-07,9.699999809265137,98300.0,97.91999816894531,43.1585693359375,10.389884948730469,112.80000305175781,82.3489990234375
2022-10-10,9.199999809265137,127500.0,96.19000244140625,43.19229507446289,10.15211296081543,113.13999938964844,82.8322982788086
2022-10-11,9.34000015258789,197600.0,94.29000091552734,42.273136138916016,9.979187965393066,113.22000122070312,82.42070007324219
2022-10-12,9.09000015258789,149000.0,92.44999694824219,41.43829345703125,9.842289924621582,113.31999969482422,82.2739028930664
2022-10-13,8.6899995803833,155500.0,94.56999969482422,42.36589431762695,9.849494934082031,112.36000061035156,82.19999694824219
2022-10-14,9.210000038146973,373700.0,91.62999725341797,40.73838424682617,9.417182922363281,113.30999755859375,82.19210052490234
2022-10-17,8.829999923706055,212500.0,91.62000274658203,42.00328826904297,9.568492889404297,112.04000091552734,82.41280364990234
2022-10-18,9.1899995803833,181100.0,90.02999877929688,41.56478500366211,9.827879905700684,112.12999725341797,82.1947021484375
2022-10-19,8.949999809265137,145100.0,92.41000366210938,40.9576301574707,9.690978050231934,112.9800033569336,82.2863998413086
2022-10-20,8.710000038146973,113200.0,92.37999725341797,40.68778610229492,9.899930000305176,112.87999725341797,82.99700164794922
2022-10-21,8.8100004196167,95300.0,93.5,42.38275146484375,10.325037956237793,112.01000213623047,82.82569885253906
2022-10-24,8.479999542236328,117400.0,93.26000213623047,41.328670501708984,9.727005958557129,111.98999786376953,82.54129791259766
2022-10-25,8.350000381469727,120600.0,93.5199966430664,41.88522720336914,9.763032913208008,110.94999694824219,82.7614974975586
2022-10-26,8.09000015258789,191100.0,95.69000244140625,43.057373046875,9.899930000305176,109.69999694824219,82.44529724121094
2022-10-27,7.75,148900.0,96.95999908447266,42.07918167114258,9.633338928222656,110.58999633789062,82.04959869384766
2022-10-28,7.710000038146973,73500.0,95.7699966430664,40.08062744140625,9.10736083984375,110.66999816894531,82.44249725341797
2022-10-31,7.099999904632568,433400.0,94.83000183105469,40.3251838684082,9.323514938354492,111.52999877929688,82.23919677734375
2022-11-01,7.409999847412109,112200.0,94.6500015258789,41.82619857788086,9.676570892333984,111.4800033569336,82.72899627685547
2022-11-02,7.670000076293945,398200.0,96.16000366210938,40.5359992980957,9.201027870178223,111.3499984741211,82.68450164794922
2022-11-03,7.369999885559082,188200.0,94.66999816894531,40.7552490234375,9.446002960205078,112.93000030517578,82.88839721679688
2022-11-04,7.71999979019165,262800.0,98.56999969482422,44.72705078125,10.368268013000488,110.87999725341797,82.68180084228516
2022-11-07,7.570000171661377,478900.0,97.91999816894531,44.516231536865234,10.015213012695312,110.12000274658203,81.9749984741211
2022-11-08,7.699999809265137,204200.0,95.36000061035156,44.98846435546875,10.389884948730469,109.62000274658203,81.82599639892578
2022-11-09,7.900000095367432,191500.0,92.6500015258789,43.93437194824219,10.137701034545898,110.55000305175781,81.40519714355469
2022-11-10,7.889999866485596,196900.0,93.66999816894531,45.90761947631836,9.979187965393066,108.20999908447266,81.34380340576172
2022-11-11,8.199999809265137,228500.0,95.98999786376953,48.95183181762695,11.132018089294434,106.29000091552734,80.48290252685547
2022-11-14,8.199999809265137,191700.0,93.13999938964844,49.23854446411133,11.319352149963379,106.66000366210938,80.49700164794922
2022-11-15,7.710000038146973,915800.0,93.86000061035156,50.33479309082031,11.39140510559082,106.4000015258789,80.99199676513672
2022-11-16,7.349999904632568,341200.0,92.86000061035156,49.48309326171875,10.966300010681152,106.27999877929688,81.07140350341797
2022-11-17,7.190000057220459,226000.0,89.77999877929688,49.41563415527344,11.045554161071777,106.69000244140625,81.49530029296875
2022-11-18,7.090000152587891,111000.0,87.62000274658203,49.53369140625,10.858222007751465,106.93000030517578,81.52490234375
2022-11-21,7.369999885559082,230200.0,87.44999694824219,48.26878356933594,10.836605072021484,107.83999633789062,81.5198974609375
2022-11-22,7.070000171661377,400500.0,88.36000061035156,49.542118072509766,10.728528022766113,107.22000122070312,81.72769927978516
2022-11-23,7.380000114440918,316900.0,85.41000366210938,50.629940032958984,10.894246101379395,106.08000183105469,81.71499633789062
2022-11-25,7.820000171661377,365500.0,83.62999725341797,50.326358795166016,10.894246101379395,105.95999908447266,81.65540313720703
2022-11-28,7.659999847412109,547600.0,83.19000244140625,49.7360725402832,10.930272102355957,106.68000030517578,81.6697006225586
2022-11-29,7.539999961853027,152300.0,83.02999877929688,51.279258728027344,11.593149185180664,106.81999969482422,81.65029907226562
2022-11-30,7.860000133514404,217700.0,85.43000030517578,52.95736312866211,11.888565063476562,105.94999694824219,81.63089752197266
2022-12-01,7.710000038146973,258600.0,86.87999725341797,53.14288330078125,11.989435195922852,104.7300033569336,81.3052978515625
2022-12-02,7.699999809265137,126700.0,85.56999969482422,53.488624572753906,12.047077178955078,104.55000305175781,81.16220092773438
2022-12-05,7.96999979019165,526000.0,82.68000030517578,52.68751907348633,11.8597412109375,105.29000091552734,81.42250061035156
2022-12-06,8.4399995803833,793600.0,79.3499984741211,52.906768798828125,12.075899124145508,105.58000183105469,81.89900207519531
2022-12-07,8.399999618530273,155200.0,77.16999816894531,52.66222381591797,11.65079116821289,105.0999984741211,82.37220001220703
2022-12-08,9.010000228881836,236200.0,76.1500015258789,53.5223503112793,11.838125228881836,104.7699966430664,82.25350189208984
2022-12-09,9.1899995803833,183500.0,76.0999984741211,53.952423095703125,12.205591201782227,104.80999755859375,82.2791976928711
2022-12-12,8.739999771118164,299900.0,77.98999786376953,53.2019157409668,11.694022178649902,105.12999725341797,82.41300201416016
2022-12-13,9.289999961853027,426500.0,80.68000030517578,53.42959976196289,11.69836139678955,103.9800033569336,82.64469909667969
2022-12-14,9.819999694824219,275900.0,82.69999694824219,52.62849044799805,11.864655494689941,103.7699966430664,82.40249633789062
2022-12-15,9.760000228881836,507700.0,81.20999908447266,52.00447082519531,11.857423782348633,104.55999755859375,82.50800323486328
2022-12-16,9.029999732971191,230300.0,79.04000091552734,51.59126663208008,11.618829727172852,104.69999694824219,82.85790252685547
2022-12-19,8.850000381469727,295800.0,79.80000305175781,51.287689208984375,11.640520095825195,104.72000122070312,82.72599792480469
2022-12-20,9.979999542236328,326400.0,79.98999786376953,51.89484786987305,11.886344909667969,103.97000122070312,82.58190155029297
2022-12-21,9.979999542236328,219600.0,82.19999694824219,52.83930587768555,11.994796752929688,104.16000366210938,82.63690185546875
2022-12-22,9.739999771118164,204000.0,80.9800033569336,51.785221099853516,11.958645820617676,104.43000030517578,82.87860107421875
2022-12-23,9.460000038146973,251400.0,83.91999816894531,52.324913024902344,12.067097663879395,104.30999755859375,82.8749008178711
2022-12-27,9.5,465800.0,84.33000183105469,52.906768798828125,12.204468727111816,104.18000030517578,82.90290069580078
2022-12-28,9.449999809265137,102600.0,83.26000213623047,52.06349563598633,12.233390808105469,104.45999908447266,82.7761001586914
2022-12-29,9.399999618530273,93000.0,82.26000213623047,52.485130310058594,12.204468727111816,103.83999633789062,82.85199737548828
2022-12-30,9.1899995803833,148000.0,85.91000366210938,52.324913024902344,12.269540786743164,103.5199966430664,82.83509826660156
2023-01-03,8.819999694824219,75000.0,82.0999984741211,51.776790618896484,11.821273803710938,104.5199966430664,82.70600128173828
2023-01-04,9.25,45200.0,77.83999633789062,52.932071685791016,11.965875625610352,104.25,82.78569793701172
2023-01-05,9.510000228881836,56200.0,78.69000244140625,53.40430450439453,12.356301307678223,105.04000091552734,82.66649627685547
2023-01-06,10.039999961853027,83700.0,78.56999969482422,55.6895637512207,12.768420219421387,103.87999725341797,82.64520263671875
2023-01-09,9.739999771118164,56100.0,79.6500015258789,55.33539581298828,12.66719913482666,103.0,82.27339935302734
2023-01-10,9.119999885559082,48800.0,80.0999984741211,56.31357955932617,12.985323905944824,103.23999786376953,82.18009948730469
2023-01-11,8.979999542236328,44300.0,82.66999816894531,56.75209045410156,12.941944122314453,103.19000244140625,81.63739776611328
2023-01-12,9.09000015258789,53500.0,84.02999877929688,58.177207946777344,13.288990020751953,102.25,81.63179779052734
2023-01-13,9.359999656677246,115500.0,85.27999877929688,58.421749114990234,13.325140953063965,102.19999694824219,81.1156005859375
2023-01-17,9.40999984741211,71100.0,85.91999816894531,57.13998794555664,13.014245986938477,102.38999938964844,81.65260314941406
2023-01-18,8.9399995803833,65900.0,84.9800033569336,57.39295959472656,13.050396919250488,102.36000061035156,81.52549743652344
2023-01-19,8.774999618530273,123200.0,86.16000366210938,58.08444595336914,13.064854621887207,102.05999755859375,81.43599700927734
2023-01-20,8.949999809265137,72800.0,87.62999725341797,58.573543548583984,13.101009368896484,102.01000213623047,81.23979949951172
2023-01-23,8.640000343322754,100700.0,88.19000244140625,58.50608444213867,13.108235359191895,102.13999938964844,80.97599792480469
2023-01-24,8.4399995803833,44600.0,86.12999725341797,58.8265266418457,13.390214920043945,101.91999816894531,81.48799896240234
2023-01-25,8.449999809265137,31200.0,86.12000274658203,59.669795989990234,13.672187805175781,101.63999938964844,81.60189819335938
2023-01-26,8.119999885559082,134800.0,87.47000122070312,60.07456588745117,13.954163551330566,101.83999633789062,81.50270080566406
2023-01-27,8.270000457763672,144100.0,86.66000366210938,58.92771530151367,13.491435050964355,101.93000030517578,81.44509887695312
2023-01-30,8.0,283400.0,84.9000015258789,58.75062561035156,13.38298225402832,102.27999877929688,81.50800323486328
2023-01-31,7.800000190734863,208900.0,84.48999786376953,59.155399322509766,13.505895614624023,102.0999984741211,81.57990264892578
2023-02-01,7.53000020980835,514600.0,82.83999633789062,59.11323928833008,13.339601516723633,101.22000122070312,81.76840209960938
2023-02-02,7.309999942779541,486400.0,82.16999816894531,56.96290588378906,12.768420219421387,101.75,81.71029663085938
2023-02-03,7.110000133514404,393400.0,79.94000244140625,56.56656265258789,12.522597312927246,102.91999816894531,82.0458984375
2023-02-06,6.800000190734863,630100.0,80.98999786376953,55.672691345214844,12.262310981750488,103.62000274658203,82.22599792480469
2023-02-07,7.159999847412109,905500.0,83.69000244140625,56.33887481689453,12.255082130432129,103.43000030517578,82.75499725341797
2023-02-08,7.619999885559082,752700.0,85.08999633789062,56.11962890625,12.255082130432129,103.41000366210938,82.74189758300781
2023-02-09,7.119999885559082,766500.0,84.5,56.229251861572266,12.11771011352539,103.22000122070312,82.65950012207031
2023-02-10,7.230000019073486,276600.0,86.38999938964844,55.63896560668945,11.97310733795166,103.62999725341797,82.533203125
2023-02-13,7.0,960500.0,86.61000061035156,56.27984619140625,12.088787078857422,103.3499984741211,82.51300048828125
2023-02-14,6.730000019073486,842200.0,85.58000183105469,56.63402557373047,12.12493896484375,103.2300033569336,82.59739685058594
2023-02-15,6.53000020980835,756000.0,85.37999725341797,56.330448150634766,12.327380180358887,103.91999816894531,82.86759948730469
2023-02-16,6.75,840600.0,85.13999938964844,56.608726501464844,12.356301307678223,103.86000061035156,82.73770141601562
2023-02-17,6.599999904632568,549000.0,83.0,56.02687454223633,12.305694580078125,103.86000061035156,82.69529724121094
2023-02-21,7.059999942779541,1312000.0,83.05000305175781,55.883514404296875,12.320154190063477,104.18000030517578,82.69750213623047
2023-02-22,7.289999961853027,958500.0,80.5999984741211,54.12107467651367,12.22616195678711,104.58999633789062,82.86119842529297
2023-02-23,7.960000038146973,1597000.0,82.20999908447266,52.982666015625,12.233390808105469,104.5999984741211,82.83529663085938
2023-02-24,7.949999809265137,629900.0,83.16000366210938,50.95881652832031,11.806812286376953,105.20999908447266,82.6178970336914
2023-02-27,8.149999618530273,574200.0,82.44999694824219,50.975677490234375,11.78512191772461,104.66999816894531,82.91799926757812
2023-02-28,9.050000190734863,1039600.0,83.88999938964844,51.4141845703125,11.814043045043945,104.87000274658203,82.6520004272461
2023-03-01,8.819999694824219,860200.0,84.30999755859375,53.26094055175781,12.522597312927246,104.4800033569336,82.6353988647461
2023-03-02,8.979999542236328,460900.0,84.75,54.82099533081055,12.363534927368164,105.02999877929688,82.4198989868164
2023-03-03,9.390000343322754,406300.0,85.83000183105469,55.529335021972656,12.37076473236084,104.5199966430664,82.35569763183594
2023-03-06,9.149999618530273,407600.0,86.18000030517578,54.00301742553711,12.067097663879395,104.3499984741211,81.7125015258789
2023-03-07,9.180000305175781,448100.0,83.29000091552734,52.459835052490234,11.799582481384277,105.62000274658203,81.85440063476562
2023-03-08,9.600000381469727,407800.0,82.66000366210938,53.34526824951172,12.088787078857422,105.66000366210938,82.07460021972656
2023-03-09,9.920000076293945,599200.0,81.58999633789062,52.71165084838867,11.908034324645996,105.30999755859375,81.9645004272461
2023-03-10,10.1899995803833,414300.0,82.77999877929688,52.17351531982422,11.712821960449219,104.58000183105469,82.01840209960938
2023-03-13,10.260000228881836,313500.0,80.7699966430664,52.702972412109375,11.618829727172852,103.5999984741211,81.95800018310547
2023-03-14,10.569999694824219,400400.0,77.44999694824219,52.946006774902344,11.784431457519531,103.5999984741211,82.41739654541016
2023-03-15,9.6899995803833,902500.0,73.69000244140625,50.49834060668945,11.399996757507324,104.6500015258789,82.30490112304688
2023-03-16,9.979999542236328,330800.0,74.69999694824219,49.97755432128906,11.525677680969238,104.41999816894531,82.7156982421875
2023-03-17,9.970000267028809,288800.0,72.97000122070312,49.99491500854492,11.673537254333496,103.70999908447266,82.622802734375
2023-03-20,9.5,456200.0,73.79000091552734,51.00175857543945,11.725289344787598,103.27999877929688,82.53299713134766
2023-03-21,9.3100004196167,362200.0,75.31999969482422,50.51570129394531,11.621787071228027,103.26000213623047,82.52909851074219
2023-03-22,9.489999771118164,291800.0,76.69000244140625,49.93415832519531,11.488713264465332,102.3499984741211,82.677001953125
2023-03-23,10.1899995803833,293800.0,75.91000366210938,50.003597259521484,11.052525520324707,102.52999877929688,82.52580261230469
2023-03-24,9.760000228881836,259600.0,74.98999786376953,50.4723014831543,11.052525520324707,103.12000274658203,82.26529693603516
2023-03-27,9.449999809265137,152900.0,78.12000274658203,50.671932220458984,11.06731128692627,102.86000061035156,82.33879852294922
2023-03-28,9.460000038146973,132900.0,78.6500015258789,51.76556396484375,11.296494483947754,102.43000030517578,82.21489715576172
2023-03-29,10.020000457763672,277000.0,78.27999877929688,52.763736724853516,11.540462493896484,102.63999938964844,82.16429901123047
2023-03-30,9.649999618530273,195400.0,79.2699966430664,54.586463928222656,11.784431457519531,102.13999938964844,82.25540161132812
2023-03-31,10.100000381469727,136200.0,79.7699966430664,55.03780746459961,11.666145324707031,102.51000213623047,82.10050201416016
2023-04-03,10.010000228881836,148900.0,84.93000030517578,54.51702880859375,11.643964767456055,102.08999633789062,82.18479919433594
2023-04-04,10.3100004196167,196600.0,84.94000244140625,52.84185028076172,11.274314880371094,101.58999633789062,82.14089965820312
2023-04-05,10.020000457763672,80400.0,84.98999786376953,52.63353729248047,11.222565650939941,101.8499984741211,82.11479949951172
2023-04-06,9.8100004196167,524800.0,85.12000274658203,52.04331588745117,11.163420677185059,101.81999969482422,81.94999694824219
2023-04-10,9.90999984741211,298000.0,84.18000030517578,52.35578536987305,11.363031387329102,102.58000183105469,81.88480377197266
2023-04-11,9.279999732971191,366200.0,85.61000061035156,54.43022537231445,12.139294624328613,102.19999694824219,81.98390197753906
2023-04-12,9.40999984741211,358100.0,87.33000183105469,54.15248107910156,12.00622272491455,101.5,82.07009887695312
2023-04-13,9.369999885559082,162100.0,86.08999633789062,54.42155075073242,11.865754127502441,101.01000213623047,81.96060180664062
2023-04-14,9.1899995803833,493500.0,86.30999755859375,53.44942855834961,11.79921817779541,101.55000305175781,81.68070220947266
2023-04-17,8.960000038146973,377100.0,84.76000213623047,53.93548583984375,11.59221363067627,102.0999984741211,81.84480285644531
2023-04-18,8.619999885559082,700500.0,84.7699966430664,54.98572540283203,11.658751487731934,101.75,82.00370025634766
2023-04-19,9.15999984741211,194800.0,83.12000274658203,54.456268310546875,11.06731128692627,101.97000122070312,82.10790252685547
2023-04-20,9.25,65100.0,81.0999984741211,52.69429397583008,10.882487297058105,101.83999633789062,82.34010314941406
2023-04-21,9.15999984741211,56300.0,81.66000366210938,50.99307632446289,10.549802780151367,101.81999969482422,82.14089965820312
2023-04-24,8.779999732971191,177500.0,82.7300033569336,51.3142204284668,10.453693389892578,101.3499984741211,82.05480194091797
2023-04-25,8.760000228881836,222500.0,80.7699966430664,49.56093215942383,10.172760009765625,101.86000061035156,81.85230255126953
2023-04-26,8.819999694824219,108500.0,77.69000244140625,50.654571533203125,10.268869400024414,101.47000122070312,81.9916000366211
2023-04-27,8.850000381469727,157800.0,78.37000274658203,51.26214599609375,10.594160079956055,101.5,81.76689910888672
2023-04-28,8.760000228881836,127400.0,79.54000091552734,51.24478530883789,10.653304100036621,101.66999816894531,81.76509857177734
2023-05-01,8.779999732971191,124300.0,79.30999755859375,50.906280517578125,10.498051643371582,102.1500015258789,81.74479675292969
2023-05-02,8.279999732971191,286200.0,75.31999969482422,50.11643600463867,10.180154800415039,101.95999908447266,81.77469635009766
2023-05-03,8.449999809265137,231100.0,72.33000183105469,50.51570129394531,10.194939613342285,101.33999633789062,81.77870178222656
2023-05-04,7.929999828338623,563400.0,72.5,50.49834060668945,9.877039909362793,101.4000015258789,81.77999877929688
2023-05-05,8.300000190734863,69700.0,75.30000305175781,52.763736724853516,10.276261329650879,101.20999908447266,81.71610260009766
2023-05-08,8.350000381469727,233200.0,77.01000213623047,52.833168029785156,10.276261329650879,101.37000274658203,81.72979736328125
2023-05-09,8.989999771118164,233100.0,77.44000244140625,52.494659423828125,10.424120903015137,101.63999938964844,81.78710174560547
2023-05-10,8.600000381469727,87500.0,76.41000366210938,51.77425003051758,10.350191116333008,101.4800033569336,82.1050033569336
2023-05-11,8.09000015258789,191800.0,74.9800033569336,50.05567169189453,10.135793685913086,102.05999755859375,81.9198989868164
2023-05-12,7.71999979019165,280900.0,74.16999816894531,50.611175537109375,10.187545776367188,102.68000030517578,82.10030364990234
2023-05-15,7.289999961853027,364400.0,75.2300033569336,51.62669372558594,10.40933609008789,102.43000030517578,82.20030212402344
2023-05-16,7.21999979019165,188900.0,74.91000366210938,50.45494079589844,10.12100887298584,102.55999755859375,82.2667007446289
2023-05-17,7.21999979019165,311400.0,76.95999908447266,51.331581115722656,10.46847915649414,102.87999725341797,82.2959976196289
2023-05-18,7.489999771118164,132000.0,75.86000061035156,50.76740646362305,10.416728973388672,103.58000183105469,82.45030212402344
2023-05-19,7.409999847412109,62800.0,75.58000183105469,50.802120208740234,10.246689796447754,103.19999694824219,82.72509765625
2023-05-22,7.389999866485596,100000.0,75.98999786376953,50.8802375793457,10.12100887298584,103.19999694824219,82.90480041503906
2023-05-23,7.090000152587891,181100.0,76.83999633789062,50.11643600463867,9.869647026062012,103.48999786376953,82.82499694824219
2023-05-24,6.559999942779541,668100.0,78.36000061035156,48.09406280517578,9.69960880279541,103.88999938964844,82.8906021118164
2023-05-25,6.440000057220459,494800.0,76.26000213623047,47.76424026489258,9.514782905578613,104.20999908447266,82.71369934082031
2023-05-26,6.570000171661377,204900.0,76.94999694824219,49.187705993652344,9.803110122680664,104.20999908447266,82.74210357666016
2023-05-30,6.079999923706055,515800.0,73.54000091552734,48.44993591308594,9.433460235595703,104.16999816894531,82.57969665527344
2023-05-31,5.78000020980835,841400.0,72.66000366210938,47.651405334472656,9.374316215515137,104.31999969482422,82.68389892578125
2023-06-01,5.840000152587891,314300.0,74.27999877929688,48.94467544555664,9.640464782714844,103.55999755859375,82.66680145263672
2023-06-02,6.139999866485596,295800.0,76.12999725341797,50.967044830322266,10.113615036010742,104.0199966430664,82.27670288085938
2023-06-05,6.550000190734863,192000.0,76.70999908447266,50.22926712036133,10.061864852905273,104.0,82.40979766845703
2023-06-06,6.550000190734863,242700.0,76.29000091552734,51.01043701171875,10.157974243164062,104.12999725341797,82.51119995117188
2023-06-07,6.139999866485596,320900.0,76.94999694824219,50.9757194519043,10.30583381652832,104.0999984741211,82.51719665527344
2023-06-08,6.369999885559082,315300.0,75.95999908447266,52.08671569824219,10.416728973388672,103.33999633789062,82.61810302734375
2023-06-09,6.329999923706055,141500.0,74.79000091552734,51.782928466796875,10.37976360321045,103.55999755859375,82.48829650878906
2023-06-12,6.190000057220459,205400.0,71.83999633789062,51.661415100097656,10.180154800415039,103.62999725341797,82.4448013305664
2023-06-13,6.300000190734863,309600.0,74.29000091552734,53.310550689697266,10.276261329650879,103.33999633789062,82.33719635009766
2023-06-14,6.400000095367432,258100.0,73.19999694824219,54.44758987426758,10.535017013549805,103.01000213623047,82.29039764404297
2023-06-15,6.340000152587891,274300.0,75.66999816894531,55.53255081176758,10.697662353515625,102.12000274658203,82.04499816894531
2023-06-16,6.139999866485596,408700.0,76.61000061035156,54.829490661621094,10.675481796264648,102.30000305175781,81.9126968383789
2023-06-20,6.159999847412109,268500.0,75.9000015258789,54.12644577026367,10.38715648651123,102.54000091552734,81.98139953613281
2023-06-21,6.119999885559082,339800.0,77.12000274658203,53.76189422607422,10.335404396057129,102.06999969482422,81.9917984008789
2023-06-22,6.170000076293945,164200.0,74.13999938964844,52.85921096801758,10.283655166625977,102.38999938964844,81.94149780273438
2023-06-23,6.159999847412109,131600.0,73.8499984741211,51.47914123535156,10.128401756286621,102.9000015258789,81.91929626464844
2023-06-26,5.920000076293945,291700.0,74.18000030517578,51.68745040893555,10.194939613342285,102.69000244140625,81.98480224609375
2023-06-27,5.659999847412109,544400.0,72.26000213623047,52.46862030029297,10.283655166625977,102.48999786376953,82.00650024414062
2023-06-28,5.570000171661377,299100.0,74.02999877929688,51.53989791870117,9.854860305786133,102.91000366210938,81.99839782714844
2023-06-29,5.610000133514404,385200.0,74.33999633789062,51.8784065246582,9.995327949523926,103.33999633789062,82.02649688720703
2023-06-30,5.550000190734863,721200.0,74.9000015258789,51.79160690307617,9.921399116516113,102.91000366210938,82.07540130615234
2023-07-03,5.170000076293945,375900.0,74.6500015258789,52.763736724853516,10.172760009765625,102.98999786376953,82.09629821777344
2023-07-05,5.050000190734863,654900.0,76.6500015258789,51.57461166381836,9.899219512939453,103.37000274658203,82.0071029663086
2023-07-06,5.199999809265137,459100.0,76.5199966430664,50.16850662231445,9.736574172973633,103.16999816894531,82.39409637451172
2023-07-07,5.010000228881836,231500.0,78.47000122070312,50.368141174316406,9.906612396240234,102.2699966430664,82.76840209960938
2023-07-10,5.039999961853027,301200.0,77.69000244140625,49.882080078125,9.766145706176758,101.97000122070312,82.61530303955078
2023-07-11,5.21999979019165,228000.0,79.4000015258789,51.00175857543945,10.1431884765625,101.7300033569336,82.52529907226562
2023-07-12,5.369999885559082,452400.0,80.11000061035156,52.685611724853516,10.298440933227539,100.5199966430664,82.39990234375
2023-07-13,5.170000076293945,370600.0,81.36000061035156,54.10040283203125,10.601554870605469,99.7699966430664,82.00180053710938
2023-07-14,5.079999923706055,141900.0,79.87000274658203,53.90077209472656,10.56458854675293,99.91000366210938,82.03079986572266
2023-07-17,4.840000152587891,696400.0,78.5,53.04147720336914,10.401942253112793,99.83999633789062,82.07679748535156
2023-07-18,4.610000133514404,632300.0,79.62999725341797,53.197715759277344,10.372369766235352,99.94000244140625,82.06159973144531
2023-07-19,4.5,631000.0,79.45999908447266,52.59881591796875,10.38715648651123,100.27999877929688,82.07540130615234
2023-07-20,4.730000019073486,1202700.0,79.63999938964844,52.833168029785156,10.38715648651123,100.87999725341797,82.06169891357422
2023-07-21,4.730000019073486,537400.0,81.06999969482422,52.72032928466797,10.490657806396484,101.06999969482422,82.0823974609375
2023-07-24,4.559999942779541,564100.0,82.73999786376953,53.37131118774414,10.875094413757324,101.3499984741211,81.99030303955078
2023-07-25,4.789999961853027,875300.0,83.63999938964844,55.714820861816406,11.21517276763916,101.3499984741211,81.81420135498047
2023-07-26,4.869999885559082,834400.0,82.91999816894531,54.78609848022461,11.163420677185059,100.88999938964844,81.95010375976562
2023-07-27,4.800000190734863,338800.0,84.23999786376953,53.84869384765625,10.934237480163574,101.7699966430664,81.97550201416016
2023-07-28,4.760000228881836,296700.0,84.98999786376953,53.23243713378906,10.52762222290039,101.62000274658203,82.3749008178711
2023-07-31,4.949999809265137,325200.0,85.55999755859375,54.378150939941406,10.815950393676758,101.86000061035156,82.25279998779297
2023-08-01,4.949999809265137,289700.0,84.91000366210938,52.90260696411133,10.46108627319336,102.30000305175781,82.2332992553711
2023-08-02,4.820000171661377,384300.0,83.19999694824219,51.80028533935547,10.276261329650879,102.58999633789062,82.30729675292969
2023-08-03,4.889999866485596,91200.0,85.13999938964844,51.930484771728516,10.202332496643066,102.54000091552734,82.7332992553711
2023-08-04,4.889999866485596,228400.0,86.23999786376953,51.98256301879883,10.22451114654541,102.0199966430664,82.7843017578125
2023-08-07,5.210000038146973,491500.0,85.33999633789062,52.02595520019531,10.254081726074219,102.05000305175781,82.69529724121094
2023-08-08,5.070000171661377,289800.0,86.16999816894531,51.58329391479492,10.165367126464844,102.52999877929688,82.74829864501953
2023-08-09,5.059999942779541,112700.0,87.55000305175781,51.6440544128418,10.054471969604492,102.48999786376953,82.84500122070312
2023-08-10,5.21999979019165,245700.0,86.4000015258789,51.48781967163086,9.980542182922363,102.5199966430664,82.86630249023438
2023-08-11,5.329999923706055,195400.0,86.80999755859375,51.17535400390625,9.847467422485352,102.83999633789062,82.79989624023438
2023-08-14,5.340000152587891,173400.0,86.20999908447266,50.20322799682617,9.508899688720703,103.19000244140625,82.89730072021484
2023-08-15,5.590000152587891,545700.0,84.88999938964844,49.17903137207031,9.356391906738281,103.20999908447266,83.2333984375
2023-08-16,5.659999847412109,808000.0,83.44999694824219,48.27634048461914,9.36401653289795,103.41999816894531,83.19419860839844
2023-08-17,5.449999809265137,388800.0,84.12000274658203,48.80580139160156,9.447896957397461,103.44000244140625,83.23699951171875
2023-08-18,5.329999923706055,328200.0,84.80000305175781,48.43257522583008,9.386894226074219,103.37999725341797,83.09829711914062
2023-08-21,5.090000152587891,408900.0,84.45999908447266,48.814483642578125,9.379267692565918,103.33000183105469,83.16729736328125
2023-08-22,4.940000057220459,189900.0,84.02999877929688,48.0506706237793,9.676658630371094,103.55999755859375,83.1135025024414
2023-08-23,4.829999923706055,359000.0,83.20999908447266,49.4567756652832,9.89017105102539,103.36000061035156,83.07330322265625
2023-08-24,5.059999942779541,222400.0,83.36000061035156,48.059349060058594,9.707160949707031,103.9800033569336,82.5447006225586
2023-08-25,4.940000057220459,171300.0,84.4800033569336,47.920475006103516,9.7147855758667,104.08000183105469,82.64140319824219
2023-08-28,4.96999979019165,93000.0,84.41999816894531,48.666927337646484,9.852043151855469,104.05999755859375,82.66429901123047
2023-08-29,5.050000190734863,181400.0,85.48999786376953,49.72584915161133,10.164685249328613,103.55000305175781,82.69149780273438
2023-08-30,4.880000114440918,231600.0,85.86000061035156,50.1251106262207,10.164685249328613,103.16000366210938,82.49469757080078
2023-08-31,4.889999866485596,150200.0,86.86000061035156,49.89944076538086,10.042679786682129,103.62000274658203,82.70040130615234
2023-09-01,4.860000133514404,171000.0,88.55000305175781,50.56777572631836,10.667963981628418,104.23999786376953,82.68240356445312
2023-09-05,4.900000095367432,149700.0,90.04000091552734,50.77608871459961,10.584084510803223,104.80999755859375,82.7345962524414
2023-09-06,5.070000171661377,143900.0,90.5999984741211,50.77608871459961,10.385824203491211,104.86000061035156,83.08609771728516
2023-09-07,5.239999771118164,243400.0,89.91999816894531,49.43752670288086,10.050304412841797,105.05999755859375,83.25740051269531
2023-09-08,5.300000190734863,159300.0,90.6500015258789,49.0716552734375,10.149435043334961,105.08999633789062,83.24150085449219
2023-09-11,5.099999904632568,298800.0,90.63999938964844,50.42805862426758,10.439200401306152,104.56999969482422,83.03130340576172
2023-09-12,5.269999980926514,199700.0,92.05999755859375,50.410213470458984,10.370573043823242,104.70999908447266,82.94329833984375
2023-09-13,5.300000190734863,287000.0,91.87999725341797,50.1157341003418,10.446825981140137,104.7699966430664,82.84300231933594
2023-09-14,5.460000038146973,204600.0,93.69999694824219,52.114646911621094,10.980605125427246,105.41000366210938,82.93679809570312
2023-09-15,5.480000019073486,111100.0,93.93000030517578,52.159271240234375,10.919602394104004,105.31999969482422,83.0282974243164
2023-09-18,5.670000076293945,308800.0,94.43000030517578,51.98078918457031,10.759469032287598,105.19999694824219,83.08580017089844
2023-09-19,5.699999809265137,746900.0,94.33999633789062,51.61491775512695,10.76709270477295,105.19999694824219,83.25489807128906
2023-09-20,5.460000038146973,225500.0,93.52999877929688,51.28474044799805,10.828097343444824,105.16000366210938,83.19499969482422
2023-09-21,5.369999885559082,242000.0,93.30000305175781,49.678462982177734,10.408700942993164,105.36000061035156,83.08699798583984
2023-09-22,5.53000020980835,174700.0,93.2699966430664,50.64223098754883,10.484952926635742,105.58000183105469,82.89129638671875
2023-09-25,5.590000152587891,195400.0,93.29000091552734,50.08003234863281,10.218064308166504,106.0,82.97480010986328
2023-09-26,5.539999961853027,152200.0,93.95999908447266,49.0805778503418,9.989300727844238,106.2300033569336,83.0282974243164
2023-09-27,5.53000020980835,733200.0,96.55000305175781,49.70523452758789,9.905420303344727,106.66999816894531,83.29869842529297
2023-09-28,5.369999885559082,295000.0,95.37999725341797,51.043800354003906,10.088432312011719,106.22000122070312,83.22270202636719
2023-09-29,5.489999771118164,184600.0,95.30999755859375,50.75823974609375,10.218064308166504,106.16999816894531,83.19300079345703
2023-10-02,5.630000114440918,580600.0,90.70999908447266,49.892635345458984,10.080806732177734,106.9000015258789,83.03479766845703
2023-10-03,5.590000152587891,353800.0,90.91999816894531,49.00026321411133,9.821541786193848,107.0,83.3593978881836
2023-10-04,5.550000190734863,238200.0,85.80999755859375,49.11627197265625,9.730036735534668,106.80000305175781,83.22979736328125
2023-10-05,5.75,299200.0,84.06999969482422,49.375057220458984,9.74528694152832,106.33000183105469,83.44979858398438
2023-10-06,5.909999847412109,553900.0,84.58000183105469,50.82070541381836,9.897794723510742,106.04000091552734,83.22489929199219
2023-10-09,5.96999979019165,238000.0,88.1500015258789,50.1871223449707,9.806290626525879,106.08000183105469,83.12460327148438
2023-10-10,5.670000076293945,237200.0,87.6500015258789,50.954559326171875,10.065555572509766,105.83000183105469,83.27030181884766
2023-10-11,5.78000020980835,254900.0,85.81999969482422,51.24904251098633,10.19518756866455,105.81999969482422,83.25029754638672
2023-10-12,5.599999904632568,272000.0,86.0,50.49945068359375,9.989300727844238,106.56999969482422,83.21800231933594
2023-10-13,5.869999885559082,498100.0,90.88999938964844,50.50837326049805,9.981677055358887,106.6500015258789,83.26239776611328
2023-10-16,5.809999942779541,140700.0,89.6500015258789,51.58815002441406,10.179937362670898,106.23999786376953,83.28230285644531
2023-10-17,6.090000152587891,347300.0,89.9000015258789,52.1057243347168,10.263816833496094,106.25,83.19950103759766
2023-10-18,5.829999923706055,165900.0,91.5,50.99917984008789,9.8367919921875,106.56999969482422,83.26429748535156
2023-10-19,5.670000076293945,288300.0,92.37999725341797,50.454833984375,9.730036735534668,106.25,83.26860046386719
2023-10-20,5.760000228881836,198500.0,92.16000366210938,48.946720123291016,9.463146209716797,106.16000366210938,83.12229919433594
2023-10-23,5.539999961853027,766600.0,89.83000183105469,48.946720123291016,9.486021995544434,105.54000091552734,83.15979766845703
2023-10-24,5.409999847412109,425700.0,88.06999969482422,50.169273376464844,9.79103946685791,106.2699966430664,83.02940368652344
2023-10-25,5.289999961853027,327200.0,90.12999725341797,50.570838928222656,9.699535369873047,106.52999877929688,82.98780059814453
2023-10-26,5.179999828338623,393700.0,87.93000030517578,50.61545944213867,9.935922622680664,106.5999984741211,83.1709976196289
2023-10-27,5.059999942779541,128500.0,90.4800033569336,51.03487777709961,10.28669261932373,106.55999755859375,83.28250122070312
2023-10-30,4.940000057220459,245100.0,87.44999694824219,51.35613250732422,10.309569358825684,106.12000274658203,83.41339874267578
2023-10-31,5.010000228881836,143000.0,87.41000366210938,50.91886901855469,10.454451560974121,106.66000366210938,83.29650115966797
2023-11-01,4.800000190734863,175000.0,84.62999725341797,51.69523239135742,10.820470809936523,106.87999725341797,83.2771987915039
2023-11-02,5.010000228881836,237500.0,86.8499984741211,52.67684555053711,11.049235343933105,106.12000274658203,85.19400024414062
2023-11-03,5.150000095367432,132800.0,84.88999938964844,52.75715255737305,11.07973575592041,105.0199966430664,83.24729919433594
2023-11-06,5.269999980926514,100400.0,85.18000030517578,52.66792297363281,11.140740394592285,105.22000122070312,83.15850067138672
2023-11-07,5.199999809265137,75800.0,81.61000061035156,51.33828353881836,10.911977767944336,105.54000091552734,83.2228012084961
2023-11-08,5.400000095367432,273600.0,79.54000091552734,50.91886901855469,10.858597755432129,105.58999633789062,83.23269653320312
2023-11-09,5.800000190734863,442500.0,80.01000213623047,51.133033752441406,10.86622428894043,105.91000366210938,83.21769714355469
2023-11-10,5.699999809265137,62200.0,81.43000030517578,51.820167541503906,11.12548828125,105.86000061035156,83.31939697265625
2023-11-13,5.949999809265137,413200.0,82.5199966430664,52.1057243347168,11.03398323059082,105.66000366210938,83.29889678955078
2023-11-14,5.929999828338623,122300.0,82.47000122070312,54.12248992919922,11.560137748718262,104.11000061035156,83.19760131835938
2023-11-15,6.150000095367432,301900.0,81.18000030517578,54.0778694152832,11.491509437561035,104.38999938964844,82.98159790039062
2023-11-16,6.440000057220459,449300.0,77.41999816894531,53.88154983520508,11.590639114379883,104.37000274658203,83.18620300292969
2023-11-17,6.420000076293945,87000.0,80.61000061035156,54.35450744628906,11.54488754272461,103.81999969482422,83.12030029296875
2023-11-20,6.420000076293945,129000.0,82.31999969482422,54.979164123535156,11.933782577514648,103.47000122070312,83.29149627685547
2023-11-21,6.550000190734863,252900.0,82.44999694824219,55.791229248046875,12.101543426513672,103.58999633789062,83.32219696044922
2023-11-22,6.619999885559082,111800.0,81.95999908447266,55.52351760864258,11.951462745666504,103.91999816894531,83.345703125
2023-11-24,7.519999980926514,870300.0,80.58000183105469,55.336116790771484,11.833599090576172,103.4000015258789,83.34400177001953
2023-11-27,7.769999980926514,442000.0,79.9800033569336,54.71146011352539,11.700018882751465,103.19999694824219,83.31449890136719
2023-11-28,7.800000190734863,325100.0,81.68000030517578,55.00593948364258,11.857171058654785,102.75,83.364501953125
2023-11-29,8.710000038146973,570400.0,83.0999984741211,54.256343841552734,11.739306449890137,102.7699966430664,83.41809844970703
2023-11-30,9.329999923706055,840400.0,82.83000183105469,54.39912033081055,11.786452293395996,103.5,83.3302993774414
2023-12-01,10.039999961853027,928000.0,78.87999725341797,56.1660270690918,12.077183723449707,103.2699966430664,83.35269927978516
2023-12-04,9.34000015258789,1482400.0,78.02999877929688,54.75607681274414,11.62929916381836,103.63999938964844,83.21859741210938
2023-12-05,8.300000190734863,813100.0,77.19999694824219,54.45267105102539,11.566437721252441,104.05000305175781,83.41709899902344
2023-12-06,8.229999542236328,394800.0,74.30000305175781,54.83639144897461,11.542864799499512,104.1500015258789,83.31590270996094
2023-12-07,8.34000015258789,305500.0,74.05000305175781,55.94293212890625,11.652871131896973,103.54000091552734,83.28959655761719
2023-12-08,8.699999809265137,202600.0,75.83999633789062,55.73768615722656,11.53500747680664,104.01000213623047,83.35489654541016
2023-12-11,8.600000381469727,180000.0,76.02999877929688,55.3896598815918,11.6135835647583,104.0999984741211,83.43009948730469
2023-12-12,9.4399995803833,547900.0,73.23999786376953,55.46105194091797,11.511435508728027,103.87000274658203,83.34349822998047
2023-12-13,8.869999885559082,139300.0,74.26000213623047,57.15656280517578,11.660728454589844,102.87000274658203,83.39600372314453
2023-12-14,9.239999771118164,230100.0,76.61000061035156,58.477272033691406,11.76287841796875,101.95999908447266,83.2853012084961
2023-12-15,9.920000076293945,351300.0,76.55000305175781,58.709293365478516,11.755021095275879,102.55000305175781,83.29660034179688
2023-12-18,10.600000381469727,456000.0,77.94999694824219,58.97700119018555,11.943605422973633,102.51000213623047,83.04170227050781
2023-12-19,9.779999732971191,319300.0,79.2300033569336,59.976463317871094,12.069326400756836,102.16999816894531,83.11119842529297
2023-12-20,10.039999961853027,173900.0,79.69999694824219,58.9234619140625,11.927888870239258,102.41000366210938,83.09159851074219
2023-12-21,9.970000267028809,263200.0,79.38999938964844,60.49404525756836,12.39148998260498,101.83999633789062,83.26719665527344
2023-12-22,10.4399995803833,317500.0,79.06999969482422,60.520816802978516,12.36791706085205,101.69999694824219,83.13159942626953
2023-12-26,10.399999618530273,193000.0,81.06999969482422,60.87776184082031,12.517212867736816,101.47000122070312,83.17230224609375
2023-12-27,10.869999885559082,267300.0,79.6500015258789,61.47565460205078,12.580073356628418,100.98999786376953,83.18280029296875
2023-12-28,11.649999618530273,343500.0,78.38999938964844,61.23471450805664,12.4857816696167,101.2300033569336,83.26719665527344
2023-12-29,11.5600004196167,169000.0,77.04000091552734,60.95807647705078,12.46220874786377,101.33000183105469,82.302001953125
2024-01-02,10.619999885559082,485700.0,75.88999938964844,60.601131439208984,12.344343185424805,102.19999694824219,83.20259857177734
2024-01-03,10.140000343322754,366400.0,78.25,59.9496955871582,12.273626327514648,102.45999908447266,83.25700378417969
2024-01-04,10.899999618530273,209500.0,77.58999633789062,59.42319107055664,12.124329566955566,102.41999816894531,83.31809997558594
2024-01-05,10.609999656677246,124400.0,78.76000213623047,58.91453170776367,12.022180557250977,102.41000366210938,83.2406005859375
2024-01-08,9.609999656677246,250800.0,76.12000274658203,58.91453170776367,11.998607635498047,102.20999908447266,83.19110107421875
2024-01-09,9.0,436400.0,77.58999633789062,57.64736557006836,11.731449127197266,102.56999969482422,83.05069732666016
2024-01-10,9.550000190734863,221800.0,76.80000305175781,56.81745529174805,11.605725288391113,102.36000061035156,83.131103515625
2024-01-11,9.4399995803833,199600.0,77.41000366210938,56.656837463378906,11.692159652709961,102.29000091552734,83.02559661865234
2024-01-12,9.5,85800.0,78.29000091552734,56.45158386230469,11.605725288391113,102.4000015258789,83.07610321044922
2024-01-16,9.770000457763672,224900.0,78.29000091552734,54.89885711669922,11.244275093078613,103.36000061035156,82.8593978881836
2024-01-17,10.0600004196167,279900.0,77.87999725341797,53.91724395751953,11.047835350036621,103.44999694824219,83.08899688720703
2024-01-18,11.1899995803833,336700.0,79.0999984741211,53.97078323364258,11.032118797302246,103.54000091552734,83.17759704589844
2024-01-19,11.050000190734863,163800.0,78.55999755859375,54.01539993286133,10.843535423278809,103.29000091552734,83.16059875488281
2024-01-22,10.430000305175781,209200.0,80.05999755859375,53.649532318115234,10.702098846435547,103.33000183105469,83.12470245361328
2024-01-23,10.720000267028809,200100.0,79.55000305175781,54.70253372192383,11.024261474609375,103.62000274658203,83.09510040283203
2024-01-24,11.75,413200.0,80.04000091552734,55.47889709472656,11.134269714355469,103.23999786376953,83.22139739990234
2024-01-25,11.100000381469727,211900.0,82.43000030517578,55.05948257446289,10.88282299041748,103.56999969482422,83.09760284423828
2024-01-26,11.0600004196167,101400.0,83.55000305175781,55.291500091552734,11.134269714355469,103.47000122070312,83.14610290527344
2024-01-29,10.75,364300.0,82.4000015258789,55.291500091552734,10.992830276489258,103.61000061035156,83.12129974365234
2024-01-30,10.979999542236328,193900.0,82.87000274658203,55.1219482421875,10.914254188537598,103.4000015258789,83.1530990600586
2024-01-31,11.239999771118164,134900.0,81.70999908447266,54.631141662597656,10.757101058959961,103.2699966430664,83.10970306396484
2024-02-01,11.109999656677246,137800.0,78.69999694824219,55.291500091552734,10.780674934387207,103.05000305175781,83.05359649658203
2024-02-02,11.170000076293945,65500.0,77.33000183105469,54.515132904052734,10.44279670715332,103.91999816894531,82.92759704589844
2024-02-05,11.8100004196167,223000.0,77.98999786376953,53.087337493896484,10.324932098388672,104.44999694824219,82.99929809570312
2024-02-06,12.640000343322754,251500.0,78.58999633789062,53.83692932128906,10.537087440490723,104.18000030517578,83.10369873046875
2024-02-07,11.800000190734863,275300.0,79.20999908447266,54.00648498535156,10.59994888305664,104.04000091552734,83.07060241699219
2024-02-08,12.550000190734863,414900.0,81.62999725341797,53.57814407348633,10.427082061767578,104.1500015258789,83.01260375976562
2024-02-09,12.350000381469727,139100.0,82.19000244140625,53.70307540893555,10.419221878051758,104.08000183105469,82.98529815673828
2024-02-12,12.5,84600.0,82.0,53.94401168823242,10.552803039550781,104.16999816894531,83.0145034790039
2024-02-13,12.260000228881836,90200.0,82.7699966430664,52.58760452270508,10.340645790100098,104.95999908447266,82.99019622802734
2024-02-14,12.75,129600.0,81.5999984741211,53.40858840942383,10.411365509033203,104.72000122070312,83.07460021972656
2024-02-15,12.789999961853027,80500.0,82.86000061035156,53.19442367553711,10.395650863647461,104.30000305175781,83.04309844970703
2024-02-16,12.819999694824219,48300.0,83.47000122070312,53.845855712890625,10.709957122802734,104.27999877929688,83.00959777832031
2024-02-20,12.5,85400.0,82.33999633789062,51.84693145751953,10.505658149719238,104.08000183105469,83.02100372314453
2024-02-21,12.949999809265137,113400.0,83.02999877929688,51.54352569580078,10.552803039550781,104.01000213623047,82.8291015625
2024-02-22,13.510000228881836,191600.0,83.66999816894531,52.07895278930664,10.6156644821167,103.95999908447266,82.93840026855469
2024-02-23,14.336999893188477,189500.0,81.62000274658203,52.03433609008789,10.584234237670898,103.94000244140625,82.87229919433594
2024-02-26,13.732999801635742,220300.0,82.52999877929688,51.043800354003906,10.348505973815918,103.83000183105469,82.88179779052734
2024-02-27,14.449999809265137,136200.0,83.6500015258789,51.52568435668945,10.702098846435547,103.83000183105469,82.85199737548828
2024-02-28,15.029999732971191,183100.0,83.68000030517578,50.94563674926758,10.505658149719238,103.9800033569336,82.94819641113281
2024-02-29,15.25,189600.0,83.62000274658203,51.168731689453125,10.537087440490723,104.16000366210938,82.91190338134766
2024-03-01,16.100000381469727,263700.0,83.55000305175781,52.06110763549805,10.59994888305664,103.86000061035156,82.910400390625
2024-03-04,16.229999542236328,215900.0,82.80000305175781,51.811241149902344,10.560661315917969,103.83000183105469,82.84609985351562
2024-03-05,15.75,392400.0,82.04000091552734,51.302589416503906,10.395650863647461,103.80000305175781,82.9104995727539
2024-03-06,15.569999694824219,273300.0,82.95999908447266,52.25742721557617,10.584234237670898,103.37000274658203,82.88480377197266
2024-03-07,16.43000030517578,171400.0,82.95999908447266,52.89783477783203,10.59994888305664,102.81999969482422,82.81909942626953
2024-03-08,16.84000015258789,141000.0,82.08000183105469,52.42210006713867,10.364219665527344,102.73999786376953,82.7522964477539
2024-03-11,16.040000915527344,151600.0,82.20999908447266,51.35170364379883,10.081345558166504,102.87000274658203,82.7520980834961
2024-03-12,16.479999542236328,228800.0,81.91999816894531,51.23277282714844,10.01898193359375,102.95999908447266,82.7782974243164
2024-03-13,16.25,121700.0,84.02999877929688,52.028709411621094,10.076419830322266,102.79000091552734,82.83509826660156
2024-03-14,16.059999465942383,163000.0,85.41999816894531,51.26936721801758,9.93692684173584,103.36000061035156,82.83110046386719
2024-03-15,15.6899995803833,204500.0,85.33999633789062,50.93086624145508,9.813843727111816,103.43000030517578,82.9655990600586
2024-03-18,16.190000534057617,262300.0,86.88999938964844,51.12298583984375,9.9451322555542,103.58000183105469,82.88890075683594
2024-03-19,15.489999771118164,732100.0,87.37999725341797,51.81828689575195,10.01898193359375,103.80999755859375,82.86360168457031
2024-03-20,14.680000305175781,599700.0,85.94999694824219,52.86124038696289,10.158476829528809,103.41000366210938,83.04239654541016
2024-03-21,15.270000457763672,513800.0,85.77999877929688,52.961875915527344,10.158476829528809,104.0,83.05460357666016
2024-03-22,14.729999542236328,190400.0,85.43000030517578,52.184234619140625,9.994366645812988,104.43000030517578,83.22660064697266
2024-03-25,14.069999694824219,311400.0,86.75,52.11104202270508,9.977953910827637,104.2300033569336,83.59359741210938
2024-03-26,13.380000114440918,859000.0,86.25,51.73594665527344,9.863077163696289,104.29000091552734,83.41739654541016
2024-03-27,13.350000381469727,384400.0,86.08999633789062,52.63252258300781,9.986160278320312,104.3499984741211,83.34549713134766
2024-03-28,13.859999656677246,476300.0,87.4800033569336,52.77890396118164,10.002572059631348,104.55000305175781,83.36499786376953
2024-04-01,13.890000343322754,241700.0,87.41999816894531,53.38271713256836,9.93692684173584,105.0199966430664,83.36479949951172
2024-04-02,12.699999809265137,241800.0,88.91999816894531,54.132911682128906,10.068216323852539,104.81999969482422,83.40969848632812
2024-04-03,13.319999694824219,215900.0,89.3499984741211,53.83100891113281,9.912309646606445,104.25,83.35030364990234
2024-04-04,12.710000038146973,165400.0,90.6500015258789,52.82465362548828,9.781022071838379,104.12000274658203,83.37329864501953
2024-04-05,12.850000381469727,114400.0,91.16999816894531,52.751461029052734,9.68255615234375,104.30000305175781,83.47779846191406
2024-04-08,12.510000228881836,169800.0,90.37999725341797,54.608642578125,10.256943702697754,104.13999938964844,83.29679870605469
2024-04-09,12.779999732971191,296500.0,89.41999816894531,55.340545654296875,10.256943702697754,104.1500015258789,83.26959991455078
2024-04-10,13.5,337900.0,90.4800033569336,54.59949493408203,9.969749450683594,105.25,83.22429656982422
2024-04-11,13.539999961853027,160200.0,89.73999786376953,54.4256706237793,9.986160278320312,105.27999877929688,83.4126968383789
2024-04-12,13.670000076293945,132200.0,90.44999694824219,53.5748405456543,9.863077163696289,106.04000091552734,83.34929656982422
2024-04-15,13.5600004196167,125800.0,90.0999984741211,54.03227615356445,9.84666633605957,106.20999908447266,83.61109924316406
2024-04-16,13.399999618530273,84200.0,90.0199966430664,52.11104202270508,9.575881958007812,106.26000213623047,83.50599670410156
2024-04-17,13.8100004196167,128500.0,87.29000091552734,53.4376106262207,9.723583221435547,105.94999694824219,83.6675033569336
2024-04-18,13.430000305175781,135300.0,87.11000061035156,53.053367614746094,9.715376853942871,106.1500015258789,83.5958023071289
2024-04-19,13.609999656677246,89200.0,87.29000091552734,53.172298431396484,9.994366645812988,106.1500015258789,83.54499816894531
2024-04-22,13.029999732971191,594900.0,87.0,53.529090881347656,10.01077651977539,106.08000183105469,83.38529968261719
2024-04-23,13.399999618530273,180500.0,88.41999816894531,53.70292282104492,10.01898193359375,105.69000244140625,83.38619995117188
2024-04-24,13.15999984741211,423400.0,88.0199966430664,54.196956634521484,10.15027141571045,105.86000061035156,83.2833023071289
2024-04-25,13.020000457763672,149800.0,89.01000213623047,52.33976364135742,9.895899772644043,105.5999984741211,83.3405990600586
2024-04-26,12.819999694824219,119300.0,89.5,51.62616729736328,10.076419830322266,105.94000244140625,83.30180358886719
2024-04-29,12.600000381469727,147700.0,88.4000015258789,51.97381591796875,10.248738288879395,105.58000183105469,83.40229797363281
2024-04-30,12.710000038146973,289000.0,87.86000061035156,50.46427536010742,9.986160278320312,106.22000122070312,83.45110321044922
2024-05-01,12.6899995803833,77900.0,83.44000244140625,50.31789779663086,10.01077651977539,105.76000213623047,83.49839782714844
2024-05-02,13.460000038146973,227000.0,83.66999816894531,50.84852600097656,10.273354530334473,105.30000305175781,83.40640258789062
2024-05-03,13.449999809265137,77900.0,82.95999908447266,51.47063446044922,10.347204208374023,105.02999877929688,83.40630340576172
2024-05-06,13.569999694824219,67500.0,83.33000183105469,52.019561767578125,10.330794334411621,105.05000305175781,83.37999725341797
2024-05-07,14.600000381469727,209500.0,83.16000366210938,52.577632904052734,10.412848472595215,105.41000366210938,83.4728012084961
2024-05-08,13.930000305175781,255300.0,83.58000183105469,51.690208435058594,10.29797077178955,105.55000305175781,83.46990203857422
2024-05-09,13.65999984741211,157700.0,83.87999725341797,52.257423400878906,10.322588920593262,105.2300033569336,83.46430206298828
2024-05-10,13.739999771118164,52400.0,82.79000091552734,52.32146453857422,10.207709312438965,105.30999755859375,83.45939636230469
2024-05-13,13.270000457763672,155500.0,83.36000061035156,52.312320709228516,10.31438159942627,105.22000122070312,83.5248031616211
2024-05-14,12.949999809265137,389200.0,82.37999725341797,53.78526306152344,10.306177139282227,105.01000213623047,83.50550079345703
2024-05-15,12.619999885559082,366800.0,82.75,54.22439956665039,10.306177139282227,104.3499984741211,83.52420043945312
2024-05-16,12.75,189200.0,83.2699966430664,54.91054916381836,10.388232231140137,104.45999908447266,83.40509796142578
2024-05-17,12.729999542236328,525700.0,83.9800033569336,56.237117767333984,10.659015655517578,104.44999694824219,83.47010040283203
2024-05-20,12.829999923706055,90100.0,83.70999908447266,56.33774948120117,10.601576805114746,104.56999969482422,83.30039978027344
2024-05-21,12.380000114440918,506700.0,82.87999725341797,56.38349533081055,10.568756103515625,104.66000366210938,83.31500244140625
2024-05-22,12.140000343322754,357600.0,81.9000015258789,53.730369567871094,10.380026817321777,104.94000244140625,83.31680297851562
2024-05-23,12.100000381469727,111500.0,81.36000061035156,53.74866485595703,10.322588920593262,105.11000061035156,83.26709747314453
2024-05-24,12.260000228881836,71200.0,82.12000274658203,54.55375289916992,10.33899974822998,104.72000122070312,83.2863998413086
2024-05-28,12.0,63000.0,84.22000122070312,54.52630615234375,10.14206600189209,104.61000061035156,83.14569854736328
2024-05-29,12.079999923706055,42200.0,83.5999984741211,54.389076232910156,9.953336715698242,105.0999984741211,83.20649719238281
2024-05-30,12.15999984741211,43200.0,81.86000061035156,53.66632843017578,9.93692684173584,104.72000122070312,83.3656005859375
2024-05-31,11.9399995803833,28800.0,81.62000274658203,54.46226501464844,9.887694358825684,104.66999816894531,83.3208999633789
2024-06-03,12.119999885559082,108900.0,78.36000061035156,54.32503128051758,9.698966026306152,104.13999938964844,83.45079803466797
2024-06-04,12.25,34700.0,77.5199966430664,53.126556396484375,9.469210624694824,104.11000061035156,83.09339904785156
2024-06-05,12.0600004196167,62000.0,78.41000366210938,53.629730224609375,9.362539291381836,104.2699966430664,83.62940216064453
2024-06-06,12.0600004196167,28300.0,79.87000274658203,54.617794036865234,9.534854888916016,104.0999984741211,83.38079833984375
2024-06-07,11.84000015258789,37800.0,79.62000274658203,53.23633575439453,9.313305854797363,104.88999938964844,83.47309875488281
2024-06-10,11.460000038146973,264000.0,81.62999725341797,53.4376106262207,9.354331970214844,105.1500015258789,83.52760314941406
2024-06-11,11.420000076293945,120700.0,81.91999816894531,51.964664459228516,9.337921142578125,105.2300033569336,83.52980041503906
2024-06-12,11.9399995803833,75400.0,82.5999984741211,52.50444030761719,9.124577522277832,104.6500015258789,83.5968017578125
2024-06-13,12.119999885559082,41500.0,82.75,52.46784591674805,9.288687705993652,105.19999694824219,83.5343017578125
2024-06-14,11.770000457763672,41500.0,82.62000274658203,51.99211883544922,9.23945426940918,105.55000305175781,83.52210235595703
2024-06-17,11.960000038146973,45800.0,84.25,51.461490631103516,9.15739917755127,105.31999969482422,83.55180358886719
2024-06-18,11.869999885559082,36900.0,85.33000183105469,51.836585998535156,9.173810005187988,105.26000213623047,83.51010131835938
2024-06-20,11.920000076293945,46900.0,85.70999908447266,52.33976364135742,9.264071464538574,105.58999633789062,83.41950225830078
2024-06-21,11.779999732971191,19500.0,85.23999786376953,51.763397216796875,9.231249809265137,105.80000305175781,83.60160064697266
2024-06-24,11.4399995803833,76200.0,86.01000213623047,51.86403274536133,9.255865097045898,105.47000122070312,83.5625
2024-06-25,11.399999618530273,26200.0,85.01000213623047,52.12019729614258,9.108165740966797,105.61000061035156,83.46040344238281
2024-06-26,11.800000190734863,61900.0,85.25,52.449554443359375,9.140987396240234,106.05000305175781,83.41459655761719
2024-06-27,11.920000076293945,84000.0,86.38999938964844,51.90977478027344,9.15739917755127,105.91000366210938,83.58039855957031
2024-06-28,12.239999771118164,76400.0,86.41000366210938,52.22998046875,9.165605545043945,105.87000274658203,83.45089721679688
2024-07-01,12.5,125600.0,86.5999984741211,52.797203063964844,9.190221786499023,105.9000015258789,83.36750030517578
2024-07-02,11.859999656677246,81500.0,86.23999786376953,52.83379364013672,9.140987396240234,105.72000122070312,83.44129943847656
2024-07-03,12.0,27700.0,87.33999633789062,54.471412658691406,9.526649475097656,105.4000015258789,83.4791030883789
2024-07-05,11.329999923706055,37800.0,86.54000091552734,54.4256706237793,9.56767749786377,104.87999725341797,83.49340057373047
2024-07-08,11.520000457763672,54900.0,85.75,53.38271713256836,9.419976234436035,105.01000213623047,83.47209930419922
2024-07-09,11.65999984741211,19100.0,84.66000366210938,53.39186477661133,9.485621452331543,105.12000274658203,83.45760345458984
2024-07-10,11.979999542236328,44300.0,85.08000183105469,53.56568908691406,9.411771774291992,105.05000305175781,83.49299621582031
2024-07-11,11.9399995803833,20400.0,85.4000015258789,53.27293014526367,9.3461275100708,104.44000244140625,83.49590301513672
2024-07-12,12.079999923706055,19200.0,85.02999877929688,54.22439956665039,9.452799797058105,104.08999633789062,83.51850128173828
2024-07-15,11.720000267028809,60900.0,84.8499984741211,53.34612274169922,9.444594383239746,104.19000244140625,83.52030181884766
2024-07-16,11.600000381469727,23400.0,83.7300033569336,52.33061599731445,9.428182601928711,104.2699966430664,83.58760070800781
2024-07-17,11.6899995803833,39900.0,85.08000183105469,52.13849639892578,9.198427200317383,103.75,83.52960205078125
2024-07-18,11.800000190734863,34100.0,85.11000061035156,51.34255599975586,8.976876258850098,104.16999816894531,83.57209777832031
2024-07-19,11.760000228881836,26300.0,82.62999725341797,50.91256332397461,8.968672752380371,104.4000015258789,83.67430114746094
2024-07-22,11.770000457763672,35200.0,82.4000015258789,51.004051208496094,8.960467338562012,104.30999755859375,83.73030090332031
2024-07-23,11.489999771118164,28800.0,81.01000213623047,50.38193893432617,8.837383270263672,104.44999694824219,83.67130279541016
2024-07-24,11.640000343322754,19100.0,81.70999908447266,49.796424865722656,8.755327224731445,104.38999938964844,83.70680236816406
2024-07-25,11.359999656677246,23200.0,82.37000274658203,50.12577819824219,8.779943466186523,104.36000061035156,83.74299621582031
2024-07-26,11.0600004196167,105500.0,81.12999725341797,50.665550231933594,8.911231994628906,104.31999969482422,83.73760223388672
2024-07-29,11.229999542236328,39500.0,79.77999877929688,50.32704544067383,8.927644729614258,104.55999755859375,83.72779846191406
2024-07-30,10.829999923706055,58500.0,78.62999725341797,49.503665924072266,8.771738052368164,104.55000305175781,83.75050354003906
2024-07-31,10.720000267028809,10900.0,80.72000122070312,50.80278015136719,8.903026580810547,104.0999984741211,83.73899841308594
2024-08-01,10.890000343322754,164100.0,79.5199966430664,49.64089584350586,8.599421501159668,104.41999816894531,83.7177963256836
2024-08-02,10.9399995803833,347100.0,76.80999755859375,49.41217803955078,8.509160041809082,103.20999908447266,83.743896484375
2024-08-05,10.770000457763672,47400.0,76.30000305175781,48.52475357055664,8.467461585998535,102.69000244140625,83.73529815673828
2024-08-06,10.979999542236328,14700.0,76.4800033569336,48.96389389038086,8.595111846923828,102.97000122070312,84.00260162353516
2024-08-07,10.770000457763672,37000.0,78.33000183105469,48.268585205078125,8.612133026123047,103.19999694824219,83.93489837646484
2024-08-08,10.899999618530273,5900.0,79.16000366210938,48.625389099121094,8.654682159423828,103.20999908447266,83.94239807128906
2024-08-09,10.710000038146973,7000.0,79.66000366210938,49.1834602355957,8.739782333374023,103.13999938964844,83.98899841308594
2024-08-12,10.579999923706055,14800.0,82.30000305175781,49.000484466552734,8.748291015625,103.13999938964844,83.94979858398438
2024-08-13,10.829999923706055,28600.0,80.69000244140625,49.09197235107422,8.799351692199707,102.55999755859375,83.88999938964844
2024-08-14,10.899999618530273,11300.0,79.76000213623047,47.802001953125,8.646170616149902,102.56999969482422,83.88200378417969
2024-08-15,10.770000457763672,15700.0,81.04000091552734,48.1679573059082,8.688720703125,102.9800033569336,83.97149658203125
2024-08-16,10.6899995803833,23100.0,79.68000030517578,48.70772933959961,8.67170238494873,102.45999908447266,83.94830322265625
2024-08-19,10.449999809265137,24400.0,77.66000366210938,49.366432189941406,8.944022178649902,101.88999938964844,83.88980102539062
2024-08-20,10.6899995803833,12100.0,77.19999694824219,49.073673248291016,8.833392143249512,101.44000244140625,83.87860107421875
2024-08-21,10.800000190734863,22000.0,76.05000305175781,50.63810348510742,9.054652214050293,101.04000091552734,83.77940368652344
2024-08-22,10.592000007629395,4200.0,77.22000122070312,49.668338775634766,8.875941276550293,101.51000213623047,83.88860321044922
2024-08-23,10.40999984741211,10100.0,79.0199966430664,50.491722106933594,8.884450912475586,100.72000122070312,83.94059753417969
2024-08-26,10.65999984741211,11700.0,81.43000030517578,50.78448486328125,9.029122352600098,100.8499984741211,83.81379699707031
2024-08-27,10.6899995803833,13900.0,79.55000305175781,50.93086624145508,9.267402648925781,100.55000305175781,83.88369750976562
2024-08-28,10.694999694824219,8800.0,78.6500015258789,49.78727340698242,9.09720230102539,101.08999633789062,83.92160034179688
2024-08-29,11.140000343322754,15900.0,79.94000244140625,50.43683624267578,8.978060722351074,101.33999633789062,83.94149780273438
2024-08-30,11.109999656677246,16600.0,78.80000305175781,50.43683624267578,8.952532768249512,101.69999694824219,83.89510345458984
2024-09-03,10.5,19700.0,73.75,47.884342193603516,8.510011672973633,101.83000183105469,83.92729949951172
2024-09-04,10.619999885559082,36300.0,72.69999694824219,47.802001953125,8.603620529174805,101.36000061035156,83.95030212402344
2024-09-05,10.739999771118164,23900.0,72.69000244140625,48.03986740112305,8.714252471923828,101.11000061035156,83.98249816894531
2024-09-06,10.739999771118164,20500.0,71.05999755859375,47.01521682739258,8.620641708374023,101.18000030517578,83.98359680175781
2024-09-09,10.569999694824219,8900.0,71.83999633789062,47.37202072143555,8.629151344299316,101.55000305175781,83.98259735107422
2024-09-10,10.5600004196167,5500.0,69.19000244140625,46.951175689697266,8.433420181274414,101.62999725341797,83.98090362548828
2024-09-11,10.75,20000.0,70.61000061035156,48.3143310546875,8.697232246398926,101.68000030517578,83.98200225830078
2024-09-12,10.619999885559082,7200.0,71.97000122070312,49.11027145385742,8.824881553649902,101.37000274658203,83.99259948730469
2024-09-13,10.270000457763672,18900.0,71.61000061035156,49.759429931640625,8.944022178649902,101.11000061035156,83.93479919433594
2024-09-16,10.369999885559082,3800.0,72.75,50.37095260620117,9.012102127075195,100.76000213623047,83.88480377197266
2024-09-17,10.350000381469727,7800.0,73.69999694824219,50.28628158569336,9.003592491149902,100.88999938964844,83.88400268554688
2024-09-18,10.680000305175781,29200.0,73.6500015258789,49.90995407104492,8.961042404174805,100.5999984741211,83.77059936523438
2024-09-19,10.569999694824219,24200.0,74.87999725341797,51.92329025268555,9.15677261352539,100.61000061035156,83.69170379638672
2024-09-20,10.399999618530273,2900.0,74.48999786376953,50.60615921020508,8.850411415100098,100.72000122070312,83.61470031738281
2024-09-23,10.619999885559082,24000.0,73.9000015258789,51.35880661010742,8.850411415100098,100.91999816894531,83.48709869384766
2024-09-24,10.739999771118164,30100.0,75.16999816894531,53.95543670654297,9.420583724975586,100.37000274658203,83.55960083007812
2024-09-25,10.649999618530273,28400.0,73.45999908447266,54.31294631958008,9.497172355651855,100.91999816894531,83.56759643554688
2024-09-26,10.720000267028809,41800.0,71.5999984741211,57.30472183227539,10.041814804077148,100.55999755859375,83.62409973144531
2024-09-27,10.449999809265137,27000.0,71.9800033569336,58.33961486816406,10.033303260803223,100.41999816894531,83.61710357666016
2024-09-30,10.739999771118164,48900.0,71.7699966430664,58.43369674682617,9.93969440460205,100.77999877929688,83.71640014648438
2024-10-01,10.1899995803833,252800.0,73.55999755859375,58.697120666503906,9.973732948303223,101.19000244140625,83.82730102539062
2024-10-02,10.079999923706055,34400.0,73.9000015258789,58.7347526550293,10.024792671203613,101.68000030517578,83.87210083007812
2024-10-03,10.350000381469727,60600.0,77.62000274658203,57.28590774536133,9.769492149353027,101.98999786376953,83.91960144042969
2024-10-04,10.260000228881836,14100.0,78.05000305175781,56.98484802246094,9.743963241577148,102.5199966430664,84.0093994140625
2024-10-07,10.220000267028809,16900.0,80.93000030517578,57.21064376831055,9.803533554077148,102.54000091552734,84.02780151367188
2024-10-08,9.789999961853027,51600.0,77.18000030517578,54.94329071044922,9.403562545776367,102.55000305175781,83.96410369873047
2024-10-09,9.329999923706055,107200.0,76.58000183105469,54.73631286621094,9.284421920776367,102.93000030517578,83.91459655761719
2024-10-10,9.539999961853027,147700.0,79.4000015258789,55.423099517822266,9.35250186920166,102.98999786376953,83.94219970703125
2024-10-11,9.40999984741211,16900.0,79.04000091552734,55.46073913574219,9.429092407226562,102.88999938964844,83.94599914550781
2024-10-14,9.039999961853027,25200.0,77.45999908447266,55.912322998046875,9.446112632751465,103.30000305175781,84.16829681396484
2024-10-15,8.520000457763672,57600.0,74.25,54.71749496459961,9.18230152130127,103.26000213623047,84.04850006103516
2024-10-16,8.100000381469727,80000.0,74.22000122070312,53.372135162353516,9.34399127960205,103.58999633789062,84.05619812011719
2024-10-17,8.420000076293945,254000.0,74.44999694824219,53.522666931152344,9.139751434326172,103.83000183105469,84.03929901123047
2024-10-18,8.220000267028809,20600.0,73.05999755859375,53.739051818847656,9.046142578125,103.48999786376953,84.05380249023438
2024-10-21,7.929999828338623,286600.0,74.29000091552734,52.98640441894531,8.995081901550293,104.01000213623047,84.0687026977539
2024-10-22,7.929999828338623,66400.0,76.04000091552734,53.2874641418457,9.03763198852539,104.08000183105469,84.07350158691406
2024-10-23,8.0600004196167,30200.0,74.95999908447266,52.43132781982422,8.85892105102539,104.43000030517578,84.08399963378906
2024-10-24,7.929999828338623,49100.0,74.37999725341797,52.83587646484375,8.927000999450684,104.05999755859375,84.06759643554688
2024-10-25,7.809999942779541,29800.0,76.05000305175781,53.09930419921875,9.258893013000488,104.26000213623047,84.08180236816406
2024-10-28,7.53000020980835,38200.0,71.41999816894531,53.739051818847656,9.369523048400879,104.31999969482422,84.10199737548828
2024-10-29,7.869999885559082,32400.0,71.12000274658203,53.75786590576172,9.267402648925781,104.27999877929688,84.10279846191406
2024-10-30,7.480000019073486,74900.0,72.55000305175781,53.08048629760742,9.199323654174805,103.98999786376953,84.08930206298828
2024-10-31,7.480000019073486,66600.0,73.16000366210938,52.17730712890625,9.105711936950684,103.9800033569336,84.08910369873047
2024-11-01,7.46999979019165,23400.0,73.0999984741211,52.6288948059082,9.020610809326172,104.27999877929688,84.09149932861328
2024-11-04,7.78000020980835,46000.0,75.08000183105469,52.79824447631836,9.173791885375977,103.88999938964844,84.13359832763672
2024-11-05,7.849999904632568,68200.0,75.52999877929688,53.32509994506836,9.199323654174805,103.41999816894531,84.15249633789062
2024-11-06,7.650000095367432,33800.0,74.91999816894531,52.6288948059082,9.190813064575195,105.08999633789062,84.11630249023438
2024-11-07,7.889999866485596,32600.0,75.62999725341797,54.331764221191406,9.539722442626953,104.51000213623047,84.2511978149414
2024-11-08,8.149999618530273,49700.0,73.87000274658203,51.92329025268555,9.012102127075195,105.0,84.306396484375
2024-11-11,8.460000038146973,97200.0,71.83000183105469,50.36154556274414,8.697232246398926,105.54000091552734,84.38289642333984
2024-11-12,8.300000190734863,132400.0,71.88999938964844,49.48659133911133,8.484482765197754,106.0199966430664,84.39649963378906
2024-11-13,8.489999771118164,25800.0,72.27999877929688,49.223167419433594,8.416401863098145,106.4800033569336,84.39530181884766
2024-11-14,8.449999809265137,44000.0,72.55999755859375,48.96915054321289,8.365342140197754,106.66999816894531,84.4229965209961
2024-11-15,8.5,38100.0,71.04000091552734,48.77157974243164,8.348321914672852,106.69000244140625,84.47380065917969
2024-11-18,7.989999771118164,149100.0,73.30000305175781,49.38310623168945,8.535540580749512,106.27999877929688,84.47750091552734
2024-11-19,7.800000190734863,102400.0,73.30999755859375,49.561859130859375,8.527031898498535,106.20999908447266,84.39849853515625
2024-11-20,7.664000034332275,28600.0,72.80999755859375,49.17612838745117,8.535540580749512,106.68000030517578,84.39759826660156
2024-11-21,7.5,77500.0,74.2300033569336,48.94092559814453,8.475971221923828,106.97000122070312,84.38310241699219
2024-11-22,7.230000019073486,359200.0,75.16999816894531,49.260799407958984,8.527031898498535,107.48999786376953,84.48829650878906
2024-11-25,7.451000213623047,72800.0,73.01000213623047,49.354881286621094,8.569581985473633,106.81999969482422,84.43599700927734
2024-11-26,7.409999847412109,31900.0,72.80999755859375,48.16004943847656,8.424910545349121,107.01000213623047,84.37750244140625
2024-11-27,6.800000190734863,428300.0,72.83000183105469,48.73394775390625,8.399380683898926,106.08000183105469,84.33910369873047
2024-11-29,6.650000095367432,205700.0,72.94000244140625,49.53363800048828,8.390870094299316,105.73999786376953,84.47160339355469
2024-12-02,6.349999904632568,214500.0,71.83000183105469,49.721797943115234,8.331300735473633,106.44999694824219,84.55699920654297
2024-12-03,6.349999904632568,192300.0,73.62000274658203,49.97581481933594,8.237691879272461,106.37000274658203,84.73709869384766
2024-12-04,6.440000057220459,195600.0,72.30999755859375,49.637123107910156,8.093021392822266,106.33999633789062,84.68309783935547
2024-12-05,6.619999885559082,120900.0,72.08999633789062,49.100860595703125,8.178119659423828,105.70999908447266,84.70700073242188
2024-12-06,6.489999771118164,58400.0,71.12000274658203,48.35762405395508,7.9653706550598145,105.97000122070312,84.68379974365234
2024-12-09,6.199999809265137,266200.0,72.13999938964844,50.56852340698242,8.38236141204834,106.1500015258789,84.66600036621094
2024-12-10,6.019999980926514,101500.0,72.19000244140625,50.23924255371094,8.407891273498535,106.4000015258789,84.84729766845703
2024-12-11,5.710000038146973,484200.0,73.5199966430664,50.3897705078125,8.365342140197754,106.70999908447266,84.8740005493164
2024-12-12,5.900000095367432,520800.0,73.41000366210938,49.34547424316406,8.134282112121582,106.95999908447266,84.85710144042969
2024-12-13,6.099999904632568,149400.0,74.48999786376953,48.611637115478516,7.953902721405029,107.0,84.83920288085938
2024-12-16,6.070000171661377,161500.0,73.91000366210938,48.08478546142578,7.816470146179199,106.86000061035156,84.802001953125
2024-12-17,5.849999904632568,211300.0,73.19000244140625,47.98129653930664,7.893775463104248,106.95999908447266,84.91729736328125
2024-12-18,6.059999942779541,89800.0,73.38999938964844,46.47600555419922,7.507247447967529,108.02999877929688,84.91539764404297
2024-12-19,6.010000228881836,56400.0,72.87999725341797,46.04322814941406,7.541605472564697,108.41000366210938,85.16549682617188
2024-12-20,6.21999979019165,103200.0,72.94000244140625,46.287841796875,7.644679069519043,107.62000274658203,85.27940368652344
2024-12-23,6.25,121800.0,72.62999725341797,46.48541259765625,7.679038047790527,108.04000091552734,84.94499969482422
2024-12-24,6.130000114440918,77300.0,73.58000183105469,46.494815826416016,7.679038047790527,108.26000213623047,85.0988998413086
2024-12-26,6.065000057220459,72900.0,73.26000213623047,46.42896270751953,7.696217060089111,108.12999725341797,85.41339874267578
2024-12-27,6.099999904632568,37000.0,74.16999816894531,46.29724884033203,7.661859035491943,108.0,85.26090240478516
2024-12-30,5.920000076293945,71700.0,74.38999938964844,45.8927001953125,7.610321044921875,108.12999725341797,85.38600158691406
2024-12-31,6.079999923706055,32600.0,74.63999938964844,45.93974304199219,7.618910789489746,108.48999786376953,85.7865982055664
2025-01-02,6.25,44200.0,75.93000030517578,46.29724884033203,7.627501010894775,109.38999938964844,85.78569793701172
2025-01-03,6.260000228881836,123000.0,76.51000213623047,45.92092514038086,7.412761688232422,108.94999694824219,85.80400085449219
2025-01-06,5.820000171661377,393300.0,76.30000305175781,45.61986541748047,7.404172420501709,108.26000213623047,85.75900268554688
2025-01-07,5.630000114440918,380100.0,77.05000305175781,45.328216552734375,7.352636337280273,108.54000091552734,85.68070220947266
2025-01-08,5.550000190734863,181500.0,76.16000366210938,45.83625411987305,7.301098823547363,109.08999633789062,85.80650329589844
2025-01-10,6.699999809265137,173700.0,79.76000213623047,45.66690444946289,7.301098823547363,109.6500015258789,85.91999816894531
2025-01-13,5.840000152587891,247900.0,81.01000213623047,46.38192367553711,7.309688568115234,109.95999908447266,86.18800354003906
2025-01-14,6.130000114440918,132700.0,79.91999816894531,46.6829833984375,7.404172420501709,109.2699966430664,86.65059661865234
2025-01-15,5.889999866485596,161000.0,82.02999877929688,46.86174011230469,7.524426460266113,109.08999633789062,86.535400390625
2025-01-16,5.730000019073486,102500.0,81.29000091552734,46.626529693603516,7.533016204833984,108.95999908447266,86.43099975585938
2025-01-17,5.71999979019165,99700.0,80.79000091552734,47.125160217285156,7.679038047790527,109.3499984741211,86.6061019897461
2025-01-21,5.610000133514404,329800.0,79.29000091552734,47.153385162353516,7.713396072387695,108.05999755859375,86.21109771728516
2025-01-22,5.28000020980835,727000.0,79.0,46.16553497314453,7.618910789489746,108.16999816894531,86.45189666748047
2025-01-23,5.139999866485596,420600.0,78.29000091552734,46.5418586730957,7.6360907554626465,108.05000305175781,86.47270202636719
2025-01-24,5.139999866485596,659200.0,78.5,46.918182373046875,7.713396072387695,107.44000244140625,86.44020080566406
2025-01-27,5.320000171661377,351400.0,77.08000183105469,46.946407318115234,7.868008136749268,107.33999633789062,86.2030029296875
2025-01-28,5.28000020980835,354300.0,77.48999786376953,45.82684326171875,7.756343364715576,107.87000274658203,86.46839904785156
2025-01-29,5.320000171661377,421400.0,76.58000183105469,45.9021110534668,7.790700912475586,108.0,86.58460235595703
2025-01-30,5.489999771118164,490800.0,76.87000274658203,46.8052864074707,8.065567016601562,107.80000305175781,86.6406021118164
2025-01-31,5.769999980926514,388200.0,76.76000213623047,46.24079895019531,7.979671478271484,108.37000274658203,86.64700317382812
2025-02-03,5.46999979019165,265500.0,75.95999908447266,45.9021110534668,8.03979778289795,108.98999786376953,86.55400085449219
2025-02-04,5.869999885559082,210300.0,76.19999694824219,46.88055419921875,8.099924087524414,107.95999908447266,86.94339752197266
2025-02-05,5.989999771118164,177900.0,74.61000061035156,47.087528228759766,8.04838752746582,107.58000183105469,87.13009643554688
2025-02-06,5.800000190734863,198300.0,74.29000091552734,47.68964767456055,8.254536628723145,107.69000244140625,87.33409881591797
2025-02-07,5.860000133514404,103200.0,74.66000366210938,47.36977005004883,8.134282112121582,108.04000091552734,87.58830261230469
2025-02-10,5.78000020980835,131500.0,75.87000274658203,47.811954498291016,8.211588859558105,108.31999969482422,87.51309967041016
2025-02-11,5.679999828338623,194000.0,77.0,47.2286491394043,8.220178604125977,107.95999908447266,87.49009704589844
2025-02-12,5.510000228881836,359700.0,75.18000030517578,47.66142654418945,8.211588859558105,107.94000244140625,86.81120300292969
2025-02-13,5.5,237100.0,75.0199966430664,48.76217269897461,8.220178604125977,107.30999755859375,86.8740005493164
2025-02-14,5.639999866485596,174000.0,74.73999786376953,48.498741149902344,8.383378982543945,106.56999969482422,86.75409698486328
2025-02-18,6.079999923706055,434800.0,75.83999633789062,48.86566162109375,8.426326751708984,107.05000305175781,86.85479736328125
2025-02-19,5.989999771118164,313700.0,76.04000091552734,48.05656433105469,8.36620044708252,107.16999816894531,86.88719940185547
2025-02-20,6.449999809265137,504900.0,76.4800033569336,49.025596618652344,8.71837043762207,106.33999633789062,86.872802734375
2025-02-21,6.320000171661377,229100.0,74.43000030517578,48.3952522277832,8.684012413024902,106.61000061035156,86.45120239257812
2025-02-24,6.090000152587891,304100.0,74.77999877929688,48.065975189208984,8.563759803771973,106.5999984741211,86.52940368652344
2025-02-25,6.260000228881836,166700.0,73.0199966430664,47.69905471801758,8.49504280090332,106.30999755859375,86.69010162353516
2025-02-26,6.400000095367432,332500.0,72.52999877929688,47.247467041015625,8.383378982543945,106.41999816894531,87.0811996459961
2025-02-27,6.170000076293945,117300.0,74.04000091552734,46.43836975097656,8.27171516418457,107.23999786376953,87.16220092773438
2025-02-28,6.400000095367432,110000.0,73.18000030517578,45.61045837402344,8.099924087524414,107.61000061035156,87.3270034790039
2025-03-03,6.150000095367432,118100.0,71.62000274658203,45.94914627075195,8.065567016601562,106.75,87.46399688720703
2025-03-04,6.0,168600.0,71.04000091552734,46.30665969848633,8.03979778289795,105.73999786376953,87.32959747314453
2025-03-05,6.289999961853027,340500.0,69.30000305175781,47.70846176147461,8.331842422485352,105.73999786376953,87.21700286865234
2025-03-06,6.5,172400.0,69.45999908447266,47.68964767456055,8.400558471679688,104.05999755859375,86.88929748535156
2025-03-07,6.570000171661377,148800.0,70.36000061035156,48.14072799682617,8.503632545471191,103.83999633789062,87.12879943847656
2025-03-10,6.550000190734863,282000.0,69.27999877929688,47.61286926269531,8.24746036529541,103.91000366210938,87.07379913330078
2025-03-11,6.679999828338623,194300.0,69.55999755859375,47.776023864746094,8.390275001525879,103.44000244140625,87.3551025390625
2025-03-12,7.139999866485596,435700.0,70.94999694824219,46.41318893432617,8.274238586425781,103.61000061035156,87.20010375976562
2025-03-13,6.849999904632568,178300.0,69.87999725341797,46.69151306152344,8.408125877380371,103.83000183105469,87.3405990600586
2025-03-14,6.949999809265137,117300.0,70.58000183105469,47.45930862426758,8.756234169006348,103.72000122070312,86.9220962524414
2025-03-17,6.860000133514404,200900.0,71.06999969482422,48.53422164916992,8.997230529785156,103.37000274658203,86.93900299072266
2025-03-18,6.730000019073486,385300.0,70.55999755859375,48.505428314208984,9.0864896774292,103.23999786376953,86.91639709472656
2025-03-19,6.5,158600.0,70.77999877929688,48.04475402832031,9.095415115356445,103.43000030517578,86.57610321044922
2025-03-20,6.775000095367432,111000.0,72.0,47.324947357177734,9.050786018371582,103.8499984741211,86.33709716796875
2025-03-21,6.909999847412109,125300.0,72.16000366210938,47.17138671875,8.988304138183594,104.08999633789062,86.33609771728516
2025-03-24,6.75,91000.0,73.0,47.31534957885742,8.872268676757812,104.26000213623047,85.98699951171875
2025-03-25,6.510000228881836,156500.0,73.0199966430664,47.65126037597656,9.006155967712402,104.18000030517578,85.53209686279297
2025-03-26,6.400000095367432,112400.0,73.79000091552734,47.814414978027344,9.04185962677002,104.55000305175781,85.59040069580078
2025-03-27,6.349999904632568,73900.0,74.02999877929688,47.63206481933594,9.077563285827637,104.06999969482422,86.09539794921875
2025-03-28,6.360000133514404,158100.0,73.62999725341797,46.95064163208008,8.961526870727539,104.04000091552734,85.69490051269531
2025-03-31,6.25,107000.0,74.73999786376953,46.585941314697266,8.90797233581543,104.20999908447266,85.53880310058594
2025-04-01,6.5,69300.0,74.48999786376953,46.816280364990234,9.015082359313965,104.26000213623047,85.46810150146484
2025-04-02,6.369999885559082,66900.0,74.94999694824219,45.9525146484375,9.006155967712402,103.80999755859375,85.61009979248047
2025-04-03,6.019999980926514,419500.0,70.13999938964844,44.60887145996094,8.684825897216797,102.06999969482422,85.65119934082031
2025-04-04,5.619999885559082,611800.0,65.58000183105469,40.37640380859375,8.104647636413574,103.0199966430664,85.28289794921875
2025-04-07,5.380000114440918,592500.0,64.20999908447266,40.616336822509766,7.8815016746521,103.26000213623047,85.529296875
2025-04-08,5.360000133514404,245500.0,62.81999969482422,38.60087966918945,7.372730731964111,102.95999908447266,86.0270004272461
2025-04-09,5.329999923706055,435900.0,65.4800033569336,42.56461715698242,7.908278942108154,102.9000015258789,86.435302734375
2025-04-10,5.599999904632568,284600.0,63.33000183105469,41.73923873901367,7.9439826011657715,100.87000274658203,86.20929718017578
2025-04-11,5.630000114440918,83200.0,64.76000213623047,43.42838668823242,8.229608535766602,99.77999877929688,86.2603988647461
2025-04-14,5.75,220800.0,64.87999725341797,44.42652130126953,8.274238586425781,99.63999938964844,86.19300079345703
2025-04-15,5.690000057220459,57700.0,64.66999816894531,44.38813018798828,8.149277687072754,100.22000122070312,86.0447998046875
2025-04-16,5.71999979019165,182100.0,65.8499984741211,43.7930908203125,8.033242225646973,99.37999725341797,85.72669982910156
2025-04-17,5.739999771118164,36700.0,67.95999908447266,44.61846923828125,8.131425857543945,99.37999725341797,85.62049865722656
2025-04-21,5.730000019073486,76000.0,66.26000213623047,45.00236511230469,8.140351295471191,98.27999877929688,85.62049865722656
2025-04-22,5.599999904632568,78600.0,67.44000244140625,45.731773376464844,8.425976753234863,98.91999816894531,85.15889739990234
2025-04-23,5.880000114440918,174800.0,66.12000274658203,46.4323844909668,8.524161338806152,99.83999633789062,85.2323989868164
2025-04-24,5.829999923706055,43100.0,66.55000305175781,47.324947357177734,8.702678680419922,99.29000091552734,85.4999008178711
2025-04-25,5.920000076293945,116000.0,66.87000274658203,46.26922607421875,8.479533195495605,99.47000122070312,85.2573013305664
2025-04-28,5.78000020980835,73600.0,65.86000061035156,46.47077178955078,8.568791389465332,99.01000213623047,85.38490295410156
2025-04-29,5.570000171661377,87600.0,64.25,46.643524169921875,8.568791389465332,99.23999786376953,85.1603012084961
2025-04-30,5.764999866485596,35000.0,63.119998931884766,45.63579559326172,8.309942245483398,99.47000122070312,85.1707992553711
2025-05-01,5.949999809265137,67300.0,62.130001068115234,45.78935623168945,8.24746036529541,100.25,84.53119659423828
2025-05-02,5.840000152587891,107100.0,61.290000915527344,46.8642692565918,8.363496780395508,100.0,84.69670104980469
2025-05-05,5.914000034332275,25900.0,60.22999954223633,46.6627197265625,8.309942245483398,99.83000183105469,84.52629852294922
2025-05-06,5.619999885559082,66000.0,62.150001525878906,46.8642692565918,8.309942245483398,99.23999786376953,84.2208023071289
2025-05-07,5.619999885559082,20100.0,61.119998931884766,46.422786712646484,8.229608535766602,99.61000061035156,84.79319763183594
2025-05-08,5.420000076293945,250500.0,62.84000015258789,46.2308349609375,8.301015853881836,100.63999938964844,84.81719970703125
2025-05-09,5.429999828338623,137000.0,63.90999984741211,46.71070861816406,8.354571342468262,100.33999633789062,86.08219909667969
2025-05-12,5.539999961853027,237900.0,64.95999908447266,47.89119338989258,8.568791389465332,101.79000091552734,85.4083023071289
2025-05-13,5.300000190734863,414300.0,66.62999725341797,48.76456069946289,8.818714141845703,101.0,84.9656982421875
2025-05-14,5.460000038146973,126400.0,66.08999633789062,48.275089263916016,8.738382339477539,101.04000091552734,85.060302734375
2025-05-15,5.550000190734863,107700.0,64.52999877929688,48.49583053588867,8.756234169006348,100.87999725341797,85.48760223388672
2025-05-16,5.504000186920166,86900.0,65.41000366210938,48.47663497924805,8.747307777404785,101.08999633789062,85.44490051269531
2025-05-19,5.309999942779541,286600.0,65.54000091552734,48.32307815551758,8.77408504486084,100.43000030517578,85.50029754638672
2025-05-20,5.360000133514404,31200.0,65.37999725341797,47.718441009521484,8.729455947875977,100.12000274658203,85.37210083007812
2025-05-21,5.340000152587891,96100.0,64.91000366210938,47.353736877441406,8.613419532775879,99.55999755859375,85.53610229492188
2025-05-22,5.210000038146973,145800.0,64.44000244140625,47.17138671875,8.550939559936523,99.95999908447266,85.60030364990234
2025-05-23,5.150000095367432,112100.0,64.77999877929688,47.881595611572266,8.568791389465332,99.11000061035156,85.97489929199219
2025-05-27,5.150000095367432,217800.0,64.08999633789062,47.79521560668945,8.515236854553223,99.5199966430664,85.158203125
2025-05-28,5.166999816894531,79400.0,64.9000015258789,47.21937561035156,8.363496780395508,99.87999725341797,85.3604965209961
2025-05-29,5.190000057220459,170700.0,64.1500015258789,47.286556243896484,8.425976753234863,99.27999877929688,85.38590240478516
2025-05-30,5.190000057220459,53500.0,63.900001525878906,47.01782989501953,8.149277687072754,99.33000183105469,85.36129760742188
2025-06-02,5.099999904632568,45500.0,64.62999725341797,47.44011688232422,8.274238586425781,98.69999694824219,85.52429962158203
2025-06-03,5.199999809265137,92800.0,65.62999725341797,46.643524169921875,8.309942245483398,99.25,85.36370086669922
2025-06-04,5.420000076293945,100000.0,64.86000061035156,47.12339782714844,8.345645904541016,98.79000091552734,85.70880126953125
2025-06-05,5.489999771118164,100600.0,65.33999633789062,47.82401657104492,8.479533195495605,98.73999786376953,85.9041976928711
2025-06-06,5.409999847412109,167100.0,66.47000122070312,47.584075927734375,8.470606803894043,99.19000244140625,85.87750244140625
2025-06-09,5.372000217437744,34500.0,67.04000091552734,48.1599235534668,8.550939559936523,98.94000244140625,85.7853012084961
2025-06-10,5.519999980926514,200100.0,66.87000274658203,48.83174514770508,8.622344970703125,99.05000305175781,85.75599670410156
2025-06-11,5.650000095367432,149100.0,69.7699966430664,48.57261276245117,8.577716827392578,98.62999725341797,85.65280151367188
2025-06-12,5.730000019073486,57400.0,69.36000061035156,47.8048210144043,8.515236854553223,97.91999816894531,85.46980285644531
2025-06-13,5.869999885559082,225300.0,74.2300033569336,46.595542907714844,8.443829536437988,98.18000030517578,85.68840026855469
2025-06-16,5.679999828338623,266200.0,73.2300033569336,46.931453704833984,8.765159606933594,98.0,86.24919891357422
2025-06-17,5.630000114440918,108200.0,76.44999694824219,45.856536865234375,8.345645904541016,98.81999969482422,86.10420227050781
2025-06-18,5.619999885559082,45300.0,76.69999694824219,45.702980041503906,8.301015853881836,98.91000366210938,86.36270141601562
2025-06-20,5.730000019073486,80700.0,77.01000213623047,44.28255844116211,8.086796760559082,98.70999908447266,86.58380126953125
2025-06-23,5.78000020980835,181900.0,71.4800033569336,44.94478225708008,8.193907737731934,98.41999816894531,86.5802993774414
2025-06-24,5.735000133514404,97100.0,67.13999938964844,45.38626480102539,8.220684051513672,97.86000061035156,86.23300170898438
2025-06-25,5.800000190734863,104100.0,67.68000030517578,44.85840606689453,8.086796760559082,97.68000030517578,85.90480041503906
2025-06-26,5.659999847412109,42900.0,67.7300033569336,46.39399719238281,8.45275592803955,97.1500015258789,86.006103515625
2025-06-27,5.584000110626221,97300.0,67.7699966430664,46.6627197265625,8.69375228881836,97.4000015258789,85.66639709472656
2025-06-30,5.550000190734863,138900.0,67.61000061035156,46.154056549072266,8.666975021362305,96.87999725341797,85.4552993774414
2025-07-01,5.630000114440918,137800.0,67.11000061035156,46.71070861816406,8.765159606933594,96.81999969482422,85.71399688720703
2025-07-02,5.769999980926514,166200.0,69.11000061035156,48.68777847290039,9.175745964050293,96.77999877929688,85.6427993774414
2025-07-03,5.929999828338623,96700.0,68.80000305175781,48.48623275756836,9.1221923828125,97.18000030517578,85.69409942626953
2025-07-07,6.070000171661377,245000.0,69.58000183105469,47.40172576904297,8.872268676757812,97.4800033569336,85.49629974365234
2025-07-08,6.179999828338623,187200.0,70.1500015258789,47.37293243408203,8.916897773742676,97.51000213623047,85.89199829101562
2025-07-09,6.25,70300.0,70.19000244140625,47.61286926269531,8.800862312316895,97.47000122070312,85.7073974609375
2025-07-10,6.659999847412109,2067500.0,68.63999938964844,49.436378479003906,8.890120506286621,97.6500015258789,85.70850372314453
2025-07-11,7.090000152587891,1083700.0,70.36000061035156,49.983436584472656,9.050786018371582,97.8499984741211,85.73480224609375
2025-07-14,7.260000228881836,203800.0,69.20999908447266,49.82987594604492,8.836565017700195,98.08000183105469,85.82129669189453
2025-07-15,6.78000020980835,270300.0,68.70999908447266,48.3422737121582,8.649123191833496,98.62000274658203,85.96839904785156
2025-07-16,7.25,370300.0,68.5199966430664,49.110069274902344,8.729455947875977,98.38999938964844,85.99310302734375
2025-07-17,7.610000133514404,418800.0,69.5199966430664,49.609130859375,8.756234169006348,98.7300033569336,85.88520050048828
2025-07-18,7.400000095367432,602300.0,69.27999877929688,49.75309753417969,8.72053050994873,98.4800033569336,86.04650115966797
2025-07-21,7.349999904632568,355000.0,69.20999908447266,51.039154052734375,9.04185962677002,97.8499984741211,86.14859771728516
2025-07-22,7.670000076293945,655500.0,68.58999633789062,52.84347152709961,9.25607967376709,97.38999938964844,86.19529724121094
2025-07-23,7.519999980926514,264900.0,68.51000213623047,53.08340835571289,9.282856941223145,97.20999908447266,86.3427963256836
2025-07-24,7.420000076293945,129500.0,69.18000030517578,51.902923583984375,9.131117820739746,97.37999725341797,86.39869689941406
2025-07-25,7.150000095367432,135100.0,68.44000244140625,51.01036071777344,8.925824165344238,97.6500015258789,86.4302978515625
2025-07-28,7.245999813079834,34500.0,70.04000091552734,50.17538070678711,8.783010482788086,98.66000366210938,86.506103515625
2025-07-29,6.940000057220459,160200.0,72.51000213623047,50.588069915771484,8.82763957977295,98.91000366210938,86.77760314941406
2025-07-30,7.019999980926514,73700.0,73.23999786376953,48.61100387573242,8.59556770324707,99.94000244140625,87.06320190429688
2025-07-31,7.400000095367432,85200.0,72.52999877929688,48.63019561767578,8.50631046295166,100.02999877929688,87.714599609375
2025-08-01,7.460000038146973,148500.0,69.66999816894531,48.68777847290039,8.666975021362305,98.69000244140625,87.4894027709961
2025-08-04,7.309999942779541,54500.0,68.76000213623047,49.551551818847656,8.791936874389648,98.77999877929688,87.24530029296875
2025-08-05,7.769999980926514,215900.0,67.63999938964844,49.071678161621094,8.809788703918457,98.77999877929688,87.89330291748047
2025-08-06,7.730000019073486,98200.0,66.88999938964844,49.46517562866211,8.791936874389648,98.18000030517578,87.72309875488281
2025-08-07,7.75,133400.0,66.43000030517578,50.01222610473633,8.916897773742676,98.4000015258789,87.76249694824219
2025-08-08,7.800000190734863,81200.0,66.58999633789062,50.73203659057617,9.1221923828125,98.18000030517578,87.43319702148438
2025-08-11,7.900000095367432,108500.0,66.62999725341797,51.16392135620117,9.104340553283691,98.5199966430664,87.48829650878906
2025-08-12,8.020000457763672,106800.0,66.12000274658203,51.864532470703125,9.282856941223145,98.0999984741211,87.66449737548828
2025-08-13,8.166999816894531,489200.0,65.62999725341797,52.52675247192383,9.307787895202637,97.83999633789062,87.59559631347656
2025-08-14,8.130000114440918,334400.0,66.83999633789062,51.65338897705078,9.150811195373535,98.25,87.44999694824219
2025-08-15,8.020000457763672,174700.0,65.8499984741211,51.9701042175293,9.160045623779297,97.8499984741211,87.69180297851562
2025-08-18,8.079999923706055,214100.0,66.5999984741211,51.27908706665039,9.058473587036133,98.16999816894531,87.51280212402344
2025-08-19,7.7729997634887695,350500.0,65.79000091552734,51.5382194519043,8.966133117675781,98.2699966430664,87.29509735107422
2025-08-20,8.039999961853027,72400.0,66.83999633789062,51.432647705078125,8.975367546081543,98.22000122070312,87.0791015625
2025-08-21,8.15999984741211,234700.0,67.66999816894531,52.30601119995117,9.058473587036133,98.62000274658203,87.01820373535156
2025-08-22,8.40999984741211,159300.0,67.7300033569336,53.6976432800293,9.34472370147705,97.72000122070312,87.29340362548828
2025-08-25,8.5,126300.0,68.80000305175781,53.52488708496094,9.390893936157227,98.43000030517578,87.3301010131836
2025-08-26,8.600000381469727,115100.0,67.22000122070312,53.40971755981445,9.437064170837402,98.2300033569336,87.60859680175781
2025-08-27,8.300000190734863,87000.0,68.05000305175781,53.6208610534668,9.464764595031738,98.2300033569336,87.60070037841797
2025-08-28,8.350000381469727,92200.0,68.62000274658203,53.86079788208008,9.464764595031738,97.80999755859375,87.65910339355469
2025-08-29,8.369999885559082,687800.0,68.12000274658203,53.52488708496094,9.49246597290039,97.7699966430664,87.5916976928711
2025-09-02,8.020000457763672,1075800.0,69.13999938964844,53.42890930175781,9.390893936157227,98.4000015258789,88.00140380859375
2025-09-03,8.140000343322754,839900.0,67.5999984741211,53.640052795410156,9.42782974243164,98.13999938964844,87.99829864501953
2025-09-04,8.062999725341797,523800.0,66.98999786376953,53.313743591308594,9.4739990234375,98.3499984741211,88.072998046875
2025-09-05,8.039999961853027,74400.0,65.5,52.200439453125,9.603273391723633,97.7699966430664,88.19290161132812
2025-09-08,8.149999618530273,294200.0,66.0199966430664,52.018089294433594,9.649442672729492,97.44999694824219,88.1863021850586
2025-09-09,8.390000343322754,285800.0,66.38999938964844,51.01036071777344,9.557104110717773,97.79000091552734,87.98049926757812
2025-09-10,8.220000267028809,187900.0,67.48999786376953,51.1063346862793,9.695612907409668,97.77999877929688,88.21829986572266
2025-09-11,8.114999771118164,119300.0,66.37000274658203,52.02768325805664,9.815653800964355,97.54000091552734,88.05339813232422
2025-09-12,8.100000381469727,1149300.0,66.98999786376953,51.8933219909668,9.85258960723877,97.55000305175781,88.2676010131836
2025-09-15,8.210000038146973,192600.0,67.44000244140625,52.593936920166016,10.000332832336426,97.30000305175781,88.27729797363281
2025-09-16,8.039999961853027,109300.0,68.47000122070312,51.93171691894531,10.074203491210938,96.62999725341797,88.12349700927734
2025-09-17,8.140000343322754,70500.0,67.94999694824219,51.02955627441406,10.046501159667969,96.87000274658203,87.88459777832031
2025-09-18,8.199999809265137,106700.0,67.44000244140625,50.07940673828125,10.009565353393555,97.3499984741211,87.91069793701172
2025-09-19,8.15999984741211,60300.0,66.68000030517578,50.041019439697266,10.028033256530762,97.63999938964844,88.20690155029297
2025-09-22,8.0600004196167,70100.0,66.56999969482422,51.01036071777344,10.028033256530762,97.33000183105469,88.09919738769531
2025-09-23,8.25,227500.0,67.62999725341797,51.14472579956055,10.111139297485352,97.26000213623047,88.30439758300781
2025-09-24,8.380000114440918,241900.0,69.30999755859375,51.34627151489258,10.000332832336426,97.87000274658203,88.80799865722656
2025-09-25,8.199999809265137,62800.0,69.41999816894531,53.4481086730957,10.05573558807373,98.55000305175781,88.77860260009766
2025-09-26,8.050000190734863,75100.0,70.12999725341797,52.536354064941406,9.880290985107422,98.1500015258789,88.77310180664062
2025-09-29,7.769999980926514,275700.0,67.97000122070312,53.9567756652832,9.926461219787598,97.91000366210938,88.67680358886719
2025-09-30,7.510000228881836,249400.0,67.0199966430664,53.50569152832031,10.028033256530762,97.7699966430664,88.70449829101562
2025-10-01,7.579999923706055,163200.0,65.3499984741211,53.50569152832031,10.138840675354004,97.70999908447266,88.8406982421875
2025-10-02,7.78000020980835,53200.0,64.11000061035156,53.2657585144043,10.175777435302734,97.8499984741211,88.68299865722656
2025-10-03,7.71999979019165,45300.0,64.52999877929688,53.23696517944336,10.166543006896973,97.72000122070312,88.72019958496094
2025-10-06,7.866000175476074,45300.0,65.47000122070312,53.716835021972656,10.425091743469238,98.11000061035156,88.73509979248047
2025-10-07,8.0,40500.0,65.44999694824219,52.97783660888672,10.194243431091309,98.58000183105469,88.72109985351562
2025-10-08,7.599999904632568,83100.0,66.25,53.80321502685547,10.249648094177246,98.8499984741211,88.74259948730469
2025-10-09,7.699999809265137,71900.0,65.22000122070312,53.784019470214844,10.18501091003418,99.54000091552734,88.7771987915039
2025-10-10,8.180000305175781,354300.0,62.72999954223633,51.4614372253418,9.926461219787598,98.9800033569336,88.86540222167969
2025-10-13,8.640000343322754,303100.0,63.31999969482422,53.46730422973633,10.166543006896973,99.2699966430664,88.7573013305664
2025-10-14,8.199999809265137,83800.0,62.38999938964844,54.148719787597656,10.129607200622559,99.05000305175781,88.66510009765625
2025-10-15,8.520000457763672,46000.0,61.90999984741211,54.4078483581543,10.314285278320312,98.79000091552734,88.78250122070312
2025-10-16,8.329999923706055,37700.0,61.060001373291016,54.01435470581055,10.258881568908691,98.38999938964844,87.80950164794922
2025-10-17,8.15999984741211,25800.0,61.290000915527344,53.352134704589844,10.249648094177246,98.43000030517578,87.9906997680664
2025-10-20,8.239999771118164,14700.0,61.0099983215332,54.51342010498047,10.526664733886719,98.58999633789062,88.0022964477539
2025-10-21,8.380000114440918,55400.0,61.31999969482422,53.716835021972656,10.406624794006348,98.93000030517578,87.87999725341797
2025-10-22,8.229999542236328,44500.0,62.59000015258789,53.54408645629883,10.637473106384277,98.9000015258789,88.00160217285156
2025-10-23,7.820000171661377,69400.0,65.98999786376953,53.064212799072266,10.58206844329834,98.94000244140625,87.74030303955078
2025-10-24,7.849999904632568,17300.0,65.94000244140625,53.380924224853516,10.53589916229248,98.94999694824219,87.77899932861328
2025-10-27,7.96999979019165,38400.0,65.62000274658203,54.11033248901367,10.58206844329834,98.77999877929688,87.8290023803711
2025-10-28,7.953000068664551,15300.0,64.4000015258789,54.83013916015625,10.729811668395996,98.69000244140625,88.22209930419922
2025-10-29,8.199999809265137,29700.0,64.91999816894531,55.62672424316406,10.923724174499512,99.22000122070312,88.22550201416016
2025-10-30,8.25,56900.0,65.0,54.93571090698242,10.979126930236816,99.52999877929688,88.34559631347656
2025-10-31,8.100000381469727,16300.0,65.06999969482422,54.753360748291016,11.16380500793457,99.80000305175781,88.6344985961914
2025-11-03,7.920000076293945,43700.0,64.88999938964844,53.889591217041016,11.265378952026367,99.87000274658203,88.77539825439453
2025-11-04,8.180000305175781,107200.0,64.44000244140625,52.24842834472656,11.025296211242676,100.22000122070312,88.72339630126953
2025-11-05,8.300000190734863,49400.0,63.52000045776367,53.275352478027344,11.366951942443848,100.19999694824219,88.73200225830078
2025-11-06,8.5,79600.0,63.380001068115234,53.37133026123047,11.29308032989502,99.7300033569336,88.55690002441406
2025-11-07,8.350000381469727,40100.0,63.630001068115234,52.93944549560547,11.219208717346191,99.5999984741211,88.6729965209961
2025-11-10,8.369999885559082,12200.0,64.05999755859375,53.611263275146484,11.357717514038086,99.62000274658203,88.65799713134766
2025-11-11,8.420000076293945,23000.0,65.16000366210938,53.52488708496094,11.3946533203125,99.45999908447266,88.70709991455078
2025-11-12,8.479999542236328,27200.0,62.709999084472656,54.0527458190918,11.523927688598633,99.4800033569336,88.46649932861328
2025-11-13,8.699999809265137,60300.0,63.0099983215332,53.6976432800293,11.431589126586914,99.18000030517578,88.59400177001953
2025-11-14,8.600000381469727,23300.0,64.38999938964844,53.00662612915039,11.357717514038086,99.2699966430664,88.81610107421875
2025-11-17,8.800000190734863,110900.0,64.19999694824219,52.392391204833984,11.237676620483398,99.58999633789062,88.68199920654297
2025-11-18,8.989999771118164,84400.0,64.88999938964844,51.54781723022461,11.237676620483398,99.55000305175781,88.63590240478516
2025-11-19,8.899999618530273,41300.0,63.5099983215332,51.31747817993164,11.191507339477539,100.2300033569336,88.55680084228516
2025-11-20,8.920000076293945,52300.0,63.380001068115234,50.46330642700195,11.006829261779785,100.16000366210938,88.48719787597656
2025-11-21,8.949999809265137,34600.0,62.560001373291016,50.943180084228516,11.16380500793457,100.18000030517578,88.69219970703125
2025-11-24,9.1899995803833,47300.0,63.369998931884766,50.799217224121094,11.16380500793457,100.13999938964844,89.63400268554688
2025-11-25,9.229999542236328,61800.0,62.47999954223633,51.51902389526367,11.256144523620605,99.66000366210938,89.14779663085938
2025-11-26,9.199999809265137,74300.0,63.130001068115234,52.670719146728516,11.551630020141602,99.5999984741211,89.15059661865234
2025-11-28,8.770000457763672,155100.0,63.20000076293945,52.52675247192383,11.643969535827637,99.45999908447266,89.36479949951172
2025-12-01,9.34000015258789,199700.0,63.16999816894531,52.949039459228516,11.717840194702148,99.41000366210938,89.3499984741211
2025-12-02,9.25,124500.0,62.45000076293945,54.0047607421875,11.902519226074219,99.36000061035156,89.61270141601562
2025-12-03,9.300000190734863,78800.0,62.66999816894531,55.58833312988281,12.281109809875488,98.8499984741211,89.91719818115234
2025-12-04,9.270000457763672,29900.0,63.2599983215332,56.5960693359375,12.521191596984863,98.98999786376953,90.17050170898438
2025-12-05,9.0,67300.0,63.75,56.48089599609375,11.911751747131348,98.98999786376953,89.8364028930664
2025-12-08,9.25,46600.0,62.4900016784668,55.99142837524414,11.828648567199707,99.08999633789062,89.93800354003906
2025-12-09,8.829999923706055,144500.0,61.939998626708984,56.63445281982422,11.819414138793945,99.22000122070312,90.12999725341797
2025-12-10,9.012999534606934,106400.0,62.209999084472656,58.093265533447266,11.994857788085938,98.79000091552734,89.91690063476562
2025-12-11,8.84000015258789,87500.0,61.279998779296875,58.46756362915039,12.271875381469727,98.3499984741211,89.79299926757812
2025-12-12,8.680000305175781,70400.0,61.119998931884766,57.23909378051758,12.33798885345459,98.4000015258789,90.25299835205078
2025-12-15,8.920000076293945,43600.0,60.560001373291016,56.80720901489258,12.415770530700684,98.1500015258789,90.5770034790039
2025-12-16,8.770000457763672,16000.0,58.91999816894531,56.260154724121094,12.367156982421875,98.1500015258789,90.77690124511719
2025-12-17,8.420000076293945,129300.0,59.68000030517578,56.672847747802734,12.43521499633789,98.37000274658203,90.94889831542969
2025-12-18,8.656000137329102,25200.0,59.81999969482422,56.88399124145508,12.415770530700684,98.43000030517578,90.4136962890625
2025-12-19,8.699999809265137,18000.0,60.470001220703125,56.931976318359375,12.367156982421875,98.5999984741211,90.25579833984375
2025-12-22,8.880000114440918,96300.0,62.06999969482422,58.323604583740234,12.785228729248047,98.29000091552734,89.56999969482422
2025-12-23,8.739999771118164,14000.0,62.380001068115234,58.62112808227539,12.843564987182617,97.94000244140625,89.60389709472656
2025-12-24,8.770000457763672,19100.0,62.2400016784668,58.419578552246094,12.785228729248047,97.9800033569336,89.50789642333984
2025-12-26,8.75,33100.0,60.63999938964844,59.39851760864258,12.863009452819824,98.0199966430664,90.10590362548828
2025-12-29,8.739999771118164,9700.0,61.939998626708984,57.958900451660156,12.561609268188477,98.04000091552734,89.82929992675781
2025-12-30,8.680000305175781,12100.0,61.91999816894531,58.46756362915039,12.736616134643555,98.23999786376953,89.9000015258789
2025-12-31,8.770000457763672,77900.0,60.849998474121094,57.93970489501953,12.668557167053223,98.27999877929688,89.76940155029297
2026-01-02,8.460000038146973,30700.0,60.75,59.273746490478516,12.892178535461426,98.41999816894531,89.96189880371094
2026-01-05,8.720000267028809,22400.0,61.7599983215332,60.59819793701172,13.183856964111328,98.2699966430664,90.00700378417969
2026-01-06,8.8100004196167,21500.0,60.70000076293945,62.19137191772461,13.776935577392578,98.58000183105469,90.23300170898438
2026-01-07,8.789999961853027,18600.0,59.959999084472656,61.28921127319336,13.864439010620117,98.68000030517578,90.16609954833984
2026-01-08,9.140000343322754,19200.0,61.9900016784668,60.41584777832031,13.679708480834961,98.93000030517578,89.8644027709961
2026-01-09,8.850000381469727,18400.0,63.34000015258789,59.2353630065918,13.582483291625977,99.12999725341797,89.90540313720703
2026-01-12,8.729999542236328,39600.0,63.869998931884766,60.271881103515625,13.514424324035645,98.86000061035156,90.23600006103516
2026-01-13,8.720999717712402,8700.0,65.47000122070312,61.41398239135742,13.718599319458008,99.12999725341797,90.13269805908203
2026-01-14,9.039999961853027,42200.0,66.5199966430664,63.36225509643555,14.204730033874512,99.12999725341797,90.27300262451172
2026-01-15,9.479999542236328,63600.0,63.7599983215332,63.371856689453125,14.263065338134766,99.31999969482422,90.18319702148438
2026-01-16,9.800000190734863,108200.0,64.12999725341797,62.24895477294922,14.204730033874512,99.38999938964844,90.36160278320312
2026-01-20,10.239999771118164,119400.0,64.91999816894531,61.797874450683594,14.515853881835938,98.63999938964844,90.90450286865234
2026-01-21,10.069999694824219,68800.0,65.23999786376953,62.96876525878906,15.138099670410156,98.76000213623047,91.11840057373047
2026-01-22,10.0,51200.0,64.05999755859375,62.35452651977539,15.303384780883789,98.36000061035156,91.53690338134766
2026-01-23,10.359999656677246,26000.0,65.87999725341797,64.80187225341797,15.731179237365723,97.5999984741211,91.55829620361328
2026-01-26,10.979999542236328,127700.0,65.58999633789062,65.04180145263672,15.264493942260742,97.04000091552734,91.5009994506836
2026-01-27,11.260000228881836,86400.0,67.56999969482422,67.65230560302734,15.983967781066895,96.22000122070312,91.71309661865234
2026-01-28,11.010000228881836,59500.0,68.4000015258789,68.10338592529297,16.29509162902832,96.44999694824219,91.5343017578125
2026-01-29,11.479999542236328,82800.0,70.70999908447266,69.2646713256836,16.4700984954834,96.27999877929688,92.04080200195312
2026-01-30,11.529999732971191,84100.0,70.69000244140625,65.96316528320312,15.62423038482666,96.98999786376953,91.78189849853516
2026-02-02,11.199999809265137,184000.0,66.30000305175781,66.59658813476562,15.692288398742676,97.61000061035156,91.68699645996094
2026-02-03,10.550000190734863,125600.0,67.33000183105469,69.81172943115234,16.528432846069336,97.44000244140625,90.24559783935547
2026-02-04,10.850000381469727,30100.0,69.45999908447266,69.31266784667969,16.557601928710938,97.62000274658203,90.42289733886719
2026-02-05,10.710000038146973,32200.0,67.55000305175781,66.3182601928711,15.82840633392334,97.81999969482422,90.125
2026-02-06,10.649999618530273,22900.0,68.05000305175781,66.83653259277344,15.84784984588623,97.62999725341797,90.3147964477539
2026-02-09,10.949999809265137,128900.0,69.04000091552734,68.78480529785156,16.32425880432129,96.81999969482422,90.58799743652344
2026-02-10,11.180000305175781,135500.0,68.80000305175781,69.43743133544922,16.275644302368164,96.80000305175781,90.82279968261719
2026-02-11,11.4399995803833,64400.0,69.4000015258789,72.10551452636719,16.897891998291016,96.83000183105469,90.58789825439453
2026-02-12,11.300000190734863,44000.0,67.5199966430664,69.8309326171875,16.567323684692383,96.93000030517578,90.73570251464844
2026-02-13,11.489999771118164,29500.0,67.75,70.42597198486328,16.188140869140625,96.87999725341797,90.56410217285156
2026-02-17,11.680000305175781,110900.0,67.41999816894531,71.29933166503906,15.458946228027344,97.16000366210938,90.78299713134766
2026-02-18,11.760000228881836,85800.0,70.3499984741211,71.52967834472656,15.556172370910645,97.69999694824219,90.6261978149414
2026-02-19,11.65999984741211,55900.0,71.66000366210938,72.04793548583984,15.653398513793945,97.93000030517578,90.79350280761719
2026-02-20,11.729999542236328,89300.0,71.76000213623047,73.72748565673828,16.246477127075195,97.80000305175781,91.04109954833984
2026-02-23,11.770000457763672,90500.0,71.48999786376953,74.86958312988281,16.450653076171875,97.69999694824219,90.72660064697266
2026-02-24,11.869999885559082,79200.0,70.7699966430664,76.44355773925781,16.557601928710938,97.87999725341797,91.02010345458984
2026-02-25,11.680000305175781,74800.0,70.8499984741211,78.39183807373047,17.043731689453125,97.69999694824219,90.91799926757812
2026-02-26,11.90999984741211,52200.0,70.75,77.806396484375,16.829833984375,97.79000091552734,90.95099639892578
2026-02-27,12.069999694824219,61500.0,72.4800033569336,78.28626251220703,16.703439712524414,97.61000061035156,91.00740051269531
